evidence_id,glyph_id,recording,broadcast,source_video,ordinal,frame,time_s,source,provisional,reported_hamming,assigned_hamming,confidence,assignment_basis,verification_status,difference_cells,image,observed_fingerprint,canonical_fingerprint
e6c2-11-g001-f000621,2,E6C2-11,E6C2-11,E6C2-11.mp4,1,621,20.6997,ArchiveInvest manual,False,0,0,,matches corpus tag,matches repeated corpus observations,,evidence/e6c2-11/g001_f000621.jpg,010000000010000100000000010000000000000010100000000000010000000000000000010000001,010000000010000100000000010000000000000010100000000000010000000000000000010000001
e6c2-11-g002-f000626,37,E6C2-11,E6C2-11,E6C2-11.mp4,2,626,20.8586,ArchiveInvest manual,False,0,0,,matches corpus tag,single-source corpus entry; unverified,,evidence/e6c2-11/g002_f000626.jpg,000000000000000000010000010000000000000100000100101000010000000011000000000000000,000000000000000000010000010000000000000100000100101000010000000011000000000000000
e6c2-11-g003-f000630,4,E6C2-11,E6C2-11,E6C2-11.mp4,3,630,20.9919,ArchiveInvest manual,False,0,0,,matches corpus tag,matches repeated corpus observations,,evidence/e6c2-11/g003_f000630.jpg,000001001000000010000000000000010000000000000000000000010010000001000001000100000,000001001000000010000000000000010000000000000000000000010010000001000001000100000
e6c2-11-g004-f000634,5,E6C2-11,E6C2-11,E6C2-11.mp4,4,634,21.1253,ArchiveInvest manual,False,0,0,,matches corpus tag,matches repeated corpus observations,,evidence/e6c2-11/g004_f000634.jpg,100001000000000000000000000000000000000010000000000000010000000000000000000000000,100001000000000000000000000000000000000010000000000000010000000000000000000000000
e6c2-11-g005-f000640,6,E6C2-11,E6C2-11,E6C2-11.mp4,5,640,21.3253,ArchiveInvest manual,False,0,0,,matches corpus tag,matches repeated corpus observations,,evidence/e6c2-11/g005_f000640.jpg,000000000011000000000000000000000000000000100100001000010000000001000000010000000,000000000011000000000000000000000000000000100100001000010000000001000000010000000
e6c2-11-g006-f000646,7,E6C2-11,E6C2-11,E6C2-11.mp4,6,646,21.5253,ArchiveInvest manual,False,0,0,,matches corpus tag,matches repeated corpus observations,,evidence/e6c2-11/g006_f000646.jpg,001000001011000000100000000000000000000000000000000001010000000010000000000001000,001000001011000000100000000000000000000000000000000001010000000010000000000001000
e6c2-11-g007-f000652,8,E6C2-11,E6C2-11,E6C2-11.mp4,7,652,21.7253,ArchiveInvest manual,False,0,0,,matches corpus tag,matches repeated corpus observations,,evidence/e6c2-11/g007_f000652.jpg,000001001101000000100010001000000001000001000000000000000000000000000000000000001,000001001101000000100010001000000001000001000000000000000000000000000000000000001
e6c2-11-g008-f000658,9,E6C2-11,E6C2-11,E6C2-11.mp4,8,658,21.9253,ArchiveInvest manual,False,0,0,,matches corpus tag,matches repeated corpus observations,,evidence/e6c2-11/g008_f000658.jpg,000000010000000001000000000000000000000000000000000000000000000010000000001001000,000000010000000001000000000000000000000000000000000000000000000010000000001001000
e6c2-11-g009-f000664,10,E6C2-11,E6C2-11,E6C2-11.mp4,9,664,22.1253,ArchiveInvest manual,False,0,0,,matches corpus tag,matches repeated corpus observations,,evidence/e6c2-11/g009_f000664.jpg,000000000000000000010000010000000000000000000100000000000010001000000101001000000,000000000000000000010000010000000000000000000100000000000010001000000101001000000
e6c2-11-g010-f000670,11,E6C2-11,E6C2-11,E6C2-11.mp4,10,670,22.3253,ArchiveInvest manual,False,0,0,,matches corpus tag,matches repeated corpus observations,,evidence/e6c2-11/g010_f000670.jpg,100001000000000000000010000000000000000000000100010001000000000000000010100101000,100001000000000000000010000000000000000000000100010001000000000000000010100101000
e6c2-11-g011-f000676,12,E6C2-11,E6C2-11,E6C2-11.mp4,11,676,22.5253,ArchiveInvest manual,False,0,0,,matches corpus tag,matches repeated corpus observations,,evidence/e6c2-11/g011_f000676.jpg,010000001001000001000000010000000000000000000000000000000000001001000000000000010,010000001001000001000000010000000000000000000000000000000000001001000000000000010
e6c2-11-g012-f000682,13,E6C2-11,E6C2-11,E6C2-11.mp4,12,682,22.7252,ArchiveInvest manual,False,0,0,,matches corpus tag,matches repeated corpus observations,,evidence/e6c2-11/g012_f000682.jpg,001000000010000100010000001000010001000000000000000001000000010100000001100001101,001000000010000100010000001000010001000000000000000001000000010100000001100001101
e6c2-11-g013-f000688,14,E6C2-11,E6C2-11,E6C2-11.mp4,13,688,22.9252,ArchiveInvest manual,False,0,0,,matches corpus tag,matches repeated corpus observations,,evidence/e6c2-11/g013_f000688.jpg,100000010000000000000000000000000000001010100000001000000000010100000001000001000,100000010000000000000000000000000000001010100000001000000000010100000001000001000
e6c2-11-g014-f000694,15,E6C2-11,E6C2-11,E6C2-11.mp4,14,694,23.1252,ArchiveInvest manual,False,0,0,,matches corpus tag,matches repeated corpus observations,,evidence/e6c2-11/g014_f000694.jpg,000001000110000100000000000100110000000101000000000000000000000000000010000000001,000001000110000100000000000100110000000101000000000000000000000000000010000000001
e6c2-11-g015-f000700,16,E6C2-11,E6C2-11,E6C2-11.mp4,15,700,23.3252,ArchiveInvest manual,False,0,0,,matches corpus tag,matches repeated corpus observations,,evidence/e6c2-11/g015_f000700.jpg,001000001000000101000000011000100000000000100000000000000010010100000000000000010,001000001000000101000000011000100000000000100000000000000010010100000000000000010
e6c2-11-g016-f000706,17,E6C2-11,E6C2-11,E6C2-11.mp4,16,706,23.5252,ArchiveInvest manual,False,0,0,,matches corpus tag,matches repeated corpus observations,,evidence/e6c2-11/g016_f000706.jpg,000000000110000000000000000100001001000010000000100000100000000000000010000000000,000000000110000000000000000100001001000010000000100000100000000000000010000000000
e6c2-11-g017-f000712,18,E6C2-11,E6C2-11,E6C2-11.mp4,17,712,23.7252,ArchiveInvest manual,False,0,0,,matches corpus tag,matches repeated corpus observations,,evidence/e6c2-11/g017_f000712.jpg,000000000000000100000000010000110000000001000000001001000000000100000000001000100,000000000000000100000000010000110000000001000000001001000000000100000000001000100
e6c2-11-g018-f000719,19,E6C2-11,E6C2-11,E6C2-11.mp4,18,719,23.9586,ArchiveInvest manual,False,0,0,,matches corpus tag,matches repeated corpus observations,,evidence/e6c2-11/g018_f000719.jpg,001001000000000000000000010000000000000000000000000001100000000101000000000101000,001001000000000000000000010000000000000000000000000001100000000101000000000101000
e6c2-11-g019-f000723,20,E6C2-11,E6C2-11,E6C2-11.mp4,19,723,24.0919,ArchiveInvest manual,False,0,0,,matches corpus tag,matches repeated corpus observations,,evidence/e6c2-11/g019_f000723.jpg,000001000000000000000000000100000000000000000000011000010000010000000000000000000,000001000000000000000000000100000000000000000000011000010000010000000000000000000
e6c2-11-g020-f000729,21,E6C2-11,E6C2-11,E6C2-11.mp4,20,729,24.2919,ArchiveInvest manual,False,0,0,,matches corpus tag,matches repeated corpus observations,,evidence/e6c2-11/g020_f000729.jpg,001000000110000000110000000000000000000100000100000000000000000100000010000000100,001000000110000000110000000000000000000100000100000000000000000100000010000000100
e6c2-11-g021-f000736,22,E6C2-11,E6C2-11,E6C2-11.mp4,21,736,24.5252,ArchiveInvest manual,False,0,0,,matches corpus tag,matches repeated corpus observations,,evidence/e6c2-11/g021_f000736.jpg,000000000000000010000000000000010001000000000000100000110000000001000000000000100,000000000000000010000000000000010001000000000000100000110000000001000000000000100
e6c2-11-g022-f000742,23,E6C2-11,E6C2-11,E6C2-11.mp4,22,742,24.7252,ArchiveInvest manual,False,0,0,,matches corpus tag,matches repeated corpus observations,,evidence/e6c2-11/g022_f000742.jpg,000000000001000001000000010000100001001001000000000000000000001001000000000000000,000000000001000001000000010000100001001001000000000000000000001001000000000000000
e6c2-11-g023-f000748,24,E6C2-11,E6C2-11,E6C2-11.mp4,23,748,24.9252,ArchiveInvest manual,False,0,0,,matches corpus tag,matches repeated corpus observations,,evidence/e6c2-11/g023_f000748.jpg,000000000000000001000000000000100000000000000000000000000000000000000010000000001,000000000000000001000000000000100000000000000000000000000000000000000010000000001
e6c2-11-g024-f000754,25,E6C2-11,E6C2-11,E6C2-11.mp4,24,754,25.1252,ArchiveInvest manual,False,0,0,,matches corpus tag,matches repeated corpus observations,,evidence/e6c2-11/g024_f000754.jpg,001000000000000000100000010000010000000011000000000001000000001001000000001100100,001000000000000000100000010000010000000011000000000001000000001001000000001100100
e6c2-11-g025-f000760,26,E6C2-11,E6C2-11,E6C2-11.mp4,25,760,25.3252,ArchiveInvest manual,False,0,0,,matches corpus tag,matches repeated corpus observations,,evidence/e6c2-11/g025_f000760.jpg,000000011000000000000000000000000000001100000000000000000000010101000001000000000,000000011000000000000000000000000000001100000000000000000000010101000001000000000
e6c2-11-g026-f000766,27,E6C2-11,E6C2-11,E6C2-11.mp4,26,766,25.5252,ArchiveInvest manual,False,0,0,,matches corpus tag,matches repeated corpus observations,,evidence/e6c2-11/g026_f000766.jpg,101000000100000000010000000000000000000100100000000000110010010010000000001000000,101000000100000000010000000000000000000100100000000000110010010010000000001000000
e6c2-11-g027-f000772,28,E6C2-11,E6C2-11,E6C2-11.mp4,27,772,25.7252,ArchiveInvest manual,False,0,0,,matches corpus tag,matches repeated corpus observations,,evidence/e6c2-11/g027_f000772.jpg,000000000000000100000000001100100000000000000000000000100000001000000000010000000,000000000000000100000000001100100000000000000000000000100000001000000000010000000
e6c2-11-g028-f000778,29,E6C2-11,E6C2-11,E6C2-11.mp4,28,778,25.9252,ArchiveInvest manual,False,0,0,,matches corpus tag,matches repeated corpus observations,,evidence/e6c2-11/g028_f000778.jpg,010000100100000000000000000000000000001000000000000000000010000001000000000000000,010000100100000000000000000000000000001000000000000000000010000001000000000000000
e6c2-11-g029-f000784,30,E6C2-11,E6C2-11,E6C2-11.mp4,29,784,26.1252,ArchiveInvest manual,False,0,0,,matches corpus tag,matches repeated corpus observations,,evidence/e6c2-11/g029_f000784.jpg,000001000000000100010000000000100000000100000000000000000000000001000000001001010,000001000000000100010000000000100000000100000000000000000000000001000000001001010
e6c2-11-g030-f000790,31,E6C2-11,E6C2-11,E6C2-11.mp4,30,790,26.3252,ArchiveInvest manual,False,0,0,,matches corpus tag,matches repeated corpus observations,,evidence/e6c2-11/g030_f000790.jpg,000000000000000000000000010000011001000000000000000000000000000000000001001000000,000000000000000000000000010000011001000000000000000000000000000000000001001000000
e6c2-11-g031-f000795,32,E6C2-11,E6C2-11,E6C2-11.mp4,31,795,26.4919,ArchiveInvest manual,False,0,0,,matches corpus tag,matches repeated corpus observations,,evidence/e6c2-11/g031_f000795.jpg,100000000001000000000000010000000000000001000000010000010000000001000100011000101,100000000001000000000000010000000000000001000000010000010000000001000100011000101
e6c2-11-g032-f000801,33,E6C2-11,E6C2-11,E6C2-11.mp4,32,801,26.6919,ArchiveInvest manual,False,0,0,,matches corpus tag,matches repeated corpus observations,,evidence/e6c2-11/g032_f000801.jpg,001001010010000100010000001000100001000000000000010000000000000101000000001000000,001001010010000100010000001000100001000000000000010000000000000101000000001000000
e6c2-1k-g001-f000226,38,E6C2-1K,E6C2-1K,E6C2-1K zoomed.mp4,1,226,7.5364,ArchiveInvest manual,False,0,0,,matches corpus tag,matches repeated corpus observations,,evidence/e6c2-1k/g001_f000226.jpg,000000000000000000000000000000001000000010000000100001000000010001000000000000000,000000000000000000000000000000001000000010000000100001000000010001000000000000000
e6c2-1k-g002-f000227,39,E6C2-1K,E6C2-1K,E6C2-1K zoomed.mp4,2,227,7.5697,ArchiveInvest manual,False,0,0,,matches corpus tag,matches repeated corpus observations,,evidence/e6c2-1k/g002_f000227.jpg,000101000001000000010000000100000000000000100100000000000000000000000001000000001,000101000001000000010000000100000000000000100100000000000000000000000001000000001
e6c2-1k-g003-f000238,40,E6C2-1K,E6C2-1K,E6C2-1K zoomed.mp4,3,238,7.9364,ArchiveInvest manual,False,0,0,,matches corpus tag,matches repeated corpus observations,,evidence/e6c2-1k/g003_f000238.jpg,100000000000000001000000000000000000000001000100000000000000000010000000000001011,100000000000000001000000000000000000000001000100000000000000000010000000000001011
e6c2-1k-g004-f000244,41,E6C2-1K,E6C2-1K,E6C2-1K zoomed.mp4,4,244,8.1364,ArchiveInvest manual,False,0,0,,matches corpus tag,matches repeated corpus observations,,evidence/e6c2-1k/g004_f000244.jpg,000101000010000010010000001000000000001010000100000000000000000000000010000100001,000101000010000010010000001000000000001010000100000000000000000000000010000100001
e6c2-1k-g005-f000250,42,E6C2-1K,E6C2-1K,E6C2-1K zoomed.mp4,5,250,8.3363,ArchiveInvest manual,False,0,0,,matches corpus tag,matches repeated corpus observations,,evidence/e6c2-1k/g005_f000250.jpg,000000000101000010000000000100010000000000000000000001100000000000000000000100010,000000000101000010000000000100010000000000000000000001100000000000000000000100010
e6c2-1k-g006-f000251,43,E6C2-1K,E6C2-1K,E6C2-1K zoomed.mp4,6,251,8.3697,ArchiveInvest manual,False,0,0,,matches corpus tag,matches repeated corpus observations,,evidence/e6c2-1k/g006_f000251.jpg,100101000000000001100000011000100000001100000000010000000000011000000010000000011,100101000000000001100000011000100000001100000000010000000000011000000010000000011
e6c2-1k-g007-f000262,44,E6C2-1K,E6C2-1K,E6C2-1K zoomed.mp4,7,262,8.7363,ArchiveInvest manual,False,0,0,,matches corpus tag,matches repeated corpus observations,,evidence/e6c2-1k/g007_f000262.jpg,010001000110000000000000000000000000000000000000011000000000000010000000000000010,010001000110000000000000000000000000000000000000011000000000000010000000000000010
e6c2-1k-g008-f000264,45,E6C2-1K,E6C2-1K,E6C2-1K zoomed.mp4,8,264,8.803,ArchiveInvest manual,False,0,0,,matches corpus tag,matches repeated corpus observations,,evidence/e6c2-1k/g008_f000264.jpg,010000000000000100010000000100011001001001000000100000000000001000000000001000011,010000000000000100010000000100011001001001000000100000000000001000000000001000011
e6c2-1k-g009-f000270,46,E6C2-1K,E6C2-1K,E6C2-1K zoomed.mp4,9,270,9.003,ArchiveInvest manual,False,0,0,,matches corpus tag,matches repeated corpus observations,,evidence/e6c2-1k/g009_f000270.jpg,000000101100000110000000000000000000000100000000100001000000011000000000000000010,000000101100000110000000000000000000000100000000100001000000011000000000000000010
e6c2-1k-g010-f000275,47,E6C2-1K,E6C2-1K,E6C2-1K zoomed.mp4,10,275,9.1696,ArchiveInvest manual,False,0,0,,matches corpus tag,matches repeated corpus observations,,evidence/e6c2-1k/g010_f000275.jpg,000001000011000010000000010100000000001100000000000000000010000000000001000000001,000001000011000010000000010100000000001100000000000000000010000000000001000000001
e6c2-1k-g011-f000281,48,E6C2-1K,E6C2-1K,E6C2-1K zoomed.mp4,11,281,9.3696,ArchiveInvest manual,False,0,0,,matches corpus tag,matches repeated corpus observations,,evidence/e6c2-1k/g011_f000281.jpg,011000000000000000000010000000101000001010000000000000000000001010000000000000000,011000000000000000000010000000101000001010000000000000000000001010000000000000000
e6c2-1k-g012-f000287,49,E6C2-1K,E6C2-1K,E6C2-1K zoomed.mp4,12,287,9.5696,ArchiveInvest manual,False,0,0,,matches corpus tag,matches repeated corpus observations,,evidence/e6c2-1k/g012_f000287.jpg,001000000000000000100000011000101000000000000000000000100000000100000101000100000,001000000000000000100000011000101000000000000000000000100000000100000101000100000
e6c2-1k-g013-f000293,50,E6C2-1K,E6C2-1K,E6C2-1K zoomed.mp4,13,293,9.7696,ArchiveInvest manual,False,0,0,,matches corpus tag,matches repeated corpus observations,,evidence/e6c2-1k/g013_f000293.jpg,000000001100000010000000000100010000000000000000000000000000000000000000000000000,000000001100000010000000000100010000000000000000000000000000000000000000000000000
e6c2-1k-g014-f000299,51,E6C2-1K,E6C2-1K,E6C2-1K zoomed.mp4,14,299,9.9696,ArchiveInvest manual,False,0,0,,matches corpus tag,matches repeated corpus observations,,evidence/e6c2-1k/g014_f000299.jpg,000000000001000000010000000000000000000100000000000000000000000001000000000001000,000000000001000000010000000000000000000100000000000000000000000001000000000001000
e6c2-1k-g015-f000305,52,E6C2-1K,E6C2-1K,E6C2-1K zoomed.mp4,15,305,10.1696,ArchiveInvest manual,False,0,0,,matches corpus tag,matches repeated corpus observations,,evidence/e6c2-1k/g015_f000305.jpg,100000100001000000000000000000010000001000000000001000000000000100000000010100001,100000100001000000000000000000010000001000000000001000000000000100000000010100001
e6c2-1k-g016-f000310,53,E6C2-1K,E6C2-1K,E6C2-1K zoomed.mp4,16,310,10.3363,ArchiveInvest manual,False,0,0,,matches corpus tag,matches repeated corpus observations,,evidence/e6c2-1k/g016_f000310.jpg,001000000001000000100000010100000000000000000000000000100000000001000000000000000,001000000001000000100000010100000000000000000000000000100000000001000000000000000
e6c2-1k-g017-f000317,54,E6C2-1K,E6C2-1K,E6C2-1K zoomed.mp4,17,317,10.5696,ArchiveInvest manual,False,0,0,,matches corpus tag,matches repeated corpus observations,,evidence/e6c2-1k/g017_f000317.jpg,000001000010000000000000010000100000001000000000100000010000000000000010001000111,000001000010000000000000010000100000001000000000100000010000000000000010001000111
e6c2-1k-g018-f000323,55,E6C2-1K,E6C2-1K,E6C2-1K zoomed.mp4,18,323,10.7696,ArchiveInvest manual,False,0,0,,matches corpus tag,matches repeated corpus observations,,evidence/e6c2-1k/g018_f000323.jpg,000000000000000000000000001100010000000000000000000000000000000000000000011000100,000000000000000000000000001100010000000000000000000000000000000000000000011000100
e6c2-1k-g019-f000329,56,E6C2-1K,E6C2-1K,E6C2-1K zoomed.mp4,19,329,10.9696,ArchiveInvest manual,False,0,0,,matches corpus tag,matches repeated corpus observations,,evidence/e6c2-1k/g019_f000329.jpg,000000100000000001100000001000000000000100000000000000100000000010000000001000000,000000100000000001100000001000000000000100000000000000100000000010000000001000000
e6c2-1k-g020-f000335,57,E6C2-1K,E6C2-1K,E6C2-1K zoomed.mp4,20,335,11.1696,ArchiveInvest manual,False,0,0,,matches corpus tag,matches repeated corpus observations,,evidence/e6c2-1k/g020_f000335.jpg,010000000101000000000000000000001000000010000000000001000000000001000010000000000,010000000101000000000000000000001000000010000000000001000000000001000010000000000
e6c2-1k-g021-f000342,58,E6C2-1K,E6C2-1K,E6C2-1K zoomed.mp4,21,342,11.403,ArchiveInvest manual,False,0,0,,matches corpus tag,matches repeated corpus observations,,evidence/e6c2-1k/g021_f000342.jpg,001001000000000001000000000000110000000000000100010000000000000000000000000000011,001001000000000001000000000000110000000000000100010000000000000000000000000000011
e6c2-1k-g022-f000347,59,E6C2-1K,E6C2-1K,E6C2-1K zoomed.mp4,22,347,11.5696,ArchiveInvest manual,False,0,0,,matches corpus tag,matches repeated corpus observations,,evidence/e6c2-1k/g022_f000347.jpg,001000000001000010000000001000000000000000100000000000000000000000000000000000000,001000000001000010000000001000000000000000100000000000000000000000000000000000000
e6c2-1k-g023-f000354,60,E6C2-1K,E6C2-1K,E6C2-1K zoomed.mp4,23,354,11.8029,ArchiveInvest manual,False,0,0,,matches corpus tag,matches repeated corpus observations,,evidence/e6c2-1k/g023_f000354.jpg,000000000000000001000000000100110000000000000000010000100000010000000000000001010,000000000000000001000000000100110000000000000000010000100000010000000000000001010
e6c2-1k-g024-f000359,61,E6C2-1K,E6C2-1K,E6C2-1K zoomed.mp4,24,359,11.9696,ArchiveInvest manual,False,0,0,,matches corpus tag,matches repeated corpus observations,,evidence/e6c2-1k/g024_f000359.jpg,000100100000000000000000000000101000000010000000000000000010000100000000001000100,000100100000000000000000000000101000000010000000000000000010000100000000001000100
e6c2-1k-g025-f000365,62,E6C2-1K,E6C2-1K,E6C2-1K zoomed.mp4,25,365,12.1696,ArchiveInvest manual,False,0,0,,matches corpus tag,matches repeated corpus observations,,evidence/e6c2-1k/g025_f000365.jpg,000100101000000000010010000000001000001010100100100000000000010000000000000000010,000100101000000000010010000000001000001010100100100000000000010000000000000000010
e6c2-1k-g026-f000372,63,E6C2-1K,E6C2-1K,E6C2-1K zoomed.mp4,26,372,12.4029,ArchiveInvest manual,False,0,0,,matches corpus tag,matches repeated corpus observations,,evidence/e6c2-1k/g026_f000372.jpg,000100000010000000010010001000010000000001000000010000000000000000000000110000001,000100000010000000010010001000010000000001000000010000000000000000000000110000001
e6c2-1k-g027-f000376,64,E6C2-1K,E6C2-1K,E6C2-1K zoomed.mp4,27,376,12.5363,ArchiveInvest manual,False,0,0,,matches corpus tag,matches repeated corpus observations,,evidence/e6c2-1k/g027_f000376.jpg,000000100000000000000000000100100000000000100000000000000010010000000101010000100,000000100000000000000000000100100000000000100000000000000010010000000101010000100
e6c2-1k-g028-f000382,65,E6C2-1K,E6C2-1K,E6C2-1K zoomed.mp4,28,382,12.7363,ArchiveInvest manual,False,0,0,,matches corpus tag,matches repeated corpus observations,,evidence/e6c2-1k/g028_f000382.jpg,000000000000000001100000001000001000000000100000100000000000000000000010001100000,000000000000000001100000001000001000000000100000100000000000000000000010001100000
e6c2-1k-g029-f000389,66,E6C2-1K,E6C2-1K,E6C2-1K zoomed.mp4,29,389,12.9696,ArchiveInvest manual,False,0,0,,matches corpus tag,matches repeated corpus observations,,evidence/e6c2-1k/g029_f000389.jpg,000001100101000001000000000000010000001000000000001000000000000010000001000000010,000001100101000001000000000000010000001000000000001000000000000010000001000000010
e6c2-1k-g030-f000396,67,E6C2-1K,E6C2-1K,E6C2-1K zoomed.mp4,30,396,13.2029,ArchiveInvest manual,False,0,0,,matches corpus tag,matches repeated corpus observations,,evidence/e6c2-1k/g030_f000396.jpg,000000000000000000000000000000010000000000000100000000000000000000000000000000000,000000000000000000000000000000010000000000000100000000000000000000000000000000000
e6c2-1n-g001-f000701,1,E6C2-1N,E6C2-1N,E6C2-1N.mp4,1,701,23.3813,ArchiveInvest manual,False,0,0,,matches corpus tag,matches repeated corpus observations,,evidence/e6c2-1n/g001_f000701.jpg,000100110100000101000010000000100000000100000000000000100000000001000010001000010,000100110100000101000010000000100000000100000000000000100000000001000010001000010
e6c2-1n-g002-f000708,3,E6C2-1N,E6C2-1N,E6C2-1N.mp4,2,708,23.6146,ArchiveInvest manual,False,0,0,,matches corpus tag,matches repeated corpus observations,,evidence/e6c2-1n/g002_f000708.jpg,000000000000000000010000010000000000000100000100101001010000000011000000000000001,000000000000000000010000010000000000000100000100101001010000000011000000000000001
e6c2-1n-g003-f000713,4,E6C2-1N,E6C2-1N,E6C2-1N.mp4,3,713,23.7812,ArchiveInvest manual,False,0,0,,matches corpus tag,matches repeated corpus observations,,evidence/e6c2-1n/g003_f000713.jpg,000001001000000010000000000000010000000000000000000000010010000001000001000100000,000001001000000010000000000000010000000000000000000000010010000001000001000100000
e6c2-1n-g004-f000719,5,E6C2-1N,E6C2-1N,E6C2-1N.mp4,4,719,23.9812,ArchiveInvest manual,False,0,0,,matches corpus tag,matches repeated corpus observations,,evidence/e6c2-1n/g004_f000719.jpg,100001000000000000000000000000000000000010000000000000010000000000000000000000000,100001000000000000000000000000000000000010000000000000010000000000000000000000000
e6c2-1n-g005-f000725,6,E6C2-1N,E6C2-1N,E6C2-1N.mp4,5,725,24.1812,ArchiveInvest manual,False,0,0,,matches corpus tag,matches repeated corpus observations,,evidence/e6c2-1n/g005_f000725.jpg,000000000011000000000000000000000000000000100100001000010000000001000000010000000,000000000011000000000000000000000000000000100100001000010000000001000000010000000
e6c2-1n-g006-f000731,7,E6C2-1N,E6C2-1N,E6C2-1N.mp4,6,731,24.3812,ArchiveInvest manual,False,0,0,,matches corpus tag,matches repeated corpus observations,,evidence/e6c2-1n/g006_f000731.jpg,001000001011000000100000000000000000000000000000000001010000000010000000000001000,001000001011000000100000000000000000000000000000000001010000000010000000000001000
e6c2-1n-g007-f000737,8,E6C2-1N,E6C2-1N,E6C2-1N.mp4,7,737,24.5812,ArchiveInvest manual,False,0,0,,matches corpus tag,matches repeated corpus observations,,evidence/e6c2-1n/g007_f000737.jpg,000001001101000000100010001000000001000001000000000000000000000000000000000000001,000001001101000000100010001000000001000001000000000000000000000000000000000000001
e6c2-1n-g008-f000743,9,E6C2-1N,E6C2-1N,E6C2-1N.mp4,8,743,24.7812,ArchiveInvest manual,False,0,0,,matches corpus tag,matches repeated corpus observations,,evidence/e6c2-1n/g008_f000743.jpg,000000010000000001000000000000000000000000000000000000000000000010000000001001000,000000010000000001000000000000000000000000000000000000000000000010000000001001000
e6c2-1n-g009-f000749,10,E6C2-1N,E6C2-1N,E6C2-1N.mp4,9,749,24.9812,ArchiveInvest manual,False,0,0,,matches corpus tag,matches repeated corpus observations,,evidence/e6c2-1n/g009_f000749.jpg,000000000000000000010000010000000000000000000100000000000010001000000101001000000,000000000000000000010000010000000000000000000100000000000010001000000101001000000
e6c2-1n-g010-f000755,11,E6C2-1N,E6C2-1N,E6C2-1N.mp4,10,755,25.1812,ArchiveInvest manual,False,0,0,,matches corpus tag,matches repeated corpus observations,,evidence/e6c2-1n/g010_f000755.jpg,100001000000000000000010000000000000000000000100010001000000000000000010100101000,100001000000000000000010000000000000000000000100010001000000000000000010100101000
e6c2-1n-g011-f000761,12,E6C2-1N,E6C2-1N,E6C2-1N.mp4,11,761,25.3812,ArchiveInvest manual,False,0,0,,matches corpus tag,matches repeated corpus observations,,evidence/e6c2-1n/g011_f000761.jpg,010000001001000001000000010000000000000000000000000000000000001001000000000000010,010000001001000001000000010000000000000000000000000000000000001001000000000000010
e6c2-1n-g012-f000767,13,E6C2-1N,E6C2-1N,E6C2-1N.mp4,12,767,25.5812,ArchiveInvest manual,False,0,0,,matches corpus tag,matches repeated corpus observations,,evidence/e6c2-1n/g012_f000767.jpg,001000000010000100010000001000010001000000000000000001000000010100000001100001101,001000000010000100010000001000010001000000000000000001000000010100000001100001101
e6c2-1n-g013-f000773,14,E6C2-1N,E6C2-1N,E6C2-1N.mp4,13,773,25.7812,ArchiveInvest manual,False,0,0,,matches corpus tag,matches repeated corpus observations,,evidence/e6c2-1n/g013_f000773.jpg,100000010000000000000000000000000000001010100000001000000000010100000001000001000,100000010000000000000000000000000000001010100000001000000000010100000001000001000
e6c2-1n-g014-f000779,15,E6C2-1N,E6C2-1N,E6C2-1N.mp4,14,779,25.9812,ArchiveInvest manual,False,0,0,,matches corpus tag,matches repeated corpus observations,,evidence/e6c2-1n/g014_f000779.jpg,000001000110000100000000000100110000000101000000000000000000000000000010000000001,000001000110000100000000000100110000000101000000000000000000000000000010000000001
e6c2-1n-g015-f000786,16,E6C2-1N,E6C2-1N,E6C2-1N.mp4,15,786,26.2146,ArchiveInvest manual,False,0,0,,matches corpus tag,matches repeated corpus observations,,evidence/e6c2-1n/g015_f000786.jpg,001000001000000101000000011000100000000000100000000000000010010100000000000000010,001000001000000101000000011000100000000000100000000000000010010100000000000000010
e6c2-1n-g016-f000791,17,E6C2-1N,E6C2-1N,E6C2-1N.mp4,16,791,26.3812,ArchiveInvest manual,False,0,0,,matches corpus tag,matches repeated corpus observations,,evidence/e6c2-1n/g016_f000791.jpg,000000000110000000000000000100001001000010000000100000100000000000000010000000000,000000000110000000000000000100001001000010000000100000100000000000000010000000000
e6c2-1n-g017-f000797,18,E6C2-1N,E6C2-1N,E6C2-1N.mp4,17,797,26.5812,ArchiveInvest manual,False,0,0,,matches corpus tag,matches repeated corpus observations,,evidence/e6c2-1n/g017_f000797.jpg,000000000000000100000000010000110000000001000000001001000000000100000000001000100,000000000000000100000000010000110000000001000000001001000000000100000000001000100
e6c2-1n-g018-f000803,19,E6C2-1N,E6C2-1N,E6C2-1N.mp4,18,803,26.7812,ArchiveInvest manual,False,0,0,,matches corpus tag,matches repeated corpus observations,,evidence/e6c2-1n/g018_f000803.jpg,001001000000000000000000010000000000000000000000000001100000000101000000000101000,001001000000000000000000010000000000000000000000000001100000000101000000000101000
e6c2-1n-g019-f000809,20,E6C2-1N,E6C2-1N,E6C2-1N.mp4,19,809,26.9812,ArchiveInvest manual,False,0,0,,matches corpus tag,matches repeated corpus observations,,evidence/e6c2-1n/g019_f000809.jpg,000001000000000000000000000100000000000000000000011000010000010000000000000000000,000001000000000000000000000100000000000000000000011000010000010000000000000000000
e6c2-1n-g020-f000815,21,E6C2-1N,E6C2-1N,E6C2-1N.mp4,20,815,27.1812,ArchiveInvest manual,False,0,0,,matches corpus tag,matches repeated corpus observations,,evidence/e6c2-1n/g020_f000815.jpg,001000000110000000110000000000000000000100000100000000000000000100000010000000100,001000000110000000110000000000000000000100000100000000000000000100000010000000100
e6c2-1n-g021-f000821,22,E6C2-1N,E6C2-1N,E6C2-1N.mp4,21,821,27.3812,ArchiveInvest manual,False,0,0,,matches corpus tag,matches repeated corpus observations,,evidence/e6c2-1n/g021_f000821.jpg,000000000000000010000000000000010001000000000000100000110000000001000000000000100,000000000000000010000000000000010001000000000000100000110000000001000000000000100
e6c2-1n-g022-f000827,23,E6C2-1N,E6C2-1N,E6C2-1N.mp4,22,827,27.5812,ArchiveInvest manual,False,0,0,,matches corpus tag,matches repeated corpus observations,,evidence/e6c2-1n/g022_f000827.jpg,000000000001000001000000010000100001001001000000000000000000001001000000000000000,000000000001000001000000010000100001001001000000000000000000001001000000000000000
e6c2-1n-g023-f000833,24,E6C2-1N,E6C2-1N,E6C2-1N.mp4,23,833,27.7812,ArchiveInvest manual,False,0,0,,matches corpus tag,matches repeated corpus observations,,evidence/e6c2-1n/g023_f000833.jpg,000000000000000001000000000000100000000000000000000000000000000000000010000000001,000000000000000001000000000000100000000000000000000000000000000000000010000000001
e6c2-1n-g024-f000839,25,E6C2-1N,E6C2-1N,E6C2-1N.mp4,24,839,27.9812,ArchiveInvest manual,False,0,0,,matches corpus tag,matches repeated corpus observations,,evidence/e6c2-1n/g024_f000839.jpg,001000000000000000100000010000010000000011000000000001000000001001000000001100100,001000000000000000100000010000010000000011000000000001000000001001000000001100100
e6c2-1n-g025-f000845,26,E6C2-1N,E6C2-1N,E6C2-1N.mp4,25,845,28.1812,ArchiveInvest manual,False,0,0,,matches corpus tag,matches repeated corpus observations,,evidence/e6c2-1n/g025_f000845.jpg,000000011000000000000000000000000000001100000000000000000000010101000001000000000,000000011000000000000000000000000000001100000000000000000000010101000001000000000
e6c2-1n-g026-f000851,27,E6C2-1N,E6C2-1N,E6C2-1N.mp4,26,851,28.3812,ArchiveInvest manual,False,0,0,,matches corpus tag,matches repeated corpus observations,,evidence/e6c2-1n/g026_f000851.jpg,101000000100000000010000000000000000000100100000000000110010010010000000001000000,101000000100000000010000000000000000000100100000000000110010010010000000001000000
e6c2-1n-g027-f000857,28,E6C2-1N,E6C2-1N,E6C2-1N.mp4,27,857,28.5812,ArchiveInvest manual,False,0,0,,matches corpus tag,matches repeated corpus observations,,evidence/e6c2-1n/g027_f000857.jpg,000000000000000100000000001100100000000000000000000000100000001000000000010000000,000000000000000100000000001100100000000000000000000000100000001000000000010000000
e6c2-1n-g028-f000863,29,E6C2-1N,E6C2-1N,E6C2-1N.mp4,28,863,28.7812,ArchiveInvest manual,False,0,0,,matches corpus tag,matches repeated corpus observations,,evidence/e6c2-1n/g028_f000863.jpg,010000100100000000000000000000000000001000000000000000000010000001000000000000000,010000100100000000000000000000000000001000000000000000000010000001000000000000000
e6c2-1n-g029-f000869,30,E6C2-1N,E6C2-1N,E6C2-1N.mp4,29,869,28.9812,ArchiveInvest manual,False,0,0,,matches corpus tag,matches repeated corpus observations,,evidence/e6c2-1n/g029_f000869.jpg,000001000000000100010000000000100000000100000000000000000000000001000000001001010,000001000000000100010000000000100000000100000000000000000000000001000000001001010
e6c2-n-g001-f000880,1,E6C2-N,E6C2-N,E6C2-N.mp4,1,880,29.3219,ArchiveInvest manual,False,0,0,,matches corpus tag,matches repeated corpus observations,,evidence/e6c2-n/g001_f000880.jpg,000100110100000101000010000000100000000100000000000000100000000001000010001000010,000100110100000101000010000000100000000100000000000000100000000001000010001000010
e6c2-n-g002-f000886,2,E6C2-N,E6C2-N,E6C2-N.mp4,2,886,29.5218,ArchiveInvest manual,False,0,0,,matches corpus tag,matches repeated corpus observations,,evidence/e6c2-n/g002_f000886.jpg,010000000010000100000000010000000000000010100000000000010000000000000000010000001,010000000010000100000000010000000000000010100000000000010000000000000000010000001
e6c2-n-g003-f000892,3,E6C2-N,E6C2-N,E6C2-N.mp4,3,892,29.7218,ArchiveInvest manual,False,0,0,,matches corpus tag,matches repeated corpus observations,,evidence/e6c2-n/g003_f000892.jpg,000000000000000000010000010000000000000100000100101001010000000011000000000000001,000000000000000000010000010000000000000100000100101001010000000011000000000000001
e6c2-n-g004-f000896,4,E6C2-N,E6C2-N,E6C2-N.mp4,4,896,29.8551,ArchiveInvest manual,False,0,0,,matches corpus tag,matches repeated corpus observations,,evidence/e6c2-n/g004_f000896.jpg,000001001000000010000000000000010000000000000000000000010010000001000001000100000,000001001000000010000000000000010000000000000000000000010010000001000001000100000
e6c2-n-g005-f000899,5,E6C2-N,E6C2-N,E6C2-N.mp4,5,899,29.9551,ArchiveInvest manual,False,0,0,,matches corpus tag,matches repeated corpus observations,,evidence/e6c2-n/g005_f000899.jpg,100001000000000000000000000000000000000010000000000000010000000000000000000000000,100001000000000000000000000000000000000010000000000000010000000000000000000000000
e6c2-n-g006-f000905,6,E6C2-N,E6C2-N,E6C2-N.mp4,6,905,30.1551,ArchiveInvest manual,False,0,0,,matches corpus tag,matches repeated corpus observations,,evidence/e6c2-n/g006_f000905.jpg,000000000011000000000000000000000000000000100100001000010000000001000000010000000,000000000011000000000000000000000000000000100100001000010000000001000000010000000
e6c2-n-g007-f000911,7,E6C2-N,E6C2-N,E6C2-N.mp4,7,911,30.3551,ArchiveInvest manual,False,0,0,,matches corpus tag,matches repeated corpus observations,,evidence/e6c2-n/g007_f000911.jpg,001000001011000000100000000000000000000000000000000001010000000010000000000001000,001000001011000000100000000000000000000000000000000001010000000010000000000001000
e6c2-n-g008-f000917,8,E6C2-N,E6C2-N,E6C2-N.mp4,8,917,30.5551,ArchiveInvest manual,False,0,0,,matches corpus tag,matches repeated corpus observations,,evidence/e6c2-n/g008_f000917.jpg,000001001101000000100010001000000001000001000000000000000000000000000000000000001,000001001101000000100010001000000001000001000000000000000000000000000000000000001
e6c2-n-g009-f000923,9,E6C2-N,E6C2-N,E6C2-N.mp4,9,923,30.7551,ArchiveInvest manual,False,0,0,,matches corpus tag,matches repeated corpus observations,,evidence/e6c2-n/g009_f000923.jpg,000000010000000001000000000000000000000000000000000000000000000010000000001001000,000000010000000001000000000000000000000000000000000000000000000010000000001001000
e6c2-n-g010-f000929,10,E6C2-N,E6C2-N,E6C2-N.mp4,10,929,30.9551,ArchiveInvest manual,False,0,0,,matches corpus tag,matches repeated corpus observations,,evidence/e6c2-n/g010_f000929.jpg,000000000000000000010000010000000000000000000100000000000010001000000101001000000,000000000000000000010000010000000000000000000100000000000010001000000101001000000
e6c2-n-g011-f000935,11,E6C2-N,E6C2-N,E6C2-N.mp4,11,935,31.1551,ArchiveInvest manual,False,0,0,,matches corpus tag,matches repeated corpus observations,,evidence/e6c2-n/g011_f000935.jpg,100001000000000000000010000000000000000000000100010001000000000000000010100101000,100001000000000000000010000000000000000000000100010001000000000000000010100101000
e6c2-n-g012-f000941,12,E6C2-N,E6C2-N,E6C2-N.mp4,12,941,31.3551,ArchiveInvest manual,False,0,0,,matches corpus tag,matches repeated corpus observations,,evidence/e6c2-n/g012_f000941.jpg,010000001001000001000000010000000000000000000000000000000000001001000000000000010,010000001001000001000000010000000000000000000000000000000000001001000000000000010
e6c2-n-g013-f000947,13,E6C2-N,E6C2-N,E6C2-N.mp4,13,947,31.5551,ArchiveInvest manual,False,0,0,,matches corpus tag,matches repeated corpus observations,,evidence/e6c2-n/g013_f000947.jpg,001000000010000100010000001000010001000000000000000001000000010100000001100001101,001000000010000100010000001000010001000000000000000001000000010100000001100001101
e6c2-n-g014-f000953,14,E6C2-N,E6C2-N,E6C2-N.mp4,14,953,31.7551,ArchiveInvest manual,False,0,0,,matches corpus tag,matches repeated corpus observations,,evidence/e6c2-n/g014_f000953.jpg,100000010000000000000000000000000000001010100000001000000000010100000001000001000,100000010000000000000000000000000000001010100000001000000000010100000001000001000
e6c2-n-g015-f000959,15,E6C2-N,E6C2-N,E6C2-N.mp4,15,959,31.9551,ArchiveInvest manual,False,0,0,,matches corpus tag,matches repeated corpus observations,,evidence/e6c2-n/g015_f000959.jpg,000001000110000100000000000100110000000101000000000000000000000000000010000000001,000001000110000100000000000100110000000101000000000000000000000000000010000000001
e6c2-n-g016-f000965,16,E6C2-N,E6C2-N,E6C2-N.mp4,16,965,32.1551,ArchiveInvest manual,False,0,0,,matches corpus tag,matches repeated corpus observations,,evidence/e6c2-n/g016_f000965.jpg,001000001000000101000000011000100000000000100000000000000010010100000000000000010,001000001000000101000000011000100000000000100000000000000010010100000000000000010
e6c2-n-g017-f000971,17,E6C2-N,E6C2-N,E6C2-N.mp4,17,971,32.3551,ArchiveInvest manual,False,0,0,,matches corpus tag,matches repeated corpus observations,,evidence/e6c2-n/g017_f000971.jpg,000000000110000000000000000100001001000010000000100000100000000000000010000000000,000000000110000000000000000100001001000010000000100000100000000000000010000000000
e6c2-n-g018-f000977,18,E6C2-N,E6C2-N,E6C2-N.mp4,18,977,32.5551,ArchiveInvest manual,False,0,0,,matches corpus tag,matches repeated corpus observations,,evidence/e6c2-n/g018_f000977.jpg,000000000000000100000000010000110000000001000000001001000000000100000000001000100,000000000000000100000000010000110000000001000000001001000000000100000000001000100
e6c2-n-g019-f000986,19,E6C2-N,E6C2-N,E6C2-N.mp4,19,986,32.8551,ArchiveInvest manual,False,0,0,,matches corpus tag,matches repeated corpus observations,,evidence/e6c2-n/g019_f000986.jpg,001001000000000000000000010000000000000000000000000001100000000101000000000101000,001001000000000000000000010000000000000000000000000001100000000101000000000101000
e6c2-n-g020-f000989,20,E6C2-N,E6C2-N,E6C2-N.mp4,20,989,32.9551,ArchiveInvest manual,False,0,0,,matches corpus tag,matches repeated corpus observations,,evidence/e6c2-n/g020_f000989.jpg,000001000000000000000000000100000000000000000000011000010000010000000000000000000,000001000000000000000000000100000000000000000000011000010000010000000000000000000
e6c2-n-g021-f000995,21,E6C2-N,E6C2-N,E6C2-N.mp4,21,995,33.1551,ArchiveInvest manual,False,0,0,,matches corpus tag,matches repeated corpus observations,,evidence/e6c2-n/g021_f000995.jpg,001000000110000000110000000000000000000100000100000000000000000100000010000000100,001000000110000000110000000000000000000100000100000000000000000100000010000000100
e6c2-n-g022-f001001,22,E6C2-N,E6C2-N,E6C2-N.mp4,22,1001,33.3551,ArchiveInvest manual,False,0,0,,matches corpus tag,matches repeated corpus observations,,evidence/e6c2-n/g022_f001001.jpg,000000000000000010000000000000010001000000000000100000110000000001000000000000100,000000000000000010000000000000010001000000000000100000110000000001000000000000100
e6c2-n-g023-f001007,23,E6C2-N,E6C2-N,E6C2-N.mp4,23,1007,33.5551,ArchiveInvest manual,False,0,0,,matches corpus tag,matches repeated corpus observations,,evidence/e6c2-n/g023_f001007.jpg,000000000001000001000000010000100001001001000000000000000000001001000000000000000,000000000001000001000000010000100001001001000000000000000000001001000000000000000
e6c2-n-g024-f001013,24,E6C2-N,E6C2-N,E6C2-N.mp4,24,1013,33.7551,ArchiveInvest manual,False,0,0,,matches corpus tag,matches repeated corpus observations,,evidence/e6c2-n/g024_f001013.jpg,000000000000000001000000000000100000000000000000000000000000000000000010000000001,000000000000000001000000000000100000000000000000000000000000000000000010000000001
e6c2-n-g025-f001019,25,E6C2-N,E6C2-N,E6C2-N.mp4,25,1019,33.9551,ArchiveInvest manual,False,0,0,,matches corpus tag,matches repeated corpus observations,,evidence/e6c2-n/g025_f001019.jpg,001000000000000000100000010000010000000011000000000001000000001001000000001100100,001000000000000000100000010000010000000011000000000001000000001001000000001100100
e6c2-n-g026-f001026,26,E6C2-N,E6C2-N,E6C2-N.mp4,26,1026,34.1884,ArchiveInvest manual,False,0,0,,matches corpus tag,matches repeated corpus observations,,evidence/e6c2-n/g026_f001026.jpg,000000011000000000000000000000000000001100000000000000000000010101000001000000000,000000011000000000000000000000000000001100000000000000000000010101000001000000000
e6c2-n-g027-f001031,27,E6C2-N,E6C2-N,E6C2-N.mp4,27,1031,34.3551,ArchiveInvest manual,False,0,0,,matches corpus tag,matches repeated corpus observations,,evidence/e6c2-n/g027_f001031.jpg,101000000100000000010000000000000000000100100000000000110010010010000000001000000,101000000100000000010000000000000000000100100000000000110010010010000000001000000
e6c2-n-g028-f001037,28,E6C2-N,E6C2-N,E6C2-N.mp4,28,1037,34.5551,ArchiveInvest manual,False,0,0,,matches corpus tag,matches repeated corpus observations,,evidence/e6c2-n/g028_f001037.jpg,000000000000000100000000001100100000000000000000000000100000001000000000010000000,000000000000000100000000001100100000000000000000000000100000001000000000010000000
e6c2-n-g029-f001043,29,E6C2-N,E6C2-N,E6C2-N.mp4,29,1043,34.7551,ArchiveInvest manual,False,0,0,,matches corpus tag,matches repeated corpus observations,,evidence/e6c2-n/g029_f001043.jpg,010000100100000000000000000000000000001000000000000000000010000001000000000000000,010000100100000000000000000000000000001000000000000000000010000001000000000000000
e6c2-n-g030-f001049,30,E6C2-N,E6C2-N,E6C2-N.mp4,30,1049,34.9551,ArchiveInvest manual,False,0,0,,matches corpus tag,matches repeated corpus observations,,evidence/e6c2-n/g030_f001049.jpg,000001000000000100010000000000100000000100000000000000000000000001000000001001010,000001000000000100010000000000100000000100000000000000000000000001000000001001010
e6c2-n-g031-f001055,31,E6C2-N,E6C2-N,E6C2-N.mp4,31,1055,35.1551,ArchiveInvest manual,False,0,0,,matches corpus tag,matches repeated corpus observations,,evidence/e6c2-n/g031_f001055.jpg,000000000000000000000000010000011001000000000000000000000000000000000001001000000,000000000000000000000000010000011001000000000000000000000000000000000001001000000
e6c2-n-g032-f001061,32,E6C2-N,E6C2-N,E6C2-N.mp4,32,1061,35.3551,ArchiveInvest manual,False,0,0,,matches corpus tag,matches repeated corpus observations,,evidence/e6c2-n/g032_f001061.jpg,100000000001000000000000010000000000000001000000010000010000000001000100011000101,100000000001000000000000010000000000000001000000010000010000000001000100011000101
e6c2-n-g033-f001067,33,E6C2-N,E6C2-N,E6C2-N.mp4,33,1067,35.5551,ArchiveInvest manual,False,0,0,,matches corpus tag,matches repeated corpus observations,,evidence/e6c2-n/g033_f001067.jpg,001001010010000100010000001000100001000000000000010000000000000101000000001000000,001001010010000100010000001000100001000000000000010000000000000101000000001000000
e6c2-n-g034-f001073,34,E6C2-N,E6C2-N,E6C2-N.mp4,34,1073,35.7551,ArchiveInvest manual,False,0,0,,matches corpus tag,matches repeated corpus observations,,evidence/e6c2-n/g034_f001073.jpg,000000000100000110000010001000010000001100000000001000000000000010000000001000110,000000000100000110000010001000010000001100000000001000000000000010000000001000110
e6c2-n-g035-f001079,35,E6C2-N,E6C2-N,E6C2-N.mp4,35,1079,35.9551,ArchiveInvest manual,False,0,0,,matches corpus tag,matches repeated corpus observations,,evidence/e6c2-n/g035_f001079.jpg,010000000010000010010010010000011000000000100000000000010000000000000000000000000,010000000010000010010010010000011000000000100000000000010000000000000000000000000
e6c2-n-g036-f001085,36,E6C2-N,E6C2-N,E6C2-N.mp4,36,1085,36.1551,ArchiveInvest manual,False,0,0,,matches corpus tag,matches repeated corpus observations,,evidence/e6c2-n/g036_f001085.jpg,010000010100000100000000000000000000000000000000001000000010001100000000000000100,010000010100000100000000000000000000000000000000001000000010001100000000000000100
e6c3-18-g001-f000642,68,E6C3-18,E6C3-18,E6C3-18.mp4,1,642,21.4031,ArchiveInvest manual,False,0,0,,matches corpus tag,single-source corpus entry; unverified,,evidence/e6c3-18/g001_f000642.jpg,000001011001000010010000000100001001000000000000000001100000000001000010100000100,000001011001000010010000000100001001000000000000000001100000000001000010100000100
e6c3-18-g002-f000648,69,E6C3-18,E6C3-18,E6C3-18.mp4,2,648,21.6031,ArchiveInvest manual,False,0,0,,matches corpus tag,single-source corpus entry; unverified,,evidence/e6c3-18/g002_f000648.jpg,000100001000000000000000001000010000000000000100000000000000001000000001000000001,000100001000000000000000001000010000000000000100000000000000001000000001000000001
e6c3-18-g003-f000654,70,E6C3-18,E6C3-18,E6C3-18.mp4,3,654,21.803,ArchiveInvest manual,False,0,0,,matches corpus tag,single-source corpus entry; unverified,,evidence/e6c3-18/g003_f000654.jpg,000000000001000000000000000000000000000100000100000000010000000000000100010000010,000000000001000000000000000000000000000100000100000000010000000000000100010000010
e6c3-18-g004-f000660,71,E6C3-18,E6C3-18,E6C3-18.mp4,4,660,22.003,ArchiveInvest manual,False,0,0,,matches corpus tag,single-source corpus entry; unverified,,evidence/e6c3-18/g004_f000660.jpg,000000000001000000000000001000000001001001100000011000000000000000000001000000110,000000000001000000000000001000000001001001100000011000000000000000000001000000110
e6c3-18-g005-f000661,72,E6C3-18,E6C3-18,E6C3-18.mp4,5,661,22.0363,ArchiveInvest manual,False,0,0,,matches corpus tag,single-source corpus entry; unverified,,evidence/e6c3-18/g005_f000661.jpg,010100000001000000100000000000000001000010000000100001010000000010000000001000000,010100000001000000100000000000000001000010000000100001010000000010000000001000000
e6c3-18-g006-f000672,73,E6C3-18,E6C3-18,E6C3-18.mp4,6,672,22.403,ArchiveInvest manual,False,0,0,,matches corpus tag,single-source corpus entry; unverified,,evidence/e6c3-18/g006_f000672.jpg,000001000100000000000000010000000000001000100000000000000010000000000001000000100,000001000100000000000000010000000000001000100000000000000010000000000001000000100
e6c3-18-g007-f000673,74,E6C3-18,E6C3-18,E6C3-18.mp4,7,673,22.4363,ArchiveInvest manual,False,0,0,,matches corpus tag,single-source corpus entry; unverified,,evidence/e6c3-18/g007_f000673.jpg,000100000001000010000010000100000001000000000000010000000000000010000001000000011,000100000001000010000010000100000001000000000000010000000000000010000001000000011
e6c3-18-g008-f000684,75,E6C3-18,E6C3-18,E6C3-18.mp4,8,684,22.803,ArchiveInvest manual,False,0,0,,matches corpus tag,single-source corpus entry; unverified,,evidence/e6c3-18/g008_f000684.jpg,000000001010000010000000000000011000000000000000001000110000000000000001100101100,000000001010000010000000000000011000000000000000001000110000000000000001100101100
e6c3-18-g009-f000690,76,E6C3-18,E6C3-18,E6C3-18.mp4,9,690,23.003,ArchiveInvest manual,False,0,0,,matches corpus tag,single-source corpus entry; unverified,,evidence/e6c3-18/g009_f000690.jpg,000000000000000010000000000000000000000100000000100000000000000000000000010001101,000000000000000010000000000000000000000100000000100000000000000000000000010001101
e6c3-18-g010-f000691,77,E6C3-18,E6C3-18,E6C3-18.mp4,10,691,23.0363,ArchiveInvest manual,False,0,0,,matches corpus tag,single-source corpus entry; unverified,,evidence/e6c3-18/g010_f000691.jpg,011000000000000110000000010000000001000011100000000000100000000000000101000001000,011000000000000110000000010000000001000011100000000000100000000000000101000001000
e6c3-18-g011-f000697,78,E6C3-18,E6C3-18,E6C3-18.mp4,11,697,23.2363,ArchiveInvest manual,False,0,0,,matches corpus tag,single-source corpus entry; unverified,,evidence/e6c3-18/g011_f000697.jpg,010000001100000000010010000000000001000000100000000000000000000010000001010000000,010000001100000000010010000000000001000000100000000000000000000010000001010000000
e6c3-18-g012-f000708,79,E6C3-18,E6C3-18,E6C3-18.mp4,12,708,23.603,ArchiveInvest manual,False,0,0,,matches corpus tag,single-source corpus entry; unverified,,evidence/e6c3-18/g012_f000708.jpg,111000000000000000000000000000000000000000000000100000000000000001000000000001001,111000000000000000000000000000000000000000000000100000000000000001000000000001001
e6c3-18-g013-f000709,80,E6C3-18,E6C3-18,E6C3-18.mp4,13,709,23.6363,ArchiveInvest manual,False,0,0,,matches corpus tag,single-source corpus entry; unverified,,evidence/e6c3-18/g013_f000709.jpg,010001000110000001000000000100111000001000000000000000000000000011000001010100000,010001000110000001000000000100111000001000000000000000000000000011000001010100000
e6c3-18-g014-f000715,81,E6C3-18,E6C3-18,E6C3-18.mp4,14,715,23.8363,ArchiveInvest manual,False,0,0,,matches corpus tag,matches repeated corpus observations,,evidence/e6c3-18/g014_f000715.jpg,000000000000000000000010000000010000000011000000000000100000000001000000100001000,000000000000000000000010000000010000000011000000000000100000000001000000100001000
e6c3-18-g015-f000721,82,E6C3-18,E6C3-18,E6C3-18.mp4,15,721,24.0363,ArchiveInvest manual,False,0,0,,matches corpus tag,matches repeated corpus observations,,evidence/e6c3-18/g015_f000721.jpg,001000010000000010000000001000000000000001000100000001010010000000000010000001110,001000010000000010000000001000000000000001000100000001010010000000000010000001110
e6c3-18-g016-f000727,83,E6C3-18,E6C3-18,E6C3-18.mp4,16,727,24.2363,ArchiveInvest manual,False,0,0,,matches corpus tag,single-source corpus entry; unverified,,evidence/e6c3-18/g016_f000727.jpg,010000000001000000000000000000000000000000100000000000000000011001000101000000000,010000000001000000000000000000000000000000100000000000000000011001000101000000000
e6c3-18-g017-f000733,84,E6C3-18,E6C3-18,E6C3-18.mp4,17,733,24.4363,ArchiveInvest manual,False,0,0,,matches corpus tag,single-source corpus entry; unverified,,evidence/e6c3-18/g017_f000733.jpg,000000000000000000000010010000000000000100000000010000000000010000000110000000100,000000000000000000000010010000000000000100000000010000000000010000000110000000100
e6c3-18-g018-f000738,85,E6C3-18,E6C3-18,E6C3-18.mp4,18,738,24.603,ArchiveInvest manual,False,0,0,,matches corpus tag,matches repeated corpus observations,,evidence/e6c3-18/g018_f000738.jpg,101001000010000000000010000000000000000000100000000001010000000000000000010001010,101001000010000000000010000000000000000000100000000001010000000000000000010001010
e6c3-18-g019-f000744,86,E6C3-18,E6C3-18,E6C3-18.mp4,19,744,24.803,ArchiveInvest manual,False,0,0,,matches corpus tag,matches repeated corpus observations,,evidence/e6c3-18/g019_f000744.jpg,001000000000000010000000000000000000001001000000000001000000000000000100001001000,001000000000000010000000000000000000001001000000000001000000000000000100001001000
e6c3-18-g020-f000752,87,E6C3-18,E6C3-18,E6C3-18.mp4,20,752,25.0696,ArchiveInvest manual,False,0,0,,matches corpus tag,matches repeated corpus observations,,evidence/e6c3-18/g020_f000752.jpg,000000000010000000000000010000000000000000100000001000010000000001000101000100010,000000000010000000000000010000000000000000100000001000010000000001000101000100010
e6c3-18-g021-f000757,88,E6C3-18,E6C3-18,E6C3-18.mp4,21,757,25.2363,ArchiveInvest manual,False,0,0,,matches corpus tag,matches repeated corpus observations,,evidence/e6c3-18/g021_f000757.jpg,000000000001000011000000000000000000000000000100000000000010000000000000000000000,000000000001000011000000000000000000000000000100000000000010000000000000000000000
e6c3-18-g022-f000763,89,E6C3-18,E6C3-18,E6C3-18.mp4,22,763,25.4363,ArchiveInvest manual,False,0,0,,matches corpus tag,matches repeated corpus observations,,evidence/e6c3-18/g022_f000763.jpg,000000000000000000000000000000100000000010000000010000110000011000000000000100000,000000000000000000000000000000100000000010000000010000110000011000000000000100000
e6c3-18-g023-f000769,90,E6C3-18,E6C3-18,E6C3-18.mp4,23,769,25.6363,ArchiveInvest manual,False,0,0,,matches corpus tag,matches repeated corpus observations,,evidence/e6c3-18/g023_f000769.jpg,000000000000000000000010000000000000000000000000010000000000001000000010000000000,000000000000000000000010000000000000000000000000010000000000001000000010000000000
e6c3-18-g024-f000775,91,E6C3-18,E6C3-18,E6C3-18.mp4,24,775,25.8363,ArchiveInvest manual,False,0,0,,matches corpus tag,matches repeated corpus observations,,evidence/e6c3-18/g024_f000775.jpg,000000010010000100000000000000000000000001000000000001000000000001000000000000000,000000010010000100000000000000000000000001000000000001000000000001000000000000000
e6c3-18-g025-f000781,92,E6C3-18,E6C3-18,E6C3-18.mp4,25,781,26.0363,ArchiveInvest manual,False,0,0,,matches corpus tag,matches repeated corpus observations,,evidence/e6c3-18/g025_f000781.jpg,010000110100000000000010000100000000000000100000101001000000000000000101100100100,010000110100000000000010000100000000000000100000101001000000000000000101100100100
e6c3-18-g026-f000787,93,E6C3-18,E6C3-18,E6C3-18.mp4,26,787,26.2363,ArchiveInvest manual,False,0,0,,matches corpus tag,matches repeated corpus observations,,evidence/e6c3-18/g026_f000787.jpg,001100000000000000000010000000000000000001000000000000000000000010000000011000000,001100000000000000000010000000000000000001000000000000000000000010000000011000000
e6c3-18-g027-f000794,94,E6C3-18,E6C3-18,E6C3-18.mp4,27,794,26.4696,ArchiveInvest manual,False,0,0,,matches corpus tag,matches repeated corpus observations,,evidence/e6c3-18/g027_f000794.jpg,010100000000000111000000000100001000000000000100010000000010001000000000001001100,010100000000000111000000000100001000000000000100010000000010001000000000001001100
e6c3-18-g028-f000798,95,E6C3-18,E6C3-18,E6C3-18.mp4,28,798,26.6029,ArchiveInvest manual,False,0,0,,matches corpus tag,matches repeated corpus observations,,evidence/e6c3-18/g028_f000798.jpg,100000000100000000000000000000000000000000100000000000000010000010000010000000001,100000000100000000000000000000000000000000100000000000000010000010000010000000001
e6c3-18-g029-f000804,96,E6C3-18,E6C3-18,E6C3-18.mp4,29,804,26.8029,ArchiveInvest manual,False,0,0,,matches corpus tag,matches repeated corpus observations,,evidence/e6c3-18/g029_f000804.jpg,001101000000000000010010000000000000001110100000000000000000000000000001001000010,001101000000000000010010000000000000001110100000000000000000000000000001001000010
e6c3-18-g030-f000811,97,E6C3-18,E6C3-18,E6C3-18.mp4,30,811,27.0363,ArchiveInvest manual,False,0,0,,matches corpus tag,matches repeated corpus observations,,evidence/e6c3-18/g030_f000811.jpg,000000000100000000000000000100110000000000000000010000000000010010000001100000000,000000000100000000000000000100110000000000000000010000000000010010000001100000000
e6c3-18-g031-f000816,98,E6C3-18,E6C3-18,E6C3-18.mp4,31,816,27.2029,ArchiveInvest manual,False,0,0,,matches corpus tag,matches repeated corpus observations,,evidence/e6c3-18/g031_f000816.jpg,010001000100000100000010000000001001000010000000100000010000000001000000010001001,010001000100000100000010000000001001000010000000100000010000000001000000010001001
e6c3-18-g032-f000822,99,E6C3-18,E6C3-18,E6C3-18.mp4,32,822,27.4029,ArchiveInvest manual,False,0,0,,matches corpus tag,matches repeated corpus observations,,evidence/e6c3-18/g032_f000822.jpg,000000011010000000000000000000000000000100000000000000010010000001000000100000000,000000011010000000000000000000000000000100000000000000010010000001000000100000000
e6c3-18-g033-f000828,100,E6C3-18,E6C3-18,E6C3-18.mp4,33,828,27.6029,ArchiveInvest manual,False,0,0,,matches corpus tag,matches repeated corpus observations,,evidence/e6c3-18/g033_f000828.jpg,001000010000000000000000001100001000000100000000000000110010000000000010000000001,001000010000000000000000001100001000000100000000000000110010000000000010000000001
e6c3-18-g034-f000834,101,E6C3-18,E6C3-18,E6C3-18.mp4,34,834,27.8029,ArchiveInvest manual,False,0,0,,matches corpus tag,matches repeated corpus observations,,evidence/e6c3-18/g034_f000834.jpg,000000010000000110100000000000000001000000000000100000000000000011000010100000000,000000010000000110100000000000000001000000000000100000000000000011000010100000000
e6c3-18-g035-f000841,102,E6C3-18,E6C3-18,E6C3-18.mp4,35,841,28.0363,ArchiveInvest manual,False,0,0,,matches corpus tag,matches repeated corpus observations,,evidence/e6c3-18/g035_f000841.jpg,100000000000000000000000000000010001000101000000000000000000010010000001001100000,100000000000000000000000000000010001000101000000000000000000010010000001001100000
e6c3-1l-g001-f000740,103,E6C3-1L,E6C3-1L,E6C3-1L.mp4,1,740,24.6727,ArchiveInvest manual,False,0,0,,matches corpus tag,single-source corpus entry; unverified,,evidence/e6c3-1l/g001_f000740.jpg,001000101001000000000000000000000000000000000000000001000000000000000000001000100,001000101001000000000000000000000000000000000000000001000000000000000000001000100
e6c3-1l-g002-f000746,104,E6C3-1L,E6C3-1L,E6C3-1L.mp4,2,746,24.8727,ArchiveInvest manual,False,0,0,,matches corpus tag,single-source corpus entry; unverified,,evidence/e6c3-1l/g002_f000746.jpg,000001001001000000000010000000000001000000000000000000000000000000000000000000001,000001001001000000000010000000000001000000000000000000000000000000000000000000001
e6c3-1l-g003-f000750,105,E6C3-1L,E6C3-1L,E6C3-1L.mp4,3,750,25.006,ArchiveInvest manual,False,0,0,,matches corpus tag,single-source corpus entry; unverified,,evidence/e6c3-1l/g003_f000750.jpg,000000010000000010000000000000101000000000000000000000000000000000000000000000000,000000010000000010000000000000101000000000000000000000000000000000000000000000000
e6c3-1l-g004-f000758,106,E6C3-1L,E6C3-1L,E6C3-1L.mp4,4,758,25.2726,ArchiveInvest manual,False,0,0,,matches corpus tag,single-source corpus entry; unverified,,evidence/e6c3-1l/g004_f000758.jpg,000000000000000000000000010000000000000000000100000000000000001000000101000000000,000000000000000000000000010000000000000000000100000000000000001000000101000000000
e6c3-1l-g005-f000759,107,E6C3-1L,E6C3-1L,E6C3-1L.mp4,5,759,25.306,ArchiveInvest manual,False,0,0,,matches corpus tag,single-source corpus entry; unverified,,evidence/e6c3-1l/g005_f000759.jpg,000001000000000000000010000000000000000000000100000001000000000000000010000000000,000001000000000000000010000000000000000000000100000001000000000000000010000000000
e6c3-1l-g006-f000770,12,E6C3-1L,E6C3-1L,E6C3-1L.mp4,6,770,25.6725,ArchiveInvest manual,False,0,0,,matches corpus tag,matches repeated corpus observations,,evidence/e6c3-1l/g006_f000770.jpg,010000001001000001000000010000000000000000000000000000000000001001000000000000010,010000001001000001000000010000000000000000000000000000000000001001000000000000010
e6c3-1l-g007-f000770,12,E6C3-1L,E6C3-1L,E6C3-1L.mp4,7,770,25.6725,ArchiveInvest manual,False,0,0,,matches corpus tag,matches repeated corpus observations,,evidence/e6c3-1l/g007_f000770.jpg,010000001001000001000000010000000000000000000000000000000000001001000000000000010,010000001001000001000000010000000000000000000000000000000000001001000000000000010
e6c3-1l-g008-f000776,108,E6C3-1L,E6C3-1L,E6C3-1L.mp4,8,776,25.8726,ArchiveInvest manual,False,0,0,,matches corpus tag,single-source corpus entry; unverified,,evidence/e6c3-1l/g008_f000776.jpg,001000000010000100000000000000010001000000000000000001000000010000000001100000101,001000000010000100000000000000010001000000000000000001000000010000000001100000101
e6c3-1l-g009-f000782,109,E6C3-1L,E6C3-1L,E6C3-1L.mp4,9,782,26.0726,ArchiveInvest manual,False,0,0,,matches corpus tag,single-source corpus entry; unverified,,evidence/e6c3-1l/g009_f000782.jpg,100000010000000000000000000000000000001010000000000000000000010000000001000000000,100000010000000000000000000000000000001010000000000000000000010000000001000000000
e6c3-1l-g010-f000789,110,E6C3-1L,E6C3-1L,E6C3-1L.mp4,10,789,26.3059,ArchiveInvest manual,False,0,0,,matches corpus tag,single-source corpus entry; unverified,,evidence/e6c3-1l/g010_f000789.jpg,000001000010000100000000000100110000000001000000000000000000000000000010000000001,000001000010000100000000000100110000000001000000000000000000000000000010000000001
e6c3-1l-g011-f000795,111,E6C3-1L,E6C3-1L,E6C3-1L.mp4,11,795,26.5059,ArchiveInvest manual,False,0,0,,matches corpus tag,single-source corpus entry; unverified,,evidence/e6c3-1l/g011_f000795.jpg,001000001000000101000000011000100000000000000000000000000010010100000000000000010,001000001000000101000000011000100000000000000000000000000010010100000000000000010
e6c3-1l-g012-f000801,17,E6C3-1L,E6C3-1L,E6C3-1L.mp4,12,801,26.7059,ArchiveInvest manual,False,0,0,,matches corpus tag,matches repeated corpus observations,,evidence/e6c3-1l/g012_f000801.jpg,000000000110000000000000000100001001000010000000100000100000000000000010000000000,000000000110000000000000000100001001000010000000100000100000000000000010000000000
e6c3-1l-g013-f000806,18,E6C3-1L,E6C3-1L,E6C3-1L.mp4,13,806,26.8725,ArchiveInvest manual,False,0,0,,matches corpus tag,matches repeated corpus observations,,evidence/e6c3-1l/g013_f000806.jpg,000000000000000100000000010000110000000001000000001001000000000100000000001000100,000000000000000100000000010000110000000001000000001001000000000100000000001000100
e6c3-1l-g014-f000812,19,E6C3-1L,E6C3-1L,E6C3-1L.mp4,14,812,27.0725,ArchiveInvest manual,False,0,0,,matches corpus tag,matches repeated corpus observations,,evidence/e6c3-1l/g014_f000812.jpg,001001000000000000000000010000000000000000000000000001100000000101000000000101000,001001000000000000000000010000000000000000000000000001100000000101000000000101000
e6c3-1l-g015-f000818,20,E6C3-1L,E6C3-1L,E6C3-1L.mp4,15,818,27.2725,ArchiveInvest manual,False,0,0,,matches corpus tag,matches repeated corpus observations,,evidence/e6c3-1l/g015_f000818.jpg,000001000000000000000000000100000000000000000000011000010000010000000000000000000,000001000000000000000000000100000000000000000000011000010000010000000000000000000
e6c3-1l-g016-f000819,21,E6C3-1L,E6C3-1L,E6C3-1L.mp4,16,819,27.3058,ArchiveInvest manual,False,0,0,,matches corpus tag,matches repeated corpus observations,,evidence/e6c3-1l/g016_f000819.jpg,001000000110000000110000000000000000000100000100000000000000000100000010000000100,001000000110000000110000000000000000000100000100000000000000000100000010000000100
e6c3-1l-g017-f000825,22,E6C3-1L,E6C3-1L,E6C3-1L.mp4,17,825,27.5058,ArchiveInvest manual,False,0,0,,matches corpus tag,matches repeated corpus observations,,evidence/e6c3-1l/g017_f000825.jpg,000000000000000010000000000000010001000000000000100000110000000001000000000000100,000000000000000010000000000000010001000000000000100000110000000001000000000000100
e6c3-1l-g018-f000836,23,E6C3-1L,E6C3-1L,E6C3-1L.mp4,18,836,27.8725,ArchiveInvest manual,False,0,0,,matches corpus tag,matches repeated corpus observations,,evidence/e6c3-1l/g018_f000836.jpg,000000000001000001000000010000100001001001000000000000000000001001000000000000000,000000000001000001000000010000100001001001000000000000000000001001000000000000000
e6c3-1l-g019-f000842,24,E6C3-1L,E6C3-1L,E6C3-1L.mp4,19,842,28.0725,ArchiveInvest manual,False,0,0,,matches corpus tag,matches repeated corpus observations,,evidence/e6c3-1l/g019_f000842.jpg,000000000000000001000000000000100000000000000000000000000000000000000010000000001,000000000000000001000000000000100000000000000000000000000000000000000010000000001
e6c3-1l-g020-f000848,25,E6C3-1L,E6C3-1L,E6C3-1L.mp4,20,848,28.2725,ArchiveInvest manual,False,0,0,,matches corpus tag,matches repeated corpus observations,,evidence/e6c3-1l/g020_f000848.jpg,001000000000000000100000010000010000000011000000000001000000001001000000001100100,001000000000000000100000010000010000000011000000000001000000001001000000001100100
e6c3-1l-g021-f000853,26,E6C3-1L,E6C3-1L,E6C3-1L.mp4,21,853,28.4391,ArchiveInvest manual,False,0,0,,matches corpus tag,matches repeated corpus observations,,evidence/e6c3-1l/g021_f000853.jpg,000000011000000000000000000000000000001100000000000000000000010101000001000000000,000000011000000000000000000000000000001100000000000000000000010101000001000000000
e6c3-1l-g022-f000860,27,E6C3-1L,E6C3-1L,E6C3-1L.mp4,22,860,28.6725,ArchiveInvest manual,False,0,0,,matches corpus tag,matches repeated corpus observations,,evidence/e6c3-1l/g022_f000860.jpg,101000000100000000010000000000000000000100100000000000110010010010000000001000000,101000000100000000010000000000000000000100100000000000110010010010000000001000000
e6c3-1l-g023-f000866,28,E6C3-1L,E6C3-1L,E6C3-1L.mp4,23,866,28.8725,ArchiveInvest manual,False,0,0,,matches corpus tag,matches repeated corpus observations,,evidence/e6c3-1l/g023_f000866.jpg,000000000000000100000000001100100000000000000000000000100000001000000000010000000,000000000000000100000000001100100000000000000000000000100000001000000000010000000
e6c3-1l-g024-f000870,29,E6C3-1L,E6C3-1L,E6C3-1L.mp4,24,870,29.0058,ArchiveInvest manual,False,0,0,,matches corpus tag,matches repeated corpus observations,,evidence/e6c3-1l/g024_f000870.jpg,010000100100000000000000000000000000001000000000000000000010000001000000000000000,010000100100000000000000000000000000001000000000000000000010000001000000000000000
e6c3-1l-g025-f000878,30,E6C3-1L,E6C3-1L,E6C3-1L.mp4,25,878,29.2725,ArchiveInvest manual,False,0,0,,matches corpus tag,matches repeated corpus observations,,evidence/e6c3-1l/g025_f000878.jpg,000001000000000100010000000000100000000100000000000000000000000001000000001001010,000001000000000100010000000000100000000100000000000000000000000001000000001001010
e6c3-1l-g026-f000879,31,E6C3-1L,E6C3-1L,E6C3-1L.mp4,26,879,29.3058,ArchiveInvest manual,False,0,0,,matches corpus tag,matches repeated corpus observations,,evidence/e6c3-1l/g026_f000879.jpg,000000000000000000000000010000011001000000000000000000000000000000000001001000000,000000000000000000000000010000011001000000000000000000000000000000000001001000000
e6c3-1l-g027-f000885,32,E6C3-1L,E6C3-1L,E6C3-1L.mp4,27,885,29.5058,ArchiveInvest manual,False,0,0,,matches corpus tag,matches repeated corpus observations,,evidence/e6c3-1l/g027_f000885.jpg,100000000001000000000000010000000000000001000000010000010000000001000100011000101,100000000001000000000000010000000000000001000000010000010000000001000100011000101
e6c3-1l-g028-f000891,33,E6C3-1L,E6C3-1L,E6C3-1L.mp4,28,891,29.7058,ArchiveInvest manual,False,0,0,,matches corpus tag,matches repeated corpus observations,,evidence/e6c3-1l/g028_f000891.jpg,001001010010000100010000001000100001000000000000010000000000000101000000001000000,001001010010000100010000001000100001000000000000010000000000000101000000001000000
e6c3-1l-g029-f000897,34,E6C3-1L,E6C3-1L,E6C3-1L.mp4,29,897,29.9058,ArchiveInvest manual,False,0,0,,matches corpus tag,matches repeated corpus observations,,evidence/e6c3-1l/g029_f000897.jpg,000000000100000110000010001000010000001100000000001000000000000010000000001000110,000000000100000110000010001000010000001100000000001000000000000010000000001000110
e6c3-1l-g030-f000903,35,E6C3-1L,E6C3-1L,E6C3-1L.mp4,30,903,30.1058,ArchiveInvest manual,False,0,0,,matches corpus tag,matches repeated corpus observations,,evidence/e6c3-1l/g030_f000903.jpg,010000000010000010010010010000011000000000100000000000010000000000000000000000000,010000000010000010010010010000011000000000100000000000010000000000000000000000000
e6c3-1l-g031-f000909,36,E6C3-1L,E6C3-1L,E6C3-1L.mp4,31,909,30.3058,ArchiveInvest manual,False,0,0,,matches corpus tag,matches repeated corpus observations,,evidence/e6c3-1l/g031_f000909.jpg,010000010100000100000000000000000000000000000000001000000010001100000000000000100,010000010100000100000000000000000000000000000000001000000010001100000000000000100
e6c3-2-g001-f001105,1,E6C3-2,E6C3-2,E6C3-2.mp4,1,1105,36.8339,ArchiveInvest manual,False,0,0,,matches corpus tag,matches repeated corpus observations,,evidence/e6c3-2/g001_f001105.jpg,000100110100000101000010000000100000000100000000000000100000000001000010001000010,000100110100000101000010000000100000000100000000000000100000000001000010001000010
e6c3-2-g002-f001110,2,E6C3-2,E6C3-2,E6C3-2.mp4,2,1110,37.0005,ArchiveInvest manual,False,0,0,,matches corpus tag,matches repeated corpus observations,,evidence/e6c3-2/g002_f001110.jpg,010000000010000100000000010000000000000010100000000000010000000000000000010000001,010000000010000100000000010000000000000010100000000000010000000000000000010000001
e6c3-2-g003-f001114,3,E6C3-2,E6C3-2,E6C3-2.mp4,3,1114,37.1338,ArchiveInvest manual,False,0,0,,matches corpus tag,matches repeated corpus observations,,evidence/e6c3-2/g003_f001114.jpg,000000000000000000010000010000000000000100000100101001010000000011000000000000001,000000000000000000010000010000000000000100000100101001010000000011000000000000001
e6c3-2-g004-f001117,4,E6C3-2,E6C3-2,E6C3-2.mp4,4,1117,37.2338,ArchiveInvest manual,False,0,0,,matches corpus tag,matches repeated corpus observations,,evidence/e6c3-2/g004_f001117.jpg,000001001000000010000000000000010000000000000000000000010010000001000001000100000,000001001000000010000000000000010000000000000000000000010010000001000001000100000
e6c3-2-g005-f001123,5,E6C3-2,E6C3-2,E6C3-2.mp4,5,1123,37.4338,ArchiveInvest manual,False,0,0,,matches corpus tag,matches repeated corpus observations,,evidence/e6c3-2/g005_f001123.jpg,100001000000000000000000000000000000000010000000000000010000000000000000000000000,100001000000000000000000000000000000000010000000000000010000000000000000000000000
e6c3-2-g006-f001129,6,E6C3-2,E6C3-2,E6C3-2.mp4,6,1129,37.6338,ArchiveInvest manual,False,0,0,,matches corpus tag,matches repeated corpus observations,,evidence/e6c3-2/g006_f001129.jpg,000000000011000000000000000000000000000000100100001000010000000001000000010000000,000000000011000000000000000000000000000000100100001000010000000001000000010000000
e6c3-2-g007-f001135,7,E6C3-2,E6C3-2,E6C3-2.mp4,7,1135,37.8338,ArchiveInvest manual,False,0,0,,matches corpus tag,matches repeated corpus observations,,evidence/e6c3-2/g007_f001135.jpg,001000001011000000100000000000000000000000000000000001010000000010000000000001000,001000001011000000100000000000000000000000000000000001010000000010000000000001000
e6c3-2-g008-f001141,8,E6C3-2,E6C3-2,E6C3-2.mp4,8,1141,38.0338,ArchiveInvest manual,False,0,0,,matches corpus tag,matches repeated corpus observations,,evidence/e6c3-2/g008_f001141.jpg,000001001101000000100010001000000001000001000000000000000000000000000000000000001,000001001101000000100010001000000001000001000000000000000000000000000000000000001
e6c3-2-g009-f001147,9,E6C3-2,E6C3-2,E6C3-2.mp4,9,1147,38.2338,ArchiveInvest manual,False,0,0,,matches corpus tag,matches repeated corpus observations,,evidence/e6c3-2/g009_f001147.jpg,000000010000000001000000000000000000000000000000000000000000000010000000001001000,000000010000000001000000000000000000000000000000000000000000000010000000001001000
e6c3-2-g010-f001153,10,E6C3-2,E6C3-2,E6C3-2.mp4,10,1153,38.4338,ArchiveInvest manual,False,0,0,,matches corpus tag,matches repeated corpus observations,,evidence/e6c3-2/g010_f001153.jpg,000000000000000000010000010000000000000000000100000000000010001000000101001000000,000000000000000000010000010000000000000000000100000000000010001000000101001000000
e6c3-2-g011-f001159,11,E6C3-2,E6C3-2,E6C3-2.mp4,11,1159,38.6338,ArchiveInvest manual,False,0,0,,matches corpus tag,matches repeated corpus observations,,evidence/e6c3-2/g011_f001159.jpg,100001000000000000000010000000000000000000000100010001000000000000000010100101000,100001000000000000000010000000000000000000000100010001000000000000000010100101000
e6c3-2-g012-f001165,12,E6C3-2,E6C3-2,E6C3-2.mp4,12,1165,38.8338,ArchiveInvest manual,False,0,0,,matches corpus tag,matches repeated corpus observations,,evidence/e6c3-2/g012_f001165.jpg,010000001001000001000000010000000000000000000000000000000000001001000000000000010,010000001001000001000000010000000000000000000000000000000000001001000000000000010
e6c3-2-g013-f001172,13,E6C3-2,E6C3-2,E6C3-2.mp4,13,1172,39.0672,ArchiveInvest manual,False,0,0,,matches corpus tag,matches repeated corpus observations,,evidence/e6c3-2/g013_f001172.jpg,001000000010000100010000001000010001000000000000000001000000010100000001100001101,001000000010000100010000001000010001000000000000000001000000010100000001100001101
e6c3-2-g014-f001177,14,E6C3-2,E6C3-2,E6C3-2.mp4,14,1177,39.2338,ArchiveInvest manual,False,0,0,,matches corpus tag,matches repeated corpus observations,,evidence/e6c3-2/g014_f001177.jpg,100000010000000000000000000000000000001010100000001000000000010100000001000001000,100000010000000000000000000000000000001010100000001000000000010100000001000001000
e6c3-2-g015-f001183,15,E6C3-2,E6C3-2,E6C3-2.mp4,15,1183,39.4338,ArchiveInvest manual,False,0,0,,matches corpus tag,matches repeated corpus observations,,evidence/e6c3-2/g015_f001183.jpg,000001000110000100000000000100110000000101000000000000000000000000000010000000001,000001000110000100000000000100110000000101000000000000000000000000000010000000001
e6c3-2-g016-f001189,16,E6C3-2,E6C3-2,E6C3-2.mp4,16,1189,39.6338,ArchiveInvest manual,False,0,0,,matches corpus tag,matches repeated corpus observations,,evidence/e6c3-2/g016_f001189.jpg,001000001000000101000000011000100000000000100000000000000010010100000000000000010,001000001000000101000000011000100000000000100000000000000010010100000000000000010
e6c3-2-g017-f001195,17,E6C3-2,E6C3-2,E6C3-2.mp4,17,1195,39.8338,ArchiveInvest manual,False,0,0,,matches corpus tag,matches repeated corpus observations,,evidence/e6c3-2/g017_f001195.jpg,000000000110000000000000000100001001000010000000100000100000000000000010000000000,000000000110000000000000000100001001000010000000100000100000000000000010000000000
e6c3-2-g018-f001201,18,E6C3-2,E6C3-2,E6C3-2.mp4,18,1201,40.0338,ArchiveInvest manual,False,0,0,,matches corpus tag,matches repeated corpus observations,,evidence/e6c3-2/g018_f001201.jpg,000000000000000100000000010000110000000001000000001001000000000100000000001000100,000000000000000100000000010000110000000001000000001001000000000100000000001000100
e6c3-2-g019-f001207,19,E6C3-2,E6C3-2,E6C3-2.mp4,19,1207,40.2338,ArchiveInvest manual,False,0,0,,matches corpus tag,matches repeated corpus observations,,evidence/e6c3-2/g019_f001207.jpg,001001000000000000000000010000000000000000000000000001100000000101000000000101000,001001000000000000000000010000000000000000000000000001100000000101000000000101000
e6c3-2-g020-f001213,20,E6C3-2,E6C3-2,E6C3-2.mp4,20,1213,40.4338,ArchiveInvest manual,False,0,0,,matches corpus tag,matches repeated corpus observations,,evidence/e6c3-2/g020_f001213.jpg,000001000000000000000000000100000000000000000000011000010000010000000000000000000,000001000000000000000000000100000000000000000000011000010000010000000000000000000
e6c3-2-g021-f001219,21,E6C3-2,E6C3-2,E6C3-2.mp4,21,1219,40.6338,ArchiveInvest manual,False,0,0,,matches corpus tag,matches repeated corpus observations,,evidence/e6c3-2/g021_f001219.jpg,001000000110000000110000000000000000000100000100000000000000000100000010000000100,001000000110000000110000000000000000000100000100000000000000000100000010000000100
e6c3-2-g022-f001225,22,E6C3-2,E6C3-2,E6C3-2.mp4,22,1225,40.8338,ArchiveInvest manual,False,0,0,,matches corpus tag,matches repeated corpus observations,,evidence/e6c3-2/g022_f001225.jpg,000000000000000010000000000000010001000000000000100000110000000001000000000000100,000000000000000010000000000000010001000000000000100000110000000001000000000000100
e6c3-2-g023-f001231,23,E6C3-2,E6C3-2,E6C3-2.mp4,23,1231,41.0338,ArchiveInvest manual,False,0,0,,matches corpus tag,matches repeated corpus observations,,evidence/e6c3-2/g023_f001231.jpg,000000000001000001000000010000100001001001000000000000000000001001000000000000000,000000000001000001000000010000100001001001000000000000000000001001000000000000000
e6c3-2-g024-f001237,24,E6C3-2,E6C3-2,E6C3-2.mp4,24,1237,41.2338,ArchiveInvest manual,False,0,0,,matches corpus tag,matches repeated corpus observations,,evidence/e6c3-2/g024_f001237.jpg,000000000000000001000000000000100000000000000000000000000000000000000010000000001,000000000000000001000000000000100000000000000000000000000000000000000010000000001
e6c3-2-g025-f001243,25,E6C3-2,E6C3-2,E6C3-2.mp4,25,1243,41.4338,ArchiveInvest manual,False,0,0,,matches corpus tag,matches repeated corpus observations,,evidence/e6c3-2/g025_f001243.jpg,001000000000000000100000010000010000000011000000000001000000001001000000001100100,001000000000000000100000010000010000000011000000000001000000001001000000001100100
e6c3-2-g026-f001249,26,E6C3-2,E6C3-2,E6C3-2.mp4,26,1249,41.6338,ArchiveInvest manual,False,0,0,,matches corpus tag,matches repeated corpus observations,,evidence/e6c3-2/g026_f001249.jpg,000000011000000000000000000000000000001100000000000000000000010101000001000000000,000000011000000000000000000000000000001100000000000000000000010101000001000000000
e6c3-2-g027-f001255,27,E6C3-2,E6C3-2,E6C3-2.mp4,27,1255,41.8338,ArchiveInvest manual,False,0,0,,matches corpus tag,matches repeated corpus observations,,evidence/e6c3-2/g027_f001255.jpg,101000000100000000010000000000000000000100100000000000110010010010000000001000000,101000000100000000010000000000000000000100100000000000110010010010000000001000000
e6c3-2-g028-f001261,28,E6C3-2,E6C3-2,E6C3-2.mp4,28,1261,42.0338,ArchiveInvest manual,False,0,0,,matches corpus tag,matches repeated corpus observations,,evidence/e6c3-2/g028_f001261.jpg,000000000000000100000000001100100000000000000000000000100000001000000000010000000,000000000000000100000000001100100000000000000000000000100000001000000000010000000
e6c3-2-g029-f001267,29,E6C3-2,E6C3-2,E6C3-2.mp4,29,1267,42.2338,ArchiveInvest manual,False,0,0,,matches corpus tag,matches repeated corpus observations,,evidence/e6c3-2/g029_f001267.jpg,010000100100000000000000000000000000001000000000000000000010000001000000000000000,010000100100000000000000000000000000001000000000000000000010000001000000000000000
e6c3-9-g001-f001037,1,E6C3-9,E6C3-9,E6C3-9.mp4,1,1037,34.559,ArchiveInvest manual,False,0,0,,matches corpus tag,matches repeated corpus observations,,evidence/e6c3-9/g001_f001037.jpg,000100110100000101000010000000100000000100000000000000100000000001000010001000010,000100110100000101000010000000100000000100000000000000100000000001000010001000010
e6c3-9-g002-f001043,2,E6C3-9,E6C3-9,E6C3-9.mp4,2,1043,34.759,ArchiveInvest manual,False,0,0,,matches corpus tag,matches repeated corpus observations,,evidence/e6c3-9/g002_f001043.jpg,010000000010000100000000010000000000000010100000000000010000000000000000010000001,010000000010000100000000010000000000000010100000000000010000000000000000010000001
e6c3-9-g003-f001049,3,E6C3-9,E6C3-9,E6C3-9.mp4,3,1049,34.959,ArchiveInvest manual,False,0,0,,matches corpus tag,matches repeated corpus observations,,evidence/e6c3-9/g003_f001049.jpg,000000000000000000010000010000000000000100000100101001010000000011000000000000001,000000000000000000010000010000000000000100000100101001010000000011000000000000001
e6c3-9-g004-f001056,4,E6C3-9,E6C3-9,E6C3-9.mp4,4,1056,35.1923,ArchiveInvest manual,False,0,0,,matches corpus tag,matches repeated corpus observations,,evidence/e6c3-9/g004_f001056.jpg,000001001000000010000000000000010000000000000000000000010010000001000001000100000,000001001000000010000000000000010000000000000000000000010010000001000001000100000
e6c3-9-g005-f001057,5,E6C3-9,E6C3-9,E6C3-9.mp4,5,1057,35.2257,ArchiveInvest manual,False,0,0,,matches corpus tag,matches repeated corpus observations,,evidence/e6c3-9/g005_f001057.jpg,100001000000000000000000000000000000000010000000000000010000000000000000000000000,100001000000000000000000000000000000000010000000000000010000000000000000000000000
e6c3-9-g006-f001063,6,E6C3-9,E6C3-9,E6C3-9.mp4,6,1063,35.4257,ArchiveInvest manual,False,0,0,,matches corpus tag,matches repeated corpus observations,,evidence/e6c3-9/g006_f001063.jpg,000000000011000000000000000000000000000000100100001000010000000001000000010000000,000000000011000000000000000000000000000000100100001000010000000001000000010000000
e6c3-9-g007-f001069,7,E6C3-9,E6C3-9,E6C3-9.mp4,7,1069,35.6257,ArchiveInvest manual,False,0,0,,matches corpus tag,matches repeated corpus observations,,evidence/e6c3-9/g007_f001069.jpg,001000001011000000100000000000000000000000000000000001010000000010000000000001000,001000001011000000100000000000000000000000000000000001010000000010000000000001000
e6c3-9-g008-f001074,8,E6C3-9,E6C3-9,E6C3-9.mp4,8,1074,35.7923,ArchiveInvest manual,False,0,0,,matches corpus tag,matches repeated corpus observations,,evidence/e6c3-9/g008_f001074.jpg,000001001101000000100010001000000001000001000000000000000000000000000000000000001,000001001101000000100010001000000001000001000000000000000000000000000000000000001
e6c3-9-g009-f001080,9,E6C3-9,E6C3-9,E6C3-9.mp4,9,1080,35.9923,ArchiveInvest manual,False,0,0,,matches corpus tag,matches repeated corpus observations,,evidence/e6c3-9/g009_f001080.jpg,000000010000000001000000000000000000000000000000000000000000000010000000001001000,000000010000000001000000000000000000000000000000000000000000000010000000001001000
e6c3-9-g010-f001087,10,E6C3-9,E6C3-9,E6C3-9.mp4,10,1087,36.2257,ArchiveInvest manual,False,0,0,,matches corpus tag,matches repeated corpus observations,,evidence/e6c3-9/g010_f001087.jpg,000000000000000000010000010000000000000000000100000000000010001000000101001000000,000000000000000000010000010000000000000000000100000000000010001000000101001000000
e6c3-9-g011-f001097,11,E6C3-9,E6C3-9,E6C3-9.mp4,11,1097,36.559,ArchiveInvest manual,False,0,0,,matches corpus tag,matches repeated corpus observations,,evidence/e6c3-9/g011_f001097.jpg,100001000000000000000010000000000000000000000100010001000000000000000010100101000,100001000000000000000010000000000000000000000100010001000000000000000010100101000
e6c3-9-g012-f001098,12,E6C3-9,E6C3-9,E6C3-9.mp4,12,1098,36.5923,ArchiveInvest manual,False,0,0,,matches corpus tag,matches repeated corpus observations,,evidence/e6c3-9/g012_f001098.jpg,010000001001000001000000010000000000000000000000000000000000001001000000000000010,010000001001000001000000010000000000000000000000000000000000001001000000000000010
e6c3-9-g013-f001104,13,E6C3-9,E6C3-9,E6C3-9.mp4,13,1104,36.7923,ArchiveInvest manual,False,0,0,,matches corpus tag,matches repeated corpus observations,,evidence/e6c3-9/g013_f001104.jpg,001000000010000100010000001000010001000000000000000001000000010100000001100001101,001000000010000100010000001000010001000000000000000001000000010100000001100001101
e6c3-9-g014-f001110,14,E6C3-9,E6C3-9,E6C3-9.mp4,14,1110,36.9923,ArchiveInvest manual,False,0,0,,matches corpus tag,matches repeated corpus observations,,evidence/e6c3-9/g014_f001110.jpg,100000010000000000000000000000000000001010100000001000000000010100000001000001000,100000010000000000000000000000000000001010100000001000000000010100000001000001000
e6c3-9-g015-f001116,15,E6C3-9,E6C3-9,E6C3-9.mp4,15,1116,37.1923,ArchiveInvest manual,False,0,0,,matches corpus tag,matches repeated corpus observations,,evidence/e6c3-9/g015_f001116.jpg,000001000110000100000000000100110000000101000000000000000000000000000010000000001,000001000110000100000000000100110000000101000000000000000000000000000010000000001
e6c3-9-g016-f001122,16,E6C3-9,E6C3-9,E6C3-9.mp4,16,1122,37.3923,ArchiveInvest manual,False,0,0,,matches corpus tag,matches repeated corpus observations,,evidence/e6c3-9/g016_f001122.jpg,001000001000000101000000011000100000000000100000000000000010010100000000000000010,001000001000000101000000011000100000000000100000000000000010010100000000000000010
e6c3-9-g017-f001128,17,E6C3-9,E6C3-9,E6C3-9.mp4,17,1128,37.5923,ArchiveInvest manual,False,0,0,,matches corpus tag,matches repeated corpus observations,,evidence/e6c3-9/g017_f001128.jpg,000000000110000000000000000100001001000010000000100000100000000000000010000000000,000000000110000000000000000100001001000010000000100000100000000000000010000000000
e6c3-9-g018-f001134,18,E6C3-9,E6C3-9,E6C3-9.mp4,18,1134,37.7923,ArchiveInvest manual,False,0,0,,matches corpus tag,matches repeated corpus observations,,evidence/e6c3-9/g018_f001134.jpg,000000000000000100000000010000110000000001000000001001000000000100000000001000100,000000000000000100000000010000110000000001000000001001000000000100000000001000100
e6c3-9-g019-f001140,19,E6C3-9,E6C3-9,E6C3-9.mp4,19,1140,37.9923,ArchiveInvest manual,False,0,0,,matches corpus tag,matches repeated corpus observations,,evidence/e6c3-9/g019_f001140.jpg,001001000000000000000000010000000000000000000000000001100000000101000000000101000,001001000000000000000000010000000000000000000000000001100000000101000000000101000
e6c3-9-g020-f001146,20,E6C3-9,E6C3-9,E6C3-9.mp4,20,1146,38.1923,ArchiveInvest manual,False,0,0,,matches corpus tag,matches repeated corpus observations,,evidence/e6c3-9/g020_f001146.jpg,000001000000000000000000000100000000000000000000011000010000010000000000000000000,000001000000000000000000000100000000000000000000011000010000010000000000000000000
e6c3-9-g021-f001152,21,E6C3-9,E6C3-9,E6C3-9.mp4,21,1152,38.3923,ArchiveInvest manual,False,0,0,,matches corpus tag,matches repeated corpus observations,,evidence/e6c3-9/g021_f001152.jpg,001000000110000000110000000000000000000100000100000000000000000100000010000000100,001000000110000000110000000000000000000100000100000000000000000100000010000000100
e6c3-9-g022-f001158,22,E6C3-9,E6C3-9,E6C3-9.mp4,22,1158,38.5923,ArchiveInvest manual,False,0,0,,matches corpus tag,matches repeated corpus observations,,evidence/e6c3-9/g022_f001158.jpg,000000000000000010000000000000010001000000000000100000110000000001000000000000100,000000000000000010000000000000010001000000000000100000110000000001000000000000100
e6c3-9-g023-f001164,23,E6C3-9,E6C3-9,E6C3-9.mp4,23,1164,38.7923,ArchiveInvest manual,False,0,0,,matches corpus tag,matches repeated corpus observations,,evidence/e6c3-9/g023_f001164.jpg,000000000001000001000000010000100001001001000000000000000000001001000000000000000,000000000001000001000000010000100001001001000000000000000000001001000000000000000
e6c3-9-g024-f001170,24,E6C3-9,E6C3-9,E6C3-9.mp4,24,1170,38.9923,ArchiveInvest manual,False,0,0,,matches corpus tag,matches repeated corpus observations,,evidence/e6c3-9/g024_f001170.jpg,000000000000000001000000000000100000000000000000000000000000000000000010000000001,000000000000000001000000000000100000000000000000000000000000000000000010000000001
e6c3-9-g025-f001176,25,E6C3-9,E6C3-9,E6C3-9.mp4,25,1176,39.1923,ArchiveInvest manual,False,0,0,,matches corpus tag,matches repeated corpus observations,,evidence/e6c3-9/g025_f001176.jpg,001000000000000000100000010000010000000011000000000001000000001001000000001100100,001000000000000000100000010000010000000011000000000001000000001001000000001100100
e6c3-9-g026-f001182,26,E6C3-9,E6C3-9,E6C3-9.mp4,26,1182,39.3923,ArchiveInvest manual,False,0,0,,matches corpus tag,matches repeated corpus observations,,evidence/e6c3-9/g026_f001182.jpg,000000011000000000000000000000000000001100000000000000000000010101000001000000000,000000011000000000000000000000000000001100000000000000000000010101000001000000000
e6c3-9-g027-f001188,27,E6C3-9,E6C3-9,E6C3-9.mp4,27,1188,39.5923,ArchiveInvest manual,False,0,0,,matches corpus tag,matches repeated corpus observations,,evidence/e6c3-9/g027_f001188.jpg,101000000100000000010000000000000000000100100000000000110010010010000000001000000,101000000100000000010000000000000000000100100000000000110010010010000000001000000
e6c3-9-g028-f001194,28,E6C3-9,E6C3-9,E6C3-9.mp4,28,1194,39.7923,ArchiveInvest manual,False,0,0,,matches corpus tag,matches repeated corpus observations,,evidence/e6c3-9/g028_f001194.jpg,000000000000000100000000001100100000000000000000000000100000001000000000010000000,000000000000000100000000001100100000000000000000000000100000001000000000010000000
e6c3-9-g029-f001200,29,E6C3-9,E6C3-9,E6C3-9.mp4,29,1200,39.9923,ArchiveInvest manual,False,0,0,,matches corpus tag,matches repeated corpus observations,,evidence/e6c3-9/g029_f001200.jpg,010000100100000000000000000000000000001000000000000000000010000001000000000000000,010000100100000000000000000000000000001000000000000000000010000001000000000000000
e6c3-9-g030-f001208,30,E6C3-9,E6C3-9,E6C3-9.mp4,30,1208,40.2589,ArchiveInvest manual,False,0,0,,matches corpus tag,matches repeated corpus observations,,evidence/e6c3-9/g030_f001208.jpg,000001000000000100010000000000100000000100000000000000000000000001000000001001010,000001000000000100010000000000100000000100000000000000000000000001000000001001010
e6c3-9-g031-f001211,31,E6C3-9,E6C3-9,E6C3-9.mp4,31,1211,40.3589,ArchiveInvest manual,False,0,0,,matches corpus tag,matches repeated corpus observations,,evidence/e6c3-9/g031_f001211.jpg,000000000000000000000000010000011001000000000000000000000000000000000001001000000,000000000000000000000000010000011001000000000000000000000000000000000001001000000
e6c3-9-g032-f001218,32,E6C3-9,E6C3-9,E6C3-9.mp4,32,1218,40.5923,ArchiveInvest manual,False,0,0,,matches corpus tag,matches repeated corpus observations,,evidence/e6c3-9/g032_f001218.jpg,100000000001000000000000010000000000000001000000010000010000000001000100011000101,100000000001000000000000010000000000000001000000010000010000000001000100011000101
e6c3-9-g033-f001225,33,E6C3-9,E6C3-9,E6C3-9.mp4,33,1225,40.8256,ArchiveInvest manual,False,0,0,,matches corpus tag,matches repeated corpus observations,,evidence/e6c3-9/g033_f001225.jpg,001001010010000100010000001000100001000000000000010000000000000101000000001000000,001001010010000100010000001000100001000000000000010000000000000101000000001000000
e6c3-9-g034-f001230,34,E6C3-9,E6C3-9,E6C3-9.mp4,34,1230,40.9923,ArchiveInvest manual,False,0,0,,matches corpus tag,matches repeated corpus observations,,evidence/e6c3-9/g034_f001230.jpg,000000000100000110000010001000010000001100000000001000000000000010000000001000110,000000000100000110000010001000010000001100000000001000000000000010000000001000110
e6c3-9-g035-f001237,35,E6C3-9,E6C3-9,E6C3-9.mp4,35,1237,41.2256,ArchiveInvest manual,False,0,0,,matches corpus tag,matches repeated corpus observations,,evidence/e6c3-9/g035_f001237.jpg,010000000010000010010010010000011000000000100000000000010000000000000000000000000,010000000010000010010010010000011000000000100000000000010000000000000000000000000
e6c3-9-g036-f001242,36,E6C3-9,E6C3-9,E6C3-9.mp4,36,1242,41.3923,ArchiveInvest manual,False,0,0,,matches corpus tag,matches repeated corpus observations,,evidence/e6c3-9/g036_f001242.jpg,010000010100000100000000000000000000000000000000001000000010001100000000000000100,010000010100000100000000000000000000000000000000001000000010001100000000000000100
e6c4-13-g001-f000415,117,E6C4-13,E6C4-13,E6C4-13.mp4,1,415,13.8416,ArchiveInvest manual,False,0,0,,matches corpus tag,matches repeated corpus observations,,evidence/e6c4-13/g001_f000415.jpg,000000000011000000100000000100010000001010100000000000100000000010000100001000000,000000000011000000100000000100010000001010100000000000100000000010000100001000000
e6c4-13-g002-f000420,118,E6C4-13,E6C4-13,E6C4-13.mp4,2,420,14.0082,ArchiveInvest manual,False,0,0,,matches corpus tag,matches repeated corpus observations,,evidence/e6c4-13/g002_f000420.jpg,000000000000000001000000000000000000000000000000101001000000000000000110000100000,000000000000000001000000000000000000000000000000101001000000000000000110000100000
e6c4-13-g003-f000424,119,E6C4-13,E6C4-13,E6C4-13.mp4,3,424,14.1415,ArchiveInvest manual,False,0,0,,matches corpus tag,matches repeated corpus observations,,evidence/e6c4-13/g003_f000424.jpg,000000000001000100000000010000110000001000000100000001000000000011000000100000001,000000000001000100000000010000110000001000000100000001000000000011000000100000001
e6c4-13-g004-f000429,120,E6C4-13,E6C4-13,E6C4-13.mp4,4,429,14.3082,ArchiveInvest manual,False,0,0,,matches corpus tag,matches repeated corpus observations,,evidence/e6c4-13/g004_f000429.jpg,000100000100000000000010000000100000000010000000100000000000010000000000100001000,000100000100000000000010000000100000000010000000100000000000010000000000100001000
e6c4-13-g005-f000430,121,E6C4-13,E6C4-13,E6C4-13.mp4,5,430,14.3415,ArchiveInvest manual,False,0,0,,matches corpus tag,matches repeated corpus observations,,evidence/e6c4-13/g005_f000430.jpg,000000000101000000010000001100110000000000000100001000000000000100000000000000000,000000000101000000010000001100110000000000000100001000000000000100000000000000000
e6c4-13-g006-f000439,122,E6C4-13,E6C4-13,E6C4-13.mp4,6,439,14.6415,ArchiveInvest manual,False,0,0,,matches corpus tag,matches repeated corpus observations,,evidence/e6c4-13/g006_f000439.jpg,000000000000000000100010001000000000000000000000000000000000001001000010000000010,000000000000000000100010001000000000000000000000000000000000001001000010000000010
e6c4-13-g007-f000444,123,E6C4-13,E6C4-13,E6C4-13.mp4,7,444,14.8082,ArchiveInvest manual,False,0,0,,matches corpus tag,matches repeated corpus observations,,evidence/e6c4-13/g007_f000444.jpg,000000000000000010000000000000000000000000000000000000010000000000000000100000000,000000000000000010000000000000000000000000000000000000010000000000000000100000000
e6c4-13-g008-f000445,124,E6C4-13,E6C4-13,E6C4-13.mp4,8,445,14.8415,ArchiveInvest manual,False,0,0,,matches corpus tag,matches repeated corpus observations,,evidence/e6c4-13/g008_f000445.jpg,000100000100000000000000000000100001000010000000000000010010000000000000010000000,000100000100000000000000000000100001000010000000000000010010000000000000010000000
e6c4-13-g009-f000450,125,E6C4-13,E6C4-13,E6C4-13.mp4,9,450,15.0082,ArchiveInvest manual,False,0,0,,matches corpus tag,matches repeated corpus observations,,evidence/e6c4-13/g009_f000450.jpg,000001000000000010000000000000000000001010000000010000000010000100000000000000000,000001000000000010000000000000000000001010000000010000000010000100000000000000000
e6c4-13-g010-f000455,126,E6C4-13,E6C4-13,E6C4-13.mp4,10,455,15.1748,ArchiveInvest manual,False,0,0,,matches corpus tag,matches repeated corpus observations,,evidence/e6c4-13/g010_f000455.jpg,000000000000000000000000000000000000001000000000100000000000000001000010001000100,000000000000000000000000000000000000001000000000100000000000000001000010001000100
e6c4-13-g011-f000460,112,E6C4-13,E6C4-13,E6C4-13.mp4,11,460,15.3415,ArchiveInvest manual,False,0,0,,matches corpus tag,matches repeated corpus observations,,evidence/e6c4-13/g011_f000460.jpg,000001000000000000000000000000001000000000000100000000000010000000000100000000000,000001000000000000000000000000001000000000000100000000000010000000000100000000000
e6c4-13-g012-f000465,38,E6C4-13,E6C4-13,E6C4-13.mp4,12,465,15.5081,ArchiveInvest manual,False,0,0,,matches corpus tag,matches repeated corpus observations,,evidence/e6c4-13/g012_f000465.jpg,000000000000000000000000000000001000000010000000100001000000010001000000000000000,000000000000000000000000000000001000000010000000100001000000010001000000000000000
e6c4-13-g013-f000479,41,E6C4-13,E6C4-13,E6C4-13.mp4,13,479,15.9748,ArchiveInvest manual,False,0,0,,matches corpus tag,matches repeated corpus observations,,evidence/e6c4-13/g013_f000479.jpg,000101000010000010010000001000000000001010000100000000000000000000000010000100001,000101000010000010010000001000000000001010000100000000000000000000000010000100001
e6c4-13-g014-f000484,42,E6C4-13,E6C4-13,E6C4-13.mp4,14,484,16.1415,ArchiveInvest manual,False,0,0,,matches corpus tag,matches repeated corpus observations,,evidence/e6c4-13/g014_f000484.jpg,000000000101000010000000000100010000000000000000000001100000000000000000000100010,000000000101000010000000000100010000000000000000000001100000000000000000000100010
e6c4-13-g015-f000489,43,E6C4-13,E6C4-13,E6C4-13.mp4,15,489,16.3081,ArchiveInvest manual,False,0,0,,matches corpus tag,matches repeated corpus observations,,evidence/e6c4-13/g015_f000489.jpg,100101000000000001100000011000100000001100000000010000000000011000000010000000011,100101000000000001100000011000100000001100000000010000000000011000000010000000011
e6c4-13-g016-f000494,44,E6C4-13,E6C4-13,E6C4-13.mp4,16,494,16.4748,ArchiveInvest manual,False,0,0,,matches corpus tag,matches repeated corpus observations,,evidence/e6c4-13/g016_f000494.jpg,010001000110000000000000000000000000000000000000011000000000000010000000000000010,010001000110000000000000000000000000000000000000011000000000000010000000000000010
e6c4-13-g017-f000499,45,E6C4-13,E6C4-13,E6C4-13.mp4,17,499,16.6415,ArchiveInvest manual,False,0,0,,matches corpus tag,matches repeated corpus observations,,evidence/e6c4-13/g017_f000499.jpg,010000000000000100010000000100011001001001000000100000000000001000000000001000011,010000000000000100010000000100011001001001000000100000000000001000000000001000011
e6c4-13-g018-f000504,46,E6C4-13,E6C4-13,E6C4-13.mp4,18,504,16.8081,ArchiveInvest manual,False,0,0,,matches corpus tag,matches repeated corpus observations,,evidence/e6c4-13/g018_f000504.jpg,000000101100000110000000000000000000000100000000100001000000011000000000000000010,000000101100000110000000000000000000000100000000100001000000011000000000000000010
e6c4-13-g019-f000509,47,E6C4-13,E6C4-13,E6C4-13.mp4,19,509,16.9748,ArchiveInvest manual,False,0,0,,matches corpus tag,matches repeated corpus observations,,evidence/e6c4-13/g019_f000509.jpg,000001000011000010000000010100000000001100000000000000000010000000000001000000001,000001000011000010000000010100000000001100000000000000000010000000000001000000001
e6c4-13-g020-f000514,48,E6C4-13,E6C4-13,E6C4-13.mp4,20,514,17.1415,ArchiveInvest manual,False,0,0,,matches corpus tag,matches repeated corpus observations,,evidence/e6c4-13/g020_f000514.jpg,011000000000000000000010000000101000001010000000000000000000001010000000000000000,011000000000000000000010000000101000001010000000000000000000001010000000000000000
e6c4-13-g021-f000519,49,E6C4-13,E6C4-13,E6C4-13.mp4,21,519,17.3081,ArchiveInvest manual,False,0,0,,matches corpus tag,matches repeated corpus observations,,evidence/e6c4-13/g021_f000519.jpg,001000000000000000100000011000101000000000000000000000100000000100000101000100000,001000000000000000100000011000101000000000000000000000100000000100000101000100000
e6c4-13-g022-f000526,50,E6C4-13,E6C4-13,E6C4-13.mp4,22,526,17.5414,ArchiveInvest manual,False,0,0,,matches corpus tag,matches repeated corpus observations,,evidence/e6c4-13/g022_f000526.jpg,000000001100000010000000000100010000000000000000000000000000000000000000000000000,000000001100000010000000000100010000000000000000000000000000000000000000000000000
e6c4-13-g023-f000527,51,E6C4-13,E6C4-13,E6C4-13.mp4,23,527,17.5748,ArchiveInvest manual,False,0,0,,matches corpus tag,matches repeated corpus observations,,evidence/e6c4-13/g023_f000527.jpg,000000000001000000010000000000000000000100000000000000000000000001000000000001000,000000000001000000010000000000000000000100000000000000000000000001000000000001000
e6c4-13-g024-f000532,52,E6C4-13,E6C4-13,E6C4-13.mp4,24,532,17.7414,ArchiveInvest manual,False,0,0,,matches corpus tag,matches repeated corpus observations,,evidence/e6c4-13/g024_f000532.jpg,100000100001000000000000000000010000001000000000001000000000000100000000010100001,100000100001000000000000000000010000001000000000001000000000000100000000010100001
e6c4-13-g025-f000537,53,E6C4-13,E6C4-13,E6C4-13.mp4,25,537,17.9081,ArchiveInvest manual,False,0,0,,matches corpus tag,matches repeated corpus observations,,evidence/e6c4-13/g025_f000537.jpg,001000000001000000100000010100000000000000000000000000100000000001000000000000000,001000000001000000100000010100000000000000000000000000100000000001000000000000000
e6c4-16-g001-f000491,127,E6C4-16,E6C4-16,E6C4-16.mp4,1,491,16.3626,ArchiveInvest manual,False,0,0,,matches corpus tag,single-source corpus entry; unverified,,evidence/e6c4-16/g001_f000491.jpg,000000000000000000000000001000000001000111000000000000100000000000000000000100000,000000000000000000000000001000000001000111000000000000100000000000000000000100000
e6c4-16-g002-f000496,128,E6C4-16,E6C4-16,E6C4-16.mp4,2,496,16.5292,ArchiveInvest manual,False,0,0,,matches corpus tag,matches repeated corpus observations,,evidence/e6c4-16/g002_f000496.jpg,110000000101000000010000000000000000000000000000010000000010000001000000000000000,110000000101000000010000000000000000000000000000010000000010000001000000000000000
e6c4-16-g003-f000502,117,E6C4-16,E6C4-16,E6C4-16.mp4,3,502,16.7292,ArchiveInvest manual,False,0,0,,matches corpus tag,matches repeated corpus observations,,evidence/e6c4-16/g003_f000502.jpg,000000000011000000100000000100010000001010100000000000100000000010000100001000000,000000000011000000100000000100010000001010100000000000100000000010000100001000000
e6c4-16-g004-f000508,118,E6C4-16,E6C4-16,E6C4-16.mp4,4,508,16.9292,ArchiveInvest manual,False,0,0,,matches corpus tag,matches repeated corpus observations,,evidence/e6c4-16/g004_f000508.jpg,000000000000000001000000000000000000000000000000101001000000000000000110000100000,000000000000000001000000000000000000000000000000101001000000000000000110000100000
e6c4-16-g005-f000514,129,E6C4-16,E6C4-16,E6C4-16.mp4,5,514,17.1292,ArchiveInvest manual,False,0,0,,matches corpus tag,single-source corpus entry; unverified,,evidence/e6c4-16/g005_f000514.jpg,000000000001000100000000010000110000001000000100101001000000000011000110100100001,000000000001000100000000010000110000001000000100101001000000000011000110100100001
e6c4-16-g006-f000514,119,E6C4-16,E6C4-16,E6C4-16.mp4,6,514,17.1292,ArchiveInvest manual,False,0,0,,matches corpus tag,matches repeated corpus observations,,evidence/e6c4-16/g006_f000514.jpg,000000000001000100000000010000110000001000000100000001000000000011000000100000001,000000000001000100000000010000110000001000000100000001000000000011000000100000001
e6c4-16-g007-f000520,120,E6C4-16,E6C4-16,E6C4-16.mp4,7,520,17.3292,ArchiveInvest manual,False,0,0,,matches corpus tag,matches repeated corpus observations,,evidence/e6c4-16/g007_f000520.jpg,000100000100000000000010000000100000000010000000100000000000010000000000100001000,000100000100000000000010000000100000000010000000100000000000010000000000100001000
e6c4-16-g008-f000526,121,E6C4-16,E6C4-16,E6C4-16.mp4,8,526,17.5291,ArchiveInvest manual,False,0,0,,matches corpus tag,matches repeated corpus observations,,evidence/e6c4-16/g008_f000526.jpg,000000000101000000010000001100110000000000000100001000000000000100000000000000000,000000000101000000010000001100110000000000000100001000000000000100000000000000000
e6c4-16-g009-f000532,122,E6C4-16,E6C4-16,E6C4-16.mp4,9,532,17.7291,ArchiveInvest manual,False,0,0,,matches corpus tag,matches repeated corpus observations,,evidence/e6c4-16/g009_f000532.jpg,000000000000000000100010001000000000000000000000000000000000001001000010000000010,000000000000000000100010001000000000000000000000000000000000001001000010000000010
e6c4-16-g010-f000538,123,E6C4-16,E6C4-16,E6C4-16.mp4,10,538,17.9291,ArchiveInvest manual,False,0,0,,matches corpus tag,matches repeated corpus observations,,evidence/e6c4-16/g010_f000538.jpg,000000000000000010000000000000000000000000000000000000010000000000000000100000000,000000000000000010000000000000000000000000000000000000010000000000000000100000000
e6c4-16-g011-f000544,124,E6C4-16,E6C4-16,E6C4-16.mp4,11,544,18.1291,ArchiveInvest manual,False,0,0,,matches corpus tag,matches repeated corpus observations,,evidence/e6c4-16/g011_f000544.jpg,000100000100000000000000000000100001000010000000000000010010000000000000010000000,000100000100000000000000000000100001000010000000000000010010000000000000010000000
e6c4-16-g012-f000545,125,E6C4-16,E6C4-16,E6C4-16.mp4,12,545,18.1624,ArchiveInvest manual,False,0,0,,matches corpus tag,matches repeated corpus observations,,evidence/e6c4-16/g012_f000545.jpg,000001000000000010000000000000000000001010000000010000000010000100000000000000000,000001000000000010000000000000000000001010000000010000000010000100000000000000000
e6c4-16-g013-f000556,126,E6C4-16,E6C4-16,E6C4-16.mp4,13,556,18.5291,ArchiveInvest manual,False,0,0,,matches corpus tag,matches repeated corpus observations,,evidence/e6c4-16/g013_f000556.jpg,000000000000000000000000000000000000001000000000100000000000000001000010001000100,000000000000000000000000000000000000001000000000100000000000000001000010001000100
e6c4-16-g014-f000562,112,E6C4-16,E6C4-16,E6C4-16.mp4,14,562,18.7291,ArchiveInvest manual,False,0,0,,matches corpus tag,matches repeated corpus observations,,evidence/e6c4-16/g014_f000562.jpg,000001000000000000000000000000001000000000000100000000000010000000000100000000000,000001000000000000000000000000001000000000000100000000000010000000000100000000000
e6c4-16-g015-f000568,38,E6C4-16,E6C4-16,E6C4-16.mp4,15,568,18.9291,ArchiveInvest manual,False,0,0,,matches corpus tag,matches repeated corpus observations,,evidence/e6c4-16/g015_f000568.jpg,000000000000000000000000000000001000000010000000100001000000010001000000000000000,000000000000000000000000000000001000000010000000100001000000010001000000000000000
e6c4-16-g016-f000574,39,E6C4-16,E6C4-16,E6C4-16.mp4,16,574,19.1291,ArchiveInvest manual,False,0,0,,matches corpus tag,matches repeated corpus observations,,evidence/e6c4-16/g016_f000574.jpg,000101000001000000010000000100000000000000100100000000000000000000000001000000001,000101000001000000010000000100000000000000100100000000000000000000000001000000001
e6c4-16-g017-f000575,40,E6C4-16,E6C4-16,E6C4-16.mp4,17,575,19.1624,ArchiveInvest manual,False,0,0,,matches corpus tag,matches repeated corpus observations,,evidence/e6c4-16/g017_f000575.jpg,100000000000000001000000000000000000000001000100000000000000000010000000000001011,100000000000000001000000000000000000000001000100000000000000000010000000000001011
e6c4-16-g018-f000581,41,E6C4-16,E6C4-16,E6C4-16.mp4,18,581,19.3624,ArchiveInvest manual,False,0,0,,matches corpus tag,matches repeated corpus observations,,evidence/e6c4-16/g018_f000581.jpg,000101000010000010010000001000000000001010000100000000000000000000000010000100001,000101000010000010010000001000000000001010000100000000000000000000000010000100001
e6c4-16-g019-f000592,42,E6C4-16,E6C4-16,E6C4-16.mp4,19,592,19.7291,ArchiveInvest manual,False,0,0,,matches corpus tag,matches repeated corpus observations,,evidence/e6c4-16/g019_f000592.jpg,000000000101000010000000000100010000000000000000000001100000000000000000000100010,000000000101000010000000000100010000000000000000000001100000000000000000000100010
e6c4-16-g020-f000593,43,E6C4-16,E6C4-16,E6C4-16.mp4,20,593,19.7624,ArchiveInvest manual,False,0,0,,matches corpus tag,matches repeated corpus observations,,evidence/e6c4-16/g020_f000593.jpg,100101000000000001100000011000100000001100000000010000000000011000000010000000011,100101000000000001100000011000100000001100000000010000000000011000000010000000011
e6c4-16-g021-f000604,44,E6C4-16,E6C4-16,E6C4-16.mp4,21,604,20.1291,ArchiveInvest manual,False,0,0,,matches corpus tag,matches repeated corpus observations,,evidence/e6c4-16/g021_f000604.jpg,010001000110000000000000000000000000000000000000011000000000000010000000000000010,010001000110000000000000000000000000000000000000011000000000000010000000000000010
e6c4-16-g022-f000605,45,E6C4-16,E6C4-16,E6C4-16.mp4,22,605,20.1624,ArchiveInvest manual,False,0,0,,matches corpus tag,matches repeated corpus observations,,evidence/e6c4-16/g022_f000605.jpg,010000000000000100010000000100011001001001000000100000000000001000000000001000011,010000000000000100010000000100011001001001000000100000000000001000000000001000011
e6c4-16-g023-f000611,46,E6C4-16,E6C4-16,E6C4-16.mp4,23,611,20.3624,ArchiveInvest manual,False,0,0,,matches corpus tag,matches repeated corpus observations,,evidence/e6c4-16/g023_f000611.jpg,000000101100000110000000000000000000000100000000100001000000011000000000000000010,000000101100000110000000000000000000000100000000100001000000011000000000000000010
e6c4-16-g024-f000617,47,E6C4-16,E6C4-16,E6C4-16.mp4,24,617,20.5624,ArchiveInvest manual,False,0,0,,matches corpus tag,matches repeated corpus observations,,evidence/e6c4-16/g024_f000617.jpg,000001000011000010000000010100000000001100000000000000000010000000000001000000001,000001000011000010000000010100000000001100000000000000000010000000000001000000001
e6c4-16-g025-f000623,48,E6C4-16,E6C4-16,E6C4-16.mp4,25,623,20.7624,ArchiveInvest manual,False,0,0,,matches corpus tag,matches repeated corpus observations,,evidence/e6c4-16/g025_f000623.jpg,011000000000000000000010000000101000001010000000000000000000001010000000000000000,011000000000000000000010000000101000001010000000000000000000001010000000000000000
e6c4-16-g026-f000629,49,E6C4-16,E6C4-16,E6C4-16.mp4,26,629,20.9624,ArchiveInvest manual,False,0,0,,matches corpus tag,matches repeated corpus observations,,evidence/e6c4-16/g026_f000629.jpg,001000000000000000100000011000101000000000000000000000100000000100000101000100000,001000000000000000100000011000101000000000000000000000100000000100000101000100000
e6c4-16-g027-f000636,50,E6C4-16,E6C4-16,E6C4-16.mp4,27,636,21.1957,ArchiveInvest manual,False,0,0,,matches corpus tag,matches repeated corpus observations,,evidence/e6c4-16/g027_f000636.jpg,000000001100000010000000000100010000000000000000000000000000000000000000000000000,000000001100000010000000000100010000000000000000000000000000000000000000000000000
e6c4-16-g028-f000641,51,E6C4-16,E6C4-16,E6C4-16.mp4,28,641,21.3624,ArchiveInvest manual,False,0,0,,matches corpus tag,matches repeated corpus observations,,evidence/e6c4-16/g028_f000641.jpg,000000000001000000010000000000000000000100000000000000000000000001000000000001000,000000000001000000010000000000000000000100000000000000000000000001000000000001000
e6c4-16-g029-f000647,52,E6C4-16,E6C4-16,E6C4-16.mp4,29,647,21.5624,ArchiveInvest manual,False,0,0,,matches corpus tag,matches repeated corpus observations,,evidence/e6c4-16/g029_f000647.jpg,100000100001000000000000000000010000001000000000001000000000000100000000010100001,100000100001000000000000000000010000001000000000001000000000000100000000010100001
e6c4-16-g030-f000653,53,E6C4-16,E6C4-16,E6C4-16.mp4,30,653,21.7624,ArchiveInvest manual,False,0,0,,matches corpus tag,matches repeated corpus observations,,evidence/e6c4-16/g030_f000653.jpg,001000000001000000100000010100000000000000000000000000100000000001000000000000000,001000000001000000100000010100000000000000000000000000100000000001000000000000000
e6c4-16-g031-f000708,54,E6C4-16,E6C4-16,E6C4-16.mp4,31,708,23.5957,ArchiveInvest manual,False,0,0,,matches corpus tag,matches repeated corpus observations,,evidence/e6c4-16/g031_f000708.jpg,000001000010000000000000010000100000001000000000100000010000000000000010001000111,000001000010000000000000010000100000001000000000100000010000000000000010001000111
e6c4-17-g001-f000856,124,E6C4-17,E6C4-17,E6C4-17.mp4,1,856,28.5478,ArchiveInvest manual,False,0,0,,matches corpus tag,matches repeated corpus observations,,evidence/e6c4-17/g001_f000856.jpg,000100000100000000000000000000100001000010000000000000010010000000000000010000000,000100000100000000000000000000100001000010000000000000010010000000000000010000000
e6c4-17-g002-f000856,124,E6C4-17,E6C4-17,E6C4-17.mp4,2,856,28.5478,ArchiveInvest manual,False,0,0,,matches corpus tag,matches repeated corpus observations,,evidence/e6c4-17/g002_f000856.jpg,000100000100000000000000000000100001000010000000000000010010000000000000010000000,000100000100000000000000000000100001000010000000000000010010000000000000010000000
e6c4-17-g003-f000862,125,E6C4-17,E6C4-17,E6C4-17.mp4,3,862,28.7477,ArchiveInvest manual,False,0,0,,matches corpus tag,matches repeated corpus observations,,evidence/e6c4-17/g003_f000862.jpg,000001000000000010000000000000000000001010000000010000000010000100000000000000000,000001000000000010000000000000000000001010000000010000000010000100000000000000000
e6c4-17-g004-f000863,126,E6C4-17,E6C4-17,E6C4-17.mp4,4,863,28.7811,ArchiveInvest manual,False,0,0,,matches corpus tag,matches repeated corpus observations,,evidence/e6c4-17/g004_f000863.jpg,000000000000000000000000000000000000001000000000100000000000000001000010001000100,000000000000000000000000000000000000001000000000100000000000000001000010001000100
e6c4-17-g005-f000874,112,E6C4-17,E6C4-17,E6C4-17.mp4,5,874,29.1477,ArchiveInvest manual,False,0,0,,matches corpus tag,matches repeated corpus observations,,evidence/e6c4-17/g005_f000874.jpg,000001000000000000000000000000001000000000000100000000000010000000000100000000000,000001000000000000000000000000001000000000000100000000000010000000000100000000000
e6c4-17-g006-f000881,38,E6C4-17,E6C4-17,E6C4-17.mp4,6,881,29.381,ArchiveInvest manual,False,0,0,,matches corpus tag,matches repeated corpus observations,,evidence/e6c4-17/g006_f000881.jpg,000000000000000000000000000000001000000010000000100001000000010001000000000000000,000000000000000000000000000000001000000010000000100001000000010001000000000000000
e6c4-17-g007-f000887,130,E6C4-17,E6C4-17,E6C4-17.mp4,7,887,29.581,ArchiveInvest manual,False,0,0,,matches corpus tag,multi-source audited,,evidence/e6c4-17/g007_f000887.jpg,000001000001000000010000000100000000000000100100000000000000000000000001000000001,000001000001000000010000000100000000000000100100000000000000000000000001000000001
e6c4-17-g008-f000893,131,E6C4-17,E6C4-17,E6C4-17.mp4,8,893,29.781,ArchiveInvest manual,False,0,0,,matches corpus tag,matches repeated corpus observations,,evidence/e6c4-17/g008_f000893.jpg,100000000000000000000000000000000000000001000100000000000000000010000000000001011,100000000000000000000000000000000000000001000100000000000000000010000000000001011
e6c4-17-g009-f000899,132,E6C4-17,E6C4-17,E6C4-17.mp4,9,899,29.981,ArchiveInvest manual,False,0,0,,matches corpus tag,single-source corpus entry; unverified,,evidence/e6c4-17/g009_f000899.jpg,000001000010000000010000000000000000001010000100000000000000000000000010000100001,000001000010000000010000000000000000001010000100000000000000000000000010000100001
e6c4-17-g010-f000905,42,E6C4-17,E6C4-17,E6C4-17.mp4,10,905,30.181,ArchiveInvest manual,False,0,0,,matches corpus tag,matches repeated corpus observations,,evidence/e6c4-17/g010_f000905.jpg,000000000101000010000000000100010000000000000000000001100000000000000000000100010,000000000101000010000000000100010000000000000000000001100000000000000000000100010
e6c4-17-g011-f000911,43,E6C4-17,E6C4-17,E6C4-17.mp4,11,911,30.381,ArchiveInvest manual,False,0,0,,matches corpus tag,matches repeated corpus observations,,evidence/e6c4-17/g011_f000911.jpg,100101000000000001100000011000100000001100000000010000000000011000000010000000011,100101000000000001100000011000100000001100000000010000000000011000000010000000011
e6c4-17-g012-f000917,44,E6C4-17,E6C4-17,E6C4-17.mp4,12,917,30.581,ArchiveInvest manual,False,0,0,,matches corpus tag,matches repeated corpus observations,,evidence/e6c4-17/g012_f000917.jpg,010001000110000000000000000000000000000000000000011000000000000010000000000000010,010001000110000000000000000000000000000000000000011000000000000010000000000000010
e6c4-17-g013-f000918,45,E6C4-17,E6C4-17,E6C4-17.mp4,13,918,30.6143,ArchiveInvest manual,False,0,0,,matches corpus tag,matches repeated corpus observations,,evidence/e6c4-17/g013_f000918.jpg,010000000000000100010000000100011001001001000000100000000000001000000000001000011,010000000000000100010000000100011001001001000000100000000000001000000000001000011
e6c4-17-g014-f000924,46,E6C4-17,E6C4-17,E6C4-17.mp4,14,924,30.8143,ArchiveInvest manual,False,0,0,,matches corpus tag,matches repeated corpus observations,,evidence/e6c4-17/g014_f000924.jpg,000000101100000110000000000000000000000100000000100001000000011000000000000000010,000000101100000110000000000000000000000100000000100001000000011000000000000000010
e6c4-17-g015-f000930,47,E6C4-17,E6C4-17,E6C4-17.mp4,15,930,31.0143,ArchiveInvest manual,False,0,0,,matches corpus tag,matches repeated corpus observations,,evidence/e6c4-17/g015_f000930.jpg,000001000011000010000000010100000000001100000000000000000010000000000001000000001,000001000011000010000000010100000000001100000000000000000010000000000001000000001
e6c4-17-g016-f000936,48,E6C4-17,E6C4-17,E6C4-17.mp4,16,936,31.2143,ArchiveInvest manual,False,0,0,,matches corpus tag,matches repeated corpus observations,,evidence/e6c4-17/g016_f000936.jpg,011000000000000000000010000000101000001010000000000000000000001010000000000000000,011000000000000000000010000000101000001010000000000000000000001010000000000000000
e6c4-17-g017-f000942,49,E6C4-17,E6C4-17,E6C4-17.mp4,17,942,31.4143,ArchiveInvest manual,False,0,0,,matches corpus tag,matches repeated corpus observations,,evidence/e6c4-17/g017_f000942.jpg,001000000000000000100000011000101000000000000000000000100000000100000101000100000,001000000000000000100000011000101000000000000000000000100000000100000101000100000
e6c4-17-g018-f000948,50,E6C4-17,E6C4-17,E6C4-17.mp4,18,948,31.6143,ArchiveInvest manual,False,0,0,,matches corpus tag,matches repeated corpus observations,,evidence/e6c4-17/g018_f000948.jpg,000000001100000010000000000100010000000000000000000000000000000000000000000000000,000000001100000010000000000100010000000000000000000000000000000000000000000000000
e6c4-17-g019-f000954,51,E6C4-17,E6C4-17,E6C4-17.mp4,19,954,31.8143,ArchiveInvest manual,False,0,0,,matches corpus tag,matches repeated corpus observations,,evidence/e6c4-17/g019_f000954.jpg,000000000001000000010000000000000000000100000000000000000000000001000000000001000,000000000001000000010000000000000000000100000000000000000000000001000000000001000
e6c4-18-g001-f000744,120,E6C4-18,E6C4-18,E6C4-18.mp4,1,744,24.7897,ArchiveInvest manual,False,0,0,,matches corpus tag,matches repeated corpus observations,,evidence/e6c4-18/g001_f000744.jpg,000100000100000000000010000000100000000010000000100000000000010000000000100001000,000100000100000000000010000000100000000010000000100000000000010000000000100001000
e6c4-18-g002-f000745,121,E6C4-18,E6C4-18,E6C4-18.mp4,2,745,24.823,ArchiveInvest manual,False,0,0,,matches corpus tag,matches repeated corpus observations,,evidence/e6c4-18/g002_f000745.jpg,000000000101000000010000001100110000000000000100001000000000000100000000000000000,000000000101000000010000001100110000000000000100001000000000000100000000000000000
e6c4-18-g003-f000751,122,E6C4-18,E6C4-18,E6C4-18.mp4,3,751,25.023,ArchiveInvest manual,False,0,0,,matches corpus tag,matches repeated corpus observations,,evidence/e6c4-18/g003_f000751.jpg,000000000000000000100010001000000000000000000000000000000000001001000010000000010,000000000000000000100010001000000000000000000000000000000000001001000010000000010
e6c4-18-g004-f000757,123,E6C4-18,E6C4-18,E6C4-18.mp4,4,757,25.223,ArchiveInvest manual,False,0,0,,matches corpus tag,matches repeated corpus observations,,evidence/e6c4-18/g004_f000757.jpg,000000000000000010000000000000000000000000000000000000010000000000000000100000000,000000000000000010000000000000000000000000000000000000010000000000000000100000000
e6c4-18-g005-f000763,124,E6C4-18,E6C4-18,E6C4-18.mp4,5,763,25.423,ArchiveInvest manual,False,0,0,,matches corpus tag,matches repeated corpus observations,,evidence/e6c4-18/g005_f000763.jpg,000100000100000000000000000000100001000010000000000000010010000000000000010000000,000100000100000000000000000000100001000010000000000000010010000000000000010000000
e6c4-18-g006-f000768,124,E6C4-18,E6C4-18,E6C4-18.mp4,6,768,25.5897,ArchiveInvest manual,False,0,0,,matches corpus tag,matches repeated corpus observations,,evidence/e6c4-18/g006_f000768.jpg,000100000100000000000000000000100001000010000000000000010010000000000000010000000,000100000100000000000000000000100001000010000000000000010010000000000000010000000
e6c4-18-g007-f000769,125,E6C4-18,E6C4-18,E6C4-18.mp4,7,769,25.623,ArchiveInvest manual,False,0,0,,matches corpus tag,matches repeated corpus observations,,evidence/e6c4-18/g007_f000769.jpg,000001000000000010000000000000000000001010000000010000000010000100000000000000000,000001000000000010000000000000000000001010000000010000000010000100000000000000000
e6c4-18-g008-f000775,126,E6C4-18,E6C4-18,E6C4-18.mp4,8,775,25.823,ArchiveInvest manual,False,0,0,,matches corpus tag,matches repeated corpus observations,,evidence/e6c4-18/g008_f000775.jpg,000000000000000000000000000000000000001000000000100000000000000001000010001000100,000000000000000000000000000000000000001000000000100000000000000001000010001000100
e6c4-18-g009-f000781,112,E6C4-18,E6C4-18,E6C4-18.mp4,9,781,26.023,ArchiveInvest manual,False,0,0,,matches corpus tag,matches repeated corpus observations,,evidence/e6c4-18/g009_f000781.jpg,000001000000000000000000000000001000000000000100000000000010000000000100000000000,000001000000000000000000000000001000000000000100000000000010000000000100000000000
e6c4-18-g010-f000787,38,E6C4-18,E6C4-18,E6C4-18.mp4,10,787,26.223,ArchiveInvest manual,False,0,0,,matches corpus tag,matches repeated corpus observations,,evidence/e6c4-18/g010_f000787.jpg,000000000000000000000000000000001000000010000000100001000000010001000000000000000,000000000000000000000000000000001000000010000000100001000000010001000000000000000
e6c4-18-g011-f000793,39,E6C4-18,E6C4-18,E6C4-18.mp4,11,793,26.423,ArchiveInvest manual,False,0,0,,matches corpus tag,matches repeated corpus observations,,evidence/e6c4-18/g011_f000793.jpg,000101000001000000010000000100000000000000100100000000000000000000000001000000001,000101000001000000010000000100000000000000100100000000000000000000000001000000001
e6c4-18-g012-f000799,40,E6C4-18,E6C4-18,E6C4-18.mp4,12,799,26.623,ArchiveInvest manual,False,0,0,,matches corpus tag,matches repeated corpus observations,,evidence/e6c4-18/g012_f000799.jpg,100000000000000001000000000000000000000001000100000000000000000010000000000001011,100000000000000001000000000000000000000001000100000000000000000010000000000001011
e6c4-18-g013-f000805,41,E6C4-18,E6C4-18,E6C4-18.mp4,13,805,26.823,ArchiveInvest manual,False,0,0,,matches corpus tag,matches repeated corpus observations,,evidence/e6c4-18/g013_f000805.jpg,000101000010000010010000001000000000001010000100000000000000000000000010000100001,000101000010000010010000001000000000001010000100000000000000000000000010000100001
e6c4-18-g014-f000811,42,E6C4-18,E6C4-18,E6C4-18.mp4,14,811,27.023,ArchiveInvest manual,False,0,0,,matches corpus tag,matches repeated corpus observations,,evidence/e6c4-18/g014_f000811.jpg,000000000101000010000000000100010000000000000000000001100000000000000000000100010,000000000101000010000000000100010000000000000000000001100000000000000000000100010
e6c4-18-g015-f000817,43,E6C4-18,E6C4-18,E6C4-18.mp4,15,817,27.223,ArchiveInvest manual,False,0,0,,matches corpus tag,matches repeated corpus observations,,evidence/e6c4-18/g015_f000817.jpg,100101000000000001100000011000100000001100000000010000000000011000000010000000011,100101000000000001100000011000100000001100000000010000000000011000000010000000011
e6c4-18-g016-f000823,44,E6C4-18,E6C4-18,E6C4-18.mp4,16,823,27.423,ArchiveInvest manual,False,0,0,,matches corpus tag,matches repeated corpus observations,,evidence/e6c4-18/g016_f000823.jpg,010001000110000000000000000000000000000000000000011000000000000010000000000000010,010001000110000000000000000000000000000000000000011000000000000010000000000000010
e6c4-18-g017-f000829,45,E6C4-18,E6C4-18,E6C4-18.mp4,17,829,27.623,ArchiveInvest manual,False,0,0,,matches corpus tag,matches repeated corpus observations,,evidence/e6c4-18/g017_f000829.jpg,010000000000000100010000000100011001001001000000100000000000001000000000001000011,010000000000000100010000000100011001001001000000100000000000001000000000001000011
e6c4-18-g018-f000835,46,E6C4-18,E6C4-18,E6C4-18.mp4,18,835,27.823,ArchiveInvest manual,False,0,0,,matches corpus tag,matches repeated corpus observations,,evidence/e6c4-18/g018_f000835.jpg,000000101100000110000000000000000000000100000000100001000000011000000000000000010,000000101100000110000000000000000000000100000000100001000000011000000000000000010
e6c4-18-g019-f000842,47,E6C4-18,E6C4-18,E6C4-18.mp4,19,842,28.0563,ArchiveInvest manual,False,0,0,,matches corpus tag,matches repeated corpus observations,,evidence/e6c4-18/g019_f000842.jpg,000001000011000010000000010100000000001100000000000000000010000000000001000000001,000001000011000010000000010100000000001100000000000000000010000000000001000000001
e6c4-18-g020-f000847,48,E6C4-18,E6C4-18,E6C4-18.mp4,20,847,28.223,ArchiveInvest manual,False,0,0,,matches corpus tag,matches repeated corpus observations,,evidence/e6c4-18/g020_f000847.jpg,011000000000000000000010000000101000001010000000000000000000001010000000000000000,011000000000000000000010000000101000001010000000000000000000001010000000000000000
e6c4-18-g021-f000853,49,E6C4-18,E6C4-18,E6C4-18.mp4,21,853,28.423,ArchiveInvest manual,False,0,0,,matches corpus tag,matches repeated corpus observations,,evidence/e6c4-18/g021_f000853.jpg,001000000000000000100000011000101000000000000000000000100000000100000101000100000,001000000000000000100000011000101000000000000000000000100000000100000101000100000
e6c4-18-g022-f000859,50,E6C4-18,E6C4-18,E6C4-18.mp4,22,859,28.623,ArchiveInvest manual,False,0,0,,matches corpus tag,matches repeated corpus observations,,evidence/e6c4-18/g022_f000859.jpg,000000001100000010000000000100010000000000000000000000000000000000000000000000000,000000001100000010000000000100010000000000000000000000000000000000000000000000000
e6c4-18-g023-f000865,51,E6C4-18,E6C4-18,E6C4-18.mp4,23,865,28.823,ArchiveInvest manual,False,0,0,,matches corpus tag,matches repeated corpus observations,,evidence/e6c4-18/g023_f000865.jpg,000000000001000000010000000000000000000100000000000000000000000001000000000001000,000000000001000000010000000000000000000100000000000000000000000001000000000001000
e6c4-19-g001-f000682,123,E6C4-19,E6C4-19,E6C4-19.mp4,1,682,22.7328,ArchiveInvest manual,False,0,0,,matches corpus tag,matches repeated corpus observations,,evidence/e6c4-19/g001_f000682.jpg,000000000000000010000000000000000000000000000000000000010000000000000000100000000,000000000000000010000000000000000000000000000000000000010000000000000000100000000
e6c4-19-g002-f000687,124,E6C4-19,E6C4-19,E6C4-19.mp4,2,687,22.8995,ArchiveInvest manual,False,0,0,,matches corpus tag,matches repeated corpus observations,,evidence/e6c4-19/g002_f000687.jpg,000100000100000000000000000000100001000010000000000000010010000000000000010000000,000100000100000000000000000000100001000010000000000000010010000000000000010000000
e6c4-19-g003-f000694,125,E6C4-19,E6C4-19,E6C4-19.mp4,3,694,23.1328,ArchiveInvest manual,False,0,0,,matches corpus tag,matches repeated corpus observations,,evidence/e6c4-19/g003_f000694.jpg,000001000000000010000000000000000000001010000000010000000010000100000000000000000,000001000000000010000000000000000000001010000000010000000010000100000000000000000
e6c4-19-g004-f000700,126,E6C4-19,E6C4-19,E6C4-19.mp4,4,700,23.3328,ArchiveInvest manual,False,0,0,,matches corpus tag,matches repeated corpus observations,,evidence/e6c4-19/g004_f000700.jpg,000000000000000000000000000000000000001000000000100000000000000001000010001000100,000000000000000000000000000000000000001000000000100000000000000001000010001000100
e6c4-19-g005-f000706,112,E6C4-19,E6C4-19,E6C4-19.mp4,5,706,23.5328,ArchiveInvest manual,False,0,0,,matches corpus tag,matches repeated corpus observations,,evidence/e6c4-19/g005_f000706.jpg,000001000000000000000000000000001000000000000100000000000010000000000100000000000,000001000000000000000000000000001000000000000100000000000010000000000100000000000
e6c4-19-g006-f000712,38,E6C4-19,E6C4-19,E6C4-19.mp4,6,712,23.7328,ArchiveInvest manual,False,0,0,,matches corpus tag,matches repeated corpus observations,,evidence/e6c4-19/g006_f000712.jpg,000000000000000000000000000000001000000010000000100001000000010001000000000000000,000000000000000000000000000000001000000010000000100001000000010001000000000000000
e6c4-19-g007-f000718,39,E6C4-19,E6C4-19,E6C4-19.mp4,7,718,23.9328,ArchiveInvest manual,False,0,0,,matches corpus tag,matches repeated corpus observations,,evidence/e6c4-19/g007_f000718.jpg,000101000001000000010000000100000000000000100100000000000000000000000001000000001,000101000001000000010000000100000000000000100100000000000000000000000001000000001
e6c4-19-g008-f000724,40,E6C4-19,E6C4-19,E6C4-19.mp4,8,724,24.1328,ArchiveInvest manual,False,0,0,,matches corpus tag,matches repeated corpus observations,,evidence/e6c4-19/g008_f000724.jpg,100000000000000001000000000000000000000001000100000000000000000010000000000001011,100000000000000001000000000000000000000001000100000000000000000010000000000001011
e6c4-19-g009-f000730,41,E6C4-19,E6C4-19,E6C4-19.mp4,9,730,24.3328,ArchiveInvest manual,False,0,0,,matches corpus tag,matches repeated corpus observations,,evidence/e6c4-19/g009_f000730.jpg,000101000010000010010000001000000000001010000100000000000000000000000010000100001,000101000010000010010000001000000000001010000100000000000000000000000010000100001
e6c4-19-g010-f000736,42,E6C4-19,E6C4-19,E6C4-19.mp4,10,736,24.5328,ArchiveInvest manual,False,0,0,,matches corpus tag,matches repeated corpus observations,,evidence/e6c4-19/g010_f000736.jpg,000000000101000010000000000100010000000000000000000001100000000000000000000100010,000000000101000010000000000100010000000000000000000001100000000000000000000100010
e6c4-19-g011-f000742,43,E6C4-19,E6C4-19,E6C4-19.mp4,11,742,24.7328,ArchiveInvest manual,False,0,0,,matches corpus tag,matches repeated corpus observations,,evidence/e6c4-19/g011_f000742.jpg,100101000000000001100000011000100000001100000000010000000000011000000010000000011,100101000000000001100000011000100000001100000000010000000000011000000010000000011
e6c4-19-g012-f000749,44,E6C4-19,E6C4-19,E6C4-19.mp4,12,749,24.9661,ArchiveInvest manual,False,0,0,,matches corpus tag,matches repeated corpus observations,,evidence/e6c4-19/g012_f000749.jpg,010001000110000000000000000000000000000000000000011000000000000010000000000000010,010001000110000000000000000000000000000000000000011000000000000010000000000000010
e6c4-19-g013-f000754,45,E6C4-19,E6C4-19,E6C4-19.mp4,13,754,25.1328,ArchiveInvest manual,False,0,0,,matches corpus tag,matches repeated corpus observations,,evidence/e6c4-19/g013_f000754.jpg,010000000000000100010000000100011001001001000000100000000000001000000000001000011,010000000000000100010000000100011001001001000000100000000000001000000000001000011
e6c4-19-g014-f000760,46,E6C4-19,E6C4-19,E6C4-19.mp4,14,760,25.3328,ArchiveInvest manual,False,0,0,,matches corpus tag,matches repeated corpus observations,,evidence/e6c4-19/g014_f000760.jpg,000000101100000110000000000000000000000100000000100001000000011000000000000000010,000000101100000110000000000000000000000100000000100001000000011000000000000000010
e6c4-19-g015-f000766,47,E6C4-19,E6C4-19,E6C4-19.mp4,15,766,25.5328,ArchiveInvest manual,False,0,0,,matches corpus tag,matches repeated corpus observations,,evidence/e6c4-19/g015_f000766.jpg,000001000011000010000000010100000000001100000000000000000010000000000001000000001,000001000011000010000000010100000000001100000000000000000010000000000001000000001
e6c4-19-g016-f000772,48,E6C4-19,E6C4-19,E6C4-19.mp4,16,772,25.7328,ArchiveInvest manual,False,0,0,,matches corpus tag,matches repeated corpus observations,,evidence/e6c4-19/g016_f000772.jpg,011000000000000000000010000000101000001010000000000000000000001010000000000000000,011000000000000000000010000000101000001010000000000000000000001010000000000000000
e6c4-19-g017-f000778,49,E6C4-19,E6C4-19,E6C4-19.mp4,17,778,25.9328,ArchiveInvest manual,False,0,0,,matches corpus tag,matches repeated corpus observations,,evidence/e6c4-19/g017_f000778.jpg,001000000000000000100000011000101000000000000000000000100000000100000101000100000,001000000000000000100000011000101000000000000000000000100000000100000101000100000
e6c4-19-g018-f000786,50,E6C4-19,E6C4-19,E6C4-19.mp4,18,786,26.1995,ArchiveInvest manual,False,0,0,,matches corpus tag,matches repeated corpus observations,,evidence/e6c4-19/g018_f000786.jpg,000000001100000010000000000100010000000000000000000000000000000000000000000000000,000000001100000010000000000100010000000000000000000000000000000000000000000000000
e6c4-19-g019-f000791,51,E6C4-19,E6C4-19,E6C4-19.mp4,19,791,26.3661,ArchiveInvest manual,False,0,0,,matches corpus tag,matches repeated corpus observations,,evidence/e6c4-19/g019_f000791.jpg,000000000001000000010000000000000000000100000000000000000000000001000000000001000,000000000001000000010000000000000000000100000000000000000000000001000000000001000
e6c4-19-g020-f000796,52,E6C4-19,E6C4-19,E6C4-19.mp4,20,796,26.5328,ArchiveInvest manual,False,0,0,,matches corpus tag,matches repeated corpus observations,,evidence/e6c4-19/g020_f000796.jpg,100000100001000000000000000000010000001000000000001000000000000100000000010100001,100000100001000000000000000000010000001000000000001000000000000100000000010100001
e6c4-1g-g001-f000774,117,E6C4-1G,E6C4-1G,E6C4-1G.mp4,1,774,25.7927,ArchiveInvest manual,False,0,0,,matches corpus tag,matches repeated corpus observations,,evidence/e6c4-1g/g001_f000774.jpg,000000000011000000100000000100010000001010100000000000100000000010000100001000000,000000000011000000100000000100010000001010100000000000100000000010000100001000000
e6c4-1g-g002-f000775,118,E6C4-1G,E6C4-1G,E6C4-1G.mp4,2,775,25.826,ArchiveInvest manual,False,0,0,,matches corpus tag,matches repeated corpus observations,,evidence/e6c4-1g/g002_f000775.jpg,000000000000000001000000000000000000000000000000101001000000000000000110000100000,000000000000000001000000000000000000000000000000101001000000000000000110000100000
e6c4-1g-g003-f000781,119,E6C4-1G,E6C4-1G,E6C4-1G.mp4,3,781,26.026,ArchiveInvest manual,False,0,0,,matches corpus tag,matches repeated corpus observations,,evidence/e6c4-1g/g003_f000781.jpg,000000000001000100000000010000110000001000000100000001000000000011000000100000001,000000000001000100000000010000110000001000000100000001000000000011000000100000001
e6c4-1g-g004-f000787,120,E6C4-1G,E6C4-1G,E6C4-1G.mp4,4,787,26.226,ArchiveInvest manual,False,0,0,,matches corpus tag,matches repeated corpus observations,,evidence/e6c4-1g/g004_f000787.jpg,000100000100000000000010000000100000000010000000100000000000010000000000100001000,000100000100000000000010000000100000000010000000100000000000010000000000100001000
e6c4-1g-g005-f000793,121,E6C4-1G,E6C4-1G,E6C4-1G.mp4,5,793,26.426,ArchiveInvest manual,False,0,0,,matches corpus tag,matches repeated corpus observations,,evidence/e6c4-1g/g005_f000793.jpg,000000000101000000010000001100110000000000000100001000000000000100000000000000000,000000000101000000010000001100110000000000000100001000000000000100000000000000000
e6c4-1g-g006-f000799,122,E6C4-1G,E6C4-1G,E6C4-1G.mp4,6,799,26.626,ArchiveInvest manual,False,0,0,,matches corpus tag,matches repeated corpus observations,,evidence/e6c4-1g/g006_f000799.jpg,000000000000000000100010001000000000000000000000000000000000001001000010000000010,000000000000000000100010001000000000000000000000000000000000001001000010000000010
e6c4-1g-g007-f000805,123,E6C4-1G,E6C4-1G,E6C4-1G.mp4,7,805,26.826,ArchiveInvest manual,False,0,0,,matches corpus tag,matches repeated corpus observations,,evidence/e6c4-1g/g007_f000805.jpg,000000000000000010000000000000000000000000000000000000010000000000000000100000000,000000000000000010000000000000000000000000000000000000010000000000000000100000000
e6c4-1g-g008-f000811,124,E6C4-1G,E6C4-1G,E6C4-1G.mp4,8,811,27.026,ArchiveInvest manual,False,0,0,,matches corpus tag,matches repeated corpus observations,,evidence/e6c4-1g/g008_f000811.jpg,000100000100000000000000000000100001000010000000000000010010000000000000010000000,000100000100000000000000000000100001000010000000000000010010000000000000010000000
e6c4-1g-g009-f000817,125,E6C4-1G,E6C4-1G,E6C4-1G.mp4,9,817,27.226,ArchiveInvest manual,False,0,0,,matches corpus tag,matches repeated corpus observations,,evidence/e6c4-1g/g009_f000817.jpg,000001000000000010000000000000000000001010000000010000000010000100000000000000000,000001000000000010000000000000000000001010000000010000000010000100000000000000000
e6c4-1g-g010-f000823,126,E6C4-1G,E6C4-1G,E6C4-1G.mp4,10,823,27.426,ArchiveInvest manual,False,0,0,,matches corpus tag,matches repeated corpus observations,,evidence/e6c4-1g/g010_f000823.jpg,000000000000000000000000000000000000001000000000100000000000000001000010001000100,000000000000000000000000000000000000001000000000100000000000000001000010001000100
e6c4-1g-g011-f000829,112,E6C4-1G,E6C4-1G,E6C4-1G.mp4,11,829,27.626,ArchiveInvest manual,False,0,0,,matches corpus tag,matches repeated corpus observations,,evidence/e6c4-1g/g011_f000829.jpg,000001000000000000000000000000001000000000000100000000000010000000000100000000000,000001000000000000000000000000001000000000000100000000000010000000000100000000000
e6c4-1g-g012-f000835,38,E6C4-1G,E6C4-1G,E6C4-1G.mp4,12,835,27.826,ArchiveInvest manual,False,0,0,,matches corpus tag,matches repeated corpus observations,,evidence/e6c4-1g/g012_f000835.jpg,000000000000000000000000000000001000000010000000100001000000010001000000000000000,000000000000000000000000000000001000000010000000100001000000010001000000000000000
e6c4-1g-g013-f000841,39,E6C4-1G,E6C4-1G,E6C4-1G.mp4,13,841,28.026,ArchiveInvest manual,False,0,0,,matches corpus tag,matches repeated corpus observations,,evidence/e6c4-1g/g013_f000841.jpg,000101000001000000010000000100000000000000100100000000000000000000000001000000001,000101000001000000010000000100000000000000100100000000000000000000000001000000001
e6c4-1g-g014-f000847,40,E6C4-1G,E6C4-1G,E6C4-1G.mp4,14,847,28.226,ArchiveInvest manual,False,0,0,,matches corpus tag,matches repeated corpus observations,,evidence/e6c4-1g/g014_f000847.jpg,100000000000000001000000000000000000000001000100000000000000000010000000000001011,100000000000000001000000000000000000000001000100000000000000000010000000000001011
e6c4-1g-g015-f000853,41,E6C4-1G,E6C4-1G,E6C4-1G.mp4,15,853,28.426,ArchiveInvest manual,False,0,0,,matches corpus tag,matches repeated corpus observations,,evidence/e6c4-1g/g015_f000853.jpg,000101000010000010010000001000000000001010000100000000000000000000000010000100001,000101000010000010010000001000000000001010000100000000000000000000000010000100001
e6c4-1g-g016-f000859,42,E6C4-1G,E6C4-1G,E6C4-1G.mp4,16,859,28.626,ArchiveInvest manual,False,0,0,,matches corpus tag,matches repeated corpus observations,,evidence/e6c4-1g/g016_f000859.jpg,000000000101000010000000000100010000000000000000000001100000000000000000000100010,000000000101000010000000000100010000000000000000000001100000000000000000000100010
e6c4-1g-g017-f000865,43,E6C4-1G,E6C4-1G,E6C4-1G.mp4,17,865,28.826,ArchiveInvest manual,False,0,0,,matches corpus tag,matches repeated corpus observations,,evidence/e6c4-1g/g017_f000865.jpg,100101000000000001100000011000100000001100000000010000000000011000000010000000011,100101000000000001100000011000100000001100000000010000000000011000000010000000011
e6c4-1g-g018-f000870,44,E6C4-1G,E6C4-1G,E6C4-1G.mp4,18,870,28.9927,ArchiveInvest manual,False,0,0,,matches corpus tag,matches repeated corpus observations,,evidence/e6c4-1g/g018_f000870.jpg,010001000110000000000000000000000000000000000000011000000000000010000000000000010,010001000110000000000000000000000000000000000000011000000000000010000000000000010
e6c4-1g-g019-f000877,45,E6C4-1G,E6C4-1G,E6C4-1G.mp4,19,877,29.226,ArchiveInvest manual,False,0,0,,matches corpus tag,matches repeated corpus observations,,evidence/e6c4-1g/g019_f000877.jpg,010000000000000100010000000100011001001001000000100000000000001000000000001000011,010000000000000100010000000100011001001001000000100000000000001000000000001000011
e6c4-1g-g020-f000883,46,E6C4-1G,E6C4-1G,E6C4-1G.mp4,20,883,29.426,ArchiveInvest manual,False,0,0,,matches corpus tag,matches repeated corpus observations,,evidence/e6c4-1g/g020_f000883.jpg,000000101100000110000000000000000000000100000000100001000000011000000000000000010,000000101100000110000000000000000000000100000000100001000000011000000000000000010
e6c4-1g-g021-f000889,47,E6C4-1G,E6C4-1G,E6C4-1G.mp4,21,889,29.626,ArchiveInvest manual,False,0,0,,matches corpus tag,matches repeated corpus observations,,evidence/e6c4-1g/g021_f000889.jpg,000001000011000010000000010100000000001100000000000000000010000000000001000000001,000001000011000010000000010100000000001100000000000000000010000000000001000000001
e6c4-1g-g022-f000895,48,E6C4-1G,E6C4-1G,E6C4-1G.mp4,22,895,29.826,ArchiveInvest manual,False,0,0,,matches corpus tag,matches repeated corpus observations,,evidence/e6c4-1g/g022_f000895.jpg,011000000000000000000010000000101000001010000000000000000000001010000000000000000,011000000000000000000010000000101000001010000000000000000000001010000000000000000
e6c4-1g-g023-f000901,49,E6C4-1G,E6C4-1G,E6C4-1G.mp4,23,901,30.026,ArchiveInvest manual,False,0,0,,matches corpus tag,matches repeated corpus observations,,evidence/e6c4-1g/g023_f000901.jpg,001000000000000000100000011000101000000000000000000000100000000100000101000100000,001000000000000000100000011000101000000000000000000000100000000100000101000100000
e6c4-1g-g024-f000907,50,E6C4-1G,E6C4-1G,E6C4-1G.mp4,24,907,30.226,ArchiveInvest manual,False,0,0,,matches corpus tag,matches repeated corpus observations,,evidence/e6c4-1g/g024_f000907.jpg,000000001100000010000000000100010000000000000000000000000000000000000000000000000,000000001100000010000000000100010000000000000000000000000000000000000000000000000
e6c4-1g-g025-f000913,51,E6C4-1G,E6C4-1G,E6C4-1G.mp4,25,913,30.426,ArchiveInvest manual,False,0,0,,matches corpus tag,matches repeated corpus observations,,evidence/e6c4-1g/g025_f000913.jpg,000000000001000000010000000000000000000100000000000000000000000001000000000001000,000000000001000000010000000000000000000100000000000000000000000001000000000001000
e6c4-1g-g026-f000919,133,E6C4-1G,E6C4-1G,E6C4-1G.mp4,26,919,30.626,ArchiveInvest manual,False,0,0,,matches corpus tag,matches repeated corpus observations,,evidence/e6c4-1g/g026_f000919.jpg,100000100001000000000000000000010000001000000000001000000000000100000000010100000,100000100001000000000000000000010000001000000000001000000000000100000000010100000
e6c4-1h-g001-f000844,119,E6C4-1H,E6C4-1H,E6C4-1H.mp4,1,844,28.1262,ArchiveInvest manual,False,0,0,,matches corpus tag,matches repeated corpus observations,,evidence/e6c4-1h/g001_f000844.jpg,000000000001000100000000010000110000001000000100000001000000000011000000100000001,000000000001000100000000010000110000001000000100000001000000000011000000100000001
e6c4-1h-g002-f000845,120,E6C4-1H,E6C4-1H,E6C4-1H.mp4,2,845,28.1596,ArchiveInvest manual,False,0,0,,matches corpus tag,matches repeated corpus observations,,evidence/e6c4-1h/g002_f000845.jpg,000100000100000000000010000000100000000010000000100000000000010000000000100001000,000100000100000000000010000000100000000010000000100000000000010000000000100001000
e6c4-1h-g003-f000851,121,E6C4-1H,E6C4-1H,E6C4-1H.mp4,3,851,28.3596,ArchiveInvest manual,False,0,0,,matches corpus tag,matches repeated corpus observations,,evidence/e6c4-1h/g003_f000851.jpg,000000000101000000010000001100110000000000000100001000000000000100000000000000000,000000000101000000010000001100110000000000000100001000000000000100000000000000000
e6c4-1h-g004-f000857,122,E6C4-1H,E6C4-1H,E6C4-1H.mp4,4,857,28.5596,ArchiveInvest manual,False,0,0,,matches corpus tag,matches repeated corpus observations,,evidence/e6c4-1h/g004_f000857.jpg,000000000000000000100010001000000000000000000000000000000000001001000010000000010,000000000000000000100010001000000000000000000000000000000000001001000010000000010
e6c4-1h-g005-f000864,123,E6C4-1H,E6C4-1H,E6C4-1H.mp4,5,864,28.7929,ArchiveInvest manual,False,0,0,,matches corpus tag,matches repeated corpus observations,,evidence/e6c4-1h/g005_f000864.jpg,000000000000000010000000000000000000000000000000000000010000000000000000100000000,000000000000000010000000000000000000000000000000000000010000000000000000100000000
e6c4-1h-g006-f000870,124,E6C4-1H,E6C4-1H,E6C4-1H.mp4,6,870,28.9929,ArchiveInvest manual,False,0,0,,matches corpus tag,matches repeated corpus observations,,evidence/e6c4-1h/g006_f000870.jpg,000100000100000000000000000000100001000010000000000000010010000000000000010000000,000100000100000000000000000000100001000010000000000000010010000000000000010000000
e6c4-1h-g007-f000875,125,E6C4-1H,E6C4-1H,E6C4-1H.mp4,7,875,29.1595,ArchiveInvest manual,False,0,0,,matches corpus tag,matches repeated corpus observations,,evidence/e6c4-1h/g007_f000875.jpg,000001000000000010000000000000000000001010000000010000000010000100000000000000000,000001000000000010000000000000000000001010000000010000000010000100000000000000000
e6c4-1h-g008-f000881,126,E6C4-1H,E6C4-1H,E6C4-1H.mp4,8,881,29.3595,ArchiveInvest manual,False,0,0,,matches corpus tag,matches repeated corpus observations,,evidence/e6c4-1h/g008_f000881.jpg,000000000000000000000000000000000000001000000000100000000000000001000010001000100,000000000000000000000000000000000000001000000000100000000000000001000010001000100
e6c4-1h-g009-f000887,112,E6C4-1H,E6C4-1H,E6C4-1H.mp4,9,887,29.5595,ArchiveInvest manual,False,0,0,,matches corpus tag,matches repeated corpus observations,,evidence/e6c4-1h/g009_f000887.jpg,000001000000000000000000000000001000000000000100000000000010000000000100000000000,000001000000000000000000000000001000000000000100000000000010000000000100000000000
e6c4-1h-g010-f000893,38,E6C4-1H,E6C4-1H,E6C4-1H.mp4,10,893,29.7595,ArchiveInvest manual,False,0,0,,matches corpus tag,matches repeated corpus observations,,evidence/e6c4-1h/g010_f000893.jpg,000000000000000000000000000000001000000010000000100001000000010001000000000000000,000000000000000000000000000000001000000010000000100001000000010001000000000000000
e6c4-1h-g011-f000899,39,E6C4-1H,E6C4-1H,E6C4-1H.mp4,11,899,29.9595,ArchiveInvest manual,False,0,0,,matches corpus tag,matches repeated corpus observations,,evidence/e6c4-1h/g011_f000899.jpg,000101000001000000010000000100000000000000100100000000000000000000000001000000001,000101000001000000010000000100000000000000100100000000000000000000000001000000001
e6c4-1h-g012-f000906,40,E6C4-1H,E6C4-1H,E6C4-1H.mp4,12,906,30.1929,ArchiveInvest manual,False,0,0,,matches corpus tag,matches repeated corpus observations,,evidence/e6c4-1h/g012_f000906.jpg,100000000000000001000000000000000000000001000100000000000000000010000000000001011,100000000000000001000000000000000000000001000100000000000000000010000000000001011
e6c4-1h-g013-f000912,41,E6C4-1H,E6C4-1H,E6C4-1H.mp4,13,912,30.3929,ArchiveInvest manual,False,0,0,,matches corpus tag,matches repeated corpus observations,,evidence/e6c4-1h/g013_f000912.jpg,000101000010000010010000001000000000001010000100000000000000000000000010000100001,000101000010000010010000001000000000001010000100000000000000000000000010000100001
e6c4-1h-g014-f000918,42,E6C4-1H,E6C4-1H,E6C4-1H.mp4,14,918,30.5929,ArchiveInvest manual,False,0,0,,matches corpus tag,matches repeated corpus observations,,evidence/e6c4-1h/g014_f000918.jpg,000000000101000010000000000100010000000000000000000001100000000000000000000100010,000000000101000010000000000100010000000000000000000001100000000000000000000100010
e6c4-1h-g015-f000924,43,E6C4-1H,E6C4-1H,E6C4-1H.mp4,15,924,30.7929,ArchiveInvest manual,False,0,0,,matches corpus tag,matches repeated corpus observations,,evidence/e6c4-1h/g015_f000924.jpg,100101000000000001100000011000100000001100000000010000000000011000000010000000011,100101000000000001100000011000100000001100000000010000000000011000000010000000011
e6c4-1h-g016-f000930,44,E6C4-1H,E6C4-1H,E6C4-1H.mp4,16,930,30.9929,ArchiveInvest manual,False,0,0,,matches corpus tag,matches repeated corpus observations,,evidence/e6c4-1h/g016_f000930.jpg,010001000110000000000000000000000000000000000000011000000000000010000000000000010,010001000110000000000000000000000000000000000000011000000000000010000000000000010
e6c4-1h-g017-f000936,45,E6C4-1H,E6C4-1H,E6C4-1H.mp4,17,936,31.1929,ArchiveInvest manual,False,0,0,,matches corpus tag,matches repeated corpus observations,,evidence/e6c4-1h/g017_f000936.jpg,010000000000000100010000000100011001001001000000100000000000001000000000001000011,010000000000000100010000000100011001001001000000100000000000001000000000001000011
e6c4-1h-g018-f000942,46,E6C4-1H,E6C4-1H,E6C4-1H.mp4,18,942,31.3929,ArchiveInvest manual,False,0,0,,matches corpus tag,matches repeated corpus observations,,evidence/e6c4-1h/g018_f000942.jpg,000000101100000110000000000000000000000100000000100001000000011000000000000000010,000000101100000110000000000000000000000100000000100001000000011000000000000000010
e6c4-1h-g019-f000948,47,E6C4-1H,E6C4-1H,E6C4-1H.mp4,19,948,31.5929,ArchiveInvest manual,False,0,0,,matches corpus tag,matches repeated corpus observations,,evidence/e6c4-1h/g019_f000948.jpg,000001000011000010000000010100000000001100000000000000000010000000000001000000001,000001000011000010000000010100000000001100000000000000000010000000000001000000001
e6c4-1h-g020-f000954,48,E6C4-1H,E6C4-1H,E6C4-1H.mp4,20,954,31.7929,ArchiveInvest manual,False,0,0,,matches corpus tag,matches repeated corpus observations,,evidence/e6c4-1h/g020_f000954.jpg,011000000000000000000010000000101000001010000000000000000000001010000000000000000,011000000000000000000010000000101000001010000000000000000000001010000000000000000
e6c4-1h-g021-f000960,49,E6C4-1H,E6C4-1H,E6C4-1H.mp4,21,960,31.9929,ArchiveInvest manual,False,0,0,,matches corpus tag,matches repeated corpus observations,,evidence/e6c4-1h/g021_f000960.jpg,001000000000000000100000011000101000000000000000000000100000000100000101000100000,001000000000000000100000011000101000000000000000000000100000000100000101000100000
e6c4-1h-g022-f000966,50,E6C4-1H,E6C4-1H,E6C4-1H.mp4,22,966,32.1928,ArchiveInvest manual,False,0,0,,matches corpus tag,matches repeated corpus observations,,evidence/e6c4-1h/g022_f000966.jpg,000000001100000010000000000100010000000000000000000000000000000000000000000000000,000000001100000010000000000100010000000000000000000000000000000000000000000000000
e6c4-1h-g023-f000972,51,E6C4-1H,E6C4-1H,E6C4-1H.mp4,23,972,32.3928,ArchiveInvest manual,False,0,0,,matches corpus tag,matches repeated corpus observations,,evidence/e6c4-1h/g023_f000972.jpg,000000000001000000010000000000000000000100000000000000000000000001000000000001000,000000000001000000010000000000000000000100000000000000000000000001000000000001000
e6c4-1h-g024-f000978,52,E6C4-1H,E6C4-1H,E6C4-1H.mp4,24,978,32.5928,ArchiveInvest manual,False,0,0,,matches corpus tag,matches repeated corpus observations,,evidence/e6c4-1h/g024_f000978.jpg,100000100001000000000000000000010000001000000000001000000000000100000000010100001,100000100001000000000000000000010000001000000000001000000000000100000000010100001
e6c4-2t-g001-f000865,134,E6C4-2T,E6C4-2T,E6C4-2T.mp4,1,865,28.8174,ArchiveInvest manual,False,0,0,,matches corpus tag,matches repeated corpus observations,,evidence/e6c4-2t/g001_f000865.jpg,110000000000000000000000001000000001000111000000000000100000000000000000000100000,110000000000000000000000001000000001000111000000000000100000000000000000000100000
e6c4-2t-g002-f000866,128,E6C4-2T,E6C4-2T,E6C4-2T.mp4,2,866,28.8507,ArchiveInvest manual,False,0,0,,matches corpus tag,matches repeated corpus observations,,evidence/e6c4-2t/g002_f000866.jpg,110000000101000000010000000000000000000000000000010000000010000001000000000000000,110000000101000000010000000000000000000000000000010000000010000001000000000000000
e6c4-2t-g003-f000872,117,E6C4-2T,E6C4-2T,E6C4-2T.mp4,3,872,29.0507,ArchiveInvest manual,False,0,0,,matches corpus tag,matches repeated corpus observations,,evidence/e6c4-2t/g003_f000872.jpg,000000000011000000100000000100010000001010100000000000100000000010000100001000000,000000000011000000100000000100010000001010100000000000100000000010000100001000000
e6c4-2t-g004-f000880,118,E6C4-2T,E6C4-2T,E6C4-2T.mp4,4,880,29.3173,ArchiveInvest manual,False,0,0,,matches corpus tag,matches repeated corpus observations,,evidence/e6c4-2t/g004_f000880.jpg,000000000000000001000000000000000000000000000000101001000000000000000110000100000,000000000000000001000000000000000000000000000000101001000000000000000110000100000
e6c4-2t-g005-f000884,119,E6C4-2T,E6C4-2T,E6C4-2T.mp4,5,884,29.4507,ArchiveInvest manual,False,0,0,,matches corpus tag,matches repeated corpus observations,,evidence/e6c4-2t/g005_f000884.jpg,000000000001000100000000010000110000001000000100000001000000000011000000100000001,000000000001000100000000010000110000001000000100000001000000000011000000100000001
e6c4-2t-g006-f000890,120,E6C4-2T,E6C4-2T,E6C4-2T.mp4,6,890,29.6507,ArchiveInvest manual,False,0,0,,matches corpus tag,matches repeated corpus observations,,evidence/e6c4-2t/g006_f000890.jpg,000100000100000000000010000000100000000010000000100000000000010000000000100001000,000100000100000000000010000000100000000010000000100000000000010000000000100001000
e6c4-2t-g007-f000896,121,E6C4-2T,E6C4-2T,E6C4-2T.mp4,7,896,29.8506,ArchiveInvest manual,False,0,0,,matches corpus tag,matches repeated corpus observations,,evidence/e6c4-2t/g007_f000896.jpg,000000000101000000010000001100110000000000000100001000000000000100000000000000000,000000000101000000010000001100110000000000000100001000000000000100000000000000000
e6c4-2t-g008-f000902,122,E6C4-2T,E6C4-2T,E6C4-2T.mp4,8,902,30.0506,ArchiveInvest manual,False,0,0,,matches corpus tag,matches repeated corpus observations,,evidence/e6c4-2t/g008_f000902.jpg,000000000000000000100010001000000000000000000000000000000000001001000010000000010,000000000000000000100010001000000000000000000000000000000000001001000010000000010
e6c4-2t-g009-f000902,122,E6C4-2T,E6C4-2T,E6C4-2T.mp4,9,902,30.0506,ArchiveInvest manual,False,0,0,,matches corpus tag,matches repeated corpus observations,,evidence/e6c4-2t/g009_f000902.jpg,000000000000000000100010001000000000000000000000000000000000001001000010000000010,000000000000000000100010001000000000000000000000000000000000001001000010000000010
e6c4-2t-g010-f000908,123,E6C4-2T,E6C4-2T,E6C4-2T.mp4,10,908,30.2506,ArchiveInvest manual,False,0,0,,matches corpus tag,matches repeated corpus observations,,evidence/e6c4-2t/g010_f000908.jpg,000000000000000010000000000000000000000000000000000000010000000000000000100000000,000000000000000010000000000000000000000000000000000000010000000000000000100000000
e6c4-2t-g011-f000914,124,E6C4-2T,E6C4-2T,E6C4-2T.mp4,11,914,30.4506,ArchiveInvest manual,False,0,0,,matches corpus tag,matches repeated corpus observations,,evidence/e6c4-2t/g011_f000914.jpg,000100000100000000000000000000100001000010000000000000010010000000000000010000000,000100000100000000000000000000100001000010000000000000010010000000000000010000000
e6c4-2t-g012-f000926,126,E6C4-2T,E6C4-2T,E6C4-2T.mp4,12,926,30.8506,ArchiveInvest manual,False,0,0,,matches corpus tag,matches repeated corpus observations,,evidence/e6c4-2t/g012_f000926.jpg,000000000000000000000000000000000000001000000000100000000000000001000010001000100,000000000000000000000000000000000000001000000000100000000000000001000010001000100
e6c4-2t-g013-f000932,112,E6C4-2T,E6C4-2T,E6C4-2T.mp4,13,932,31.0506,ArchiveInvest manual,False,0,0,,matches corpus tag,matches repeated corpus observations,,evidence/e6c4-2t/g013_f000932.jpg,000001000000000000000000000000001000000000000100000000000010000000000100000000000,000001000000000000000000000000001000000000000100000000000010000000000100000000000
e6c4-2t-g014-f000938,38,E6C4-2T,E6C4-2T,E6C4-2T.mp4,14,938,31.2506,ArchiveInvest manual,False,0,0,,matches corpus tag,matches repeated corpus observations,,evidence/e6c4-2t/g014_f000938.jpg,000000000000000000000000000000001000000010000000100001000000010001000000000000000,000000000000000000000000000000001000000010000000100001000000010001000000000000000
e6c4-2t-g015-f000944,39,E6C4-2T,E6C4-2T,E6C4-2T.mp4,15,944,31.4506,ArchiveInvest manual,False,0,0,,matches corpus tag,matches repeated corpus observations,,evidence/e6c4-2t/g015_f000944.jpg,000101000001000000010000000100000000000000100100000000000000000000000001000000001,000101000001000000010000000100000000000000100100000000000000000000000001000000001
e6c4-2t-g016-f000950,40,E6C4-2T,E6C4-2T,E6C4-2T.mp4,16,950,31.6506,ArchiveInvest manual,False,0,0,,matches corpus tag,matches repeated corpus observations,,evidence/e6c4-2t/g016_f000950.jpg,100000000000000001000000000000000000000001000100000000000000000010000000000001011,100000000000000001000000000000000000000001000100000000000000000010000000000001011
e6c4-2t-g017-f000956,41,E6C4-2T,E6C4-2T,E6C4-2T.mp4,17,956,31.8506,ArchiveInvest manual,False,0,0,,matches corpus tag,matches repeated corpus observations,,evidence/e6c4-2t/g017_f000956.jpg,000101000010000010010000001000000000001010000100000000000000000000000010000100001,000101000010000010010000001000000000001010000100000000000000000000000010000100001
e6c4-2t-g018-f000962,42,E6C4-2T,E6C4-2T,E6C4-2T.mp4,18,962,32.0506,ArchiveInvest manual,False,0,0,,matches corpus tag,matches repeated corpus observations,,evidence/e6c4-2t/g018_f000962.jpg,000000000101000010000000000100010000000000000000000001100000000000000000000100010,000000000101000010000000000100010000000000000000000001100000000000000000000100010
e6c4-2t-g019-f000968,43,E6C4-2T,E6C4-2T,E6C4-2T.mp4,19,968,32.2506,ArchiveInvest manual,False,0,0,,matches corpus tag,matches repeated corpus observations,,evidence/e6c4-2t/g019_f000968.jpg,100101000000000001100000011000100000001100000000010000000000011000000010000000011,100101000000000001100000011000100000001100000000010000000000011000000010000000011
e6c4-2t-g020-f000974,44,E6C4-2T,E6C4-2T,E6C4-2T.mp4,20,974,32.4506,ArchiveInvest manual,False,0,0,,matches corpus tag,matches repeated corpus observations,,evidence/e6c4-2t/g020_f000974.jpg,010001000110000000000000000000000000000000000000011000000000000010000000000000010,010001000110000000000000000000000000000000000000011000000000000010000000000000010
e6c4-2t-g021-f000980,45,E6C4-2T,E6C4-2T,E6C4-2T.mp4,21,980,32.6506,ArchiveInvest manual,False,0,0,,matches corpus tag,matches repeated corpus observations,,evidence/e6c4-2t/g021_f000980.jpg,010000000000000100010000000100011001001001000000100000000000001000000000001000011,010000000000000100010000000100011001001001000000100000000000001000000000001000011
e6c4-2t-g022-f000986,46,E6C4-2T,E6C4-2T,E6C4-2T.mp4,22,986,32.8506,ArchiveInvest manual,False,0,0,,matches corpus tag,matches repeated corpus observations,,evidence/e6c4-2t/g022_f000986.jpg,000000101100000110000000000000000000000100000000100001000000011000000000000000010,000000101100000110000000000000000000000100000000100001000000011000000000000000010
e6c4-2t-g023-f000992,47,E6C4-2T,E6C4-2T,E6C4-2T.mp4,23,992,33.0506,ArchiveInvest manual,False,0,0,,matches corpus tag,matches repeated corpus observations,,evidence/e6c4-2t/g023_f000992.jpg,000001000011000010000000010100000000001100000000000000000010000000000001000000001,000001000011000010000000010100000000001100000000000000000010000000000001000000001
e6c4-2t-g024-f000998,48,E6C4-2T,E6C4-2T,E6C4-2T.mp4,24,998,33.2506,ArchiveInvest manual,False,0,0,,matches corpus tag,matches repeated corpus observations,,evidence/e6c4-2t/g024_f000998.jpg,011000000000000000000010000000101000001010000000000000000000001010000000000000000,011000000000000000000010000000101000001010000000000000000000001010000000000000000
e6c4-2t-g025-f001004,49,E6C4-2T,E6C4-2T,E6C4-2T.mp4,25,1004,33.4506,ArchiveInvest manual,False,0,0,,matches corpus tag,matches repeated corpus observations,,evidence/e6c4-2t/g025_f001004.jpg,001000000000000000100000011000101000000000000000000000100000000100000101000100000,001000000000000000100000011000101000000000000000000000100000000100000101000100000
e6c4-2t-g026-f001010,50,E6C4-2T,E6C4-2T,E6C4-2T.mp4,26,1010,33.6506,ArchiveInvest manual,False,0,0,,matches corpus tag,matches repeated corpus observations,,evidence/e6c4-2t/g026_f001010.jpg,000000001100000010000000000100010000000000000000000000000000000000000000000000000,000000001100000010000000000100010000000000000000000000000000000000000000000000000
e6c4-2t-g027-f001017,51,E6C4-2T,E6C4-2T,E6C4-2T.mp4,27,1017,33.8839,ArchiveInvest manual,False,0,0,,matches corpus tag,matches repeated corpus observations,,evidence/e6c4-2t/g027_f001017.jpg,000000000001000000010000000000000000000100000000000000000000000001000000000001000,000000000001000000010000000000000000000100000000000000000000000001000000000001000
e6c4-2t-g028-f001022,52,E6C4-2T,E6C4-2T,E6C4-2T.mp4,28,1022,34.0506,ArchiveInvest manual,False,0,0,,matches corpus tag,matches repeated corpus observations,,evidence/e6c4-2t/g028_f001022.jpg,100000100001000000000000000000010000001000000000001000000000000100000000010100001,100000100001000000000000000000010000001000000000001000000000000100000000010100001
e6c4-2t-local-capture-g001-f000884,117,E6C4-2T [local capture],E6C4-2T,E6C4-2T.webm,1,884,29.4667,FFmpeg automatic extraction,True,2,2,0.1796,automatic nearest glyph,provisional automatic read,"(3,0) (6,0)",evidence/e6c4-2t-local-capture/g001_f000884.jpg,000000000011000000100000000000010000001010100000000000000000000010000100001000000,000000000011000000100000000100010000001010100000000000100000000010000100001000000
e6c4-2t-local-capture-g002-f000890,118,E6C4-2T [local capture],E6C4-2T,E6C4-2T.webm,2,890,29.6667,FFmpeg automatic extraction,True,1,1,0.1936,automatic nearest glyph,provisional automatic read,"(1,8)",evidence/e6c4-2t-local-capture/g002_f000890.jpg,000000000000000000000000000000000000000000000000101001000000000000000110000100000,000000000000000001000000000000000000000000000000101001000000000000000110000100000
e6c4-2t-local-capture-g003-f000896,119,E6C4-2T [local capture],E6C4-2T,E6C4-2T.webm,3,896,29.8667,FFmpeg automatic extraction,True,3,3,0.2064,automatic nearest glyph,provisional automatic read,"(5,0) (8,0) (8,8)",evidence/e6c4-2t-local-capture/g003_f000896.jpg,000000000001000100000000010000110000001000000000000001000000000011000000000000000,000000000001000100000000010000110000001000000100000001000000000011000000100000001
e6c4-2t-local-capture-g004-f000902,120,E6C4-2T [local capture],E6C4-2T,E6C4-2T.webm,4,902,30.0667,FFmpeg automatic extraction,True,2,2,0.2131,automatic nearest glyph,provisional automatic read,"(1,0) (8,0)",evidence/e6c4-2t-local-capture/g004_f000902.jpg,000100000000000000000010000000100000000010000000100000000000010000000000000001000,000100000100000000000010000000100000000010000000100000000000010000000000100001000
e6c4-2t-local-capture-g005-f000908,121,E6C4-2T [local capture],E6C4-2T,E6C4-2T.webm,5,908,30.2667,FFmpeg automatic extraction,True,1,1,0.1384,automatic nearest glyph,provisional automatic read,"(7,0)",evidence/e6c4-2t-local-capture/g005_f000908.jpg,000000000101000000010000001100110000000000000100001000000000000000000000000000000,000000000101000000010000001100110000000000000100001000000000000100000000000000000
e6c4-2t-local-capture-g006-f000914,122,E6C4-2T [local capture],E6C4-2T,E6C4-2T.webm,6,914,30.4667,FFmpeg automatic extraction,True,1,1,0.2231,automatic nearest glyph,provisional automatic read,"(8,7)",evidence/e6c4-2t-local-capture/g006_f000914.jpg,000000000000000000100010001000000000000000000000000000000000001001000010000000000,000000000000000000100010001000000000000000000000000000000000001001000010000000010
e6c4-2t-local-capture-g007-f000920,123,E6C4-2T [local capture],E6C4-2T,E6C4-2T.webm,7,920,30.6667,FFmpeg automatic extraction,True,0,0,0.2074,automatic nearest glyph,provisional automatic read,,evidence/e6c4-2t-local-capture/g007_f000920.jpg,000000000000000010000000000000000000000000000000000000010000000000000000100000000,000000000000000010000000000000000000000000000000000000010000000000000000100000000
e6c4-2t-local-capture-g008-f000926,124,E6C4-2T [local capture],E6C4-2T,E6C4-2T.webm,8,926,30.8667,FFmpeg automatic extraction,True,2,2,0.1704,automatic nearest glyph,provisional automatic read,"(1,0) (8,1)",evidence/e6c4-2t-local-capture/g008_f000926.jpg,000100000000000000000000000000100001000010000000000000010010000000000000000000000,000100000100000000000000000000100001000010000000000000010010000000000000010000000
e6c4-2t-local-capture-g009-f000932,125,E6C4-2T [local capture],E6C4-2T,E6C4-2T.webm,9,932,31.0667,FFmpeg automatic extraction,True,0,0,0.1971,automatic nearest glyph,provisional automatic read,,evidence/e6c4-2t-local-capture/g009_f000932.jpg,000001000000000010000000000000000000001010000000010000000010000100000000000000000,000001000000000010000000000000000000001010000000010000000010000100000000000000000
e6c4-2t-local-capture-g010-f000938,126,E6C4-2T [local capture],E6C4-2T,E6C4-2T.webm,10,938,31.2667,FFmpeg automatic extraction,True,0,0,0.2066,automatic nearest glyph,provisional automatic read,,evidence/e6c4-2t-local-capture/g010_f000938.jpg,000000000000000000000000000000000000001000000000100000000000000001000010001000100,000000000000000000000000000000000000001000000000100000000000000001000010001000100
e6c4-2t-local-capture-g011-f000944,112,E6C4-2T [local capture],E6C4-2T,E6C4-2T.webm,11,944,31.4667,FFmpeg automatic extraction,True,0,0,0.2026,automatic nearest glyph,provisional automatic read,,evidence/e6c4-2t-local-capture/g011_f000944.jpg,000001000000000000000000000000001000000000000100000000000010000000000100000000000,000001000000000000000000000000001000000000000100000000000010000000000100000000000
e6c4-2t-local-capture-g012-f000950,38,E6C4-2T [local capture],E6C4-2T,E6C4-2T.webm,12,950,31.6667,FFmpeg automatic extraction,True,0,0,0.2115,automatic nearest glyph,provisional automatic read,,evidence/e6c4-2t-local-capture/g012_f000950.jpg,000000000000000000000000000000001000000010000000100001000000010001000000000000000,000000000000000000000000000000001000000010000000100001000000010001000000000000000
e6c4-2t-local-capture-g013-f000956,39,E6C4-2T [local capture],E6C4-2T,E6C4-2T.webm,13,956,31.8667,FFmpeg automatic extraction,True,2,2,0.1985,automatic nearest glyph,provisional automatic read,"(7,8) (8,8)",evidence/e6c4-2t-local-capture/g013_f000956.jpg,000101000001000000010000000100000000000000100100000000000000000000000000000000000,000101000001000000010000000100000000000000100100000000000000000000000001000000001
e6c4-2t-local-capture-g014-f000962,131,E6C4-2T [local capture],E6C4-2T,E6C4-2T.webm,14,962,32.0667,FFmpeg automatic extraction,True,2,2,0.1897,automatic nearest glyph,provisional automatic read,"(8,7) (8,8)",evidence/e6c4-2t-local-capture/g014_f000962.jpg,100000000000000000000000000000000000000001000100000000000000000010000000000001000,100000000000000000000000000000000000000001000100000000000000000010000000000001011
e6c4-2t-local-capture-g015-f000968,41,E6C4-2T [local capture],E6C4-2T,E6C4-2T.webm,15,968,32.2667,FFmpeg automatic extraction,True,1,1,0.2003,automatic nearest glyph,provisional automatic read,"(8,8)",evidence/e6c4-2t-local-capture/g015_f000968.jpg,000101000010000010010000001000000000001010000100000000000000000000000010000100000,000101000010000010010000001000000000001010000100000000000000000000000010000100001
e6c4-2t-local-capture-g016-f000974,42,E6C4-2T [local capture],E6C4-2T,E6C4-2T.webm,16,974,32.4667,FFmpeg automatic extraction,True,1,1,0.179,automatic nearest glyph,provisional automatic read,"(8,7)",evidence/e6c4-2t-local-capture/g016_f000974.jpg,000000000101000010000000000100010000000000000000000001100000000000000000000100000,000000000101000010000000000100010000000000000000000001100000000000000000000100010
e6c4-2t-local-capture-g017-f000980,43,E6C4-2T [local capture],E6C4-2T,E6C4-2T.webm,17,980,32.6667,FFmpeg automatic extraction,True,2,2,0.1832,automatic nearest glyph,provisional automatic read,"(1,8) (8,8)",evidence/e6c4-2t-local-capture/g017_f000980.jpg,100101000000000000100000011000100000001100000000010000000000011000000010000000010,100101000000000001100000011000100000001100000000010000000000011000000010000000011
e6c4-2t-local-capture-g018-f000986,44,E6C4-2T [local capture],E6C4-2T,E6C4-2T.webm,18,986,32.8667,FFmpeg automatic extraction,True,2,2,0.2072,automatic nearest glyph,provisional automatic read,"(1,0) (8,7)",evidence/e6c4-2t-local-capture/g018_f000986.jpg,010001000010000000000000000000000000000000000000011000000000000010000000000000000,010001000110000000000000000000000000000000000000011000000000000010000000000000010
e6c4-2t-local-capture-g019-f000992,45,E6C4-2T [local capture],E6C4-2T,E6C4-2T.webm,19,992,33.0667,FFmpeg automatic extraction,True,2,2,0.2066,automatic nearest glyph,provisional automatic read,"(8,7) (8,8)",evidence/e6c4-2t-local-capture/g019_f000992.jpg,010000000000000100010000000100011001001001000000100000000000001000000000001000000,010000000000000100010000000100011001001001000000100000000000001000000000001000011
e6c4-2t-local-capture-g020-f000998,46,E6C4-2T [local capture],E6C4-2T,E6C4-2T.webm,20,998,33.2667,FFmpeg automatic extraction,True,0,0,0.1694,automatic nearest glyph,provisional automatic read,,evidence/e6c4-2t-local-capture/g020_f000998.jpg,000000101100000110000000000000000000000100000000100001000000011000000000000000010,000000101100000110000000000000000000000100000000100001000000011000000000000000010
e6c4-2t-local-capture-g021-f001004,47,E6C4-2T [local capture],E6C4-2T,E6C4-2T.webm,21,1004,33.4667,FFmpeg automatic extraction,True,1,1,0.1877,automatic nearest glyph,provisional automatic read,"(8,8)",evidence/e6c4-2t-local-capture/g021_f001004.jpg,000001000011000010000000010100000000001100000000000000000010000000000001000000000,000001000011000010000000010100000000001100000000000000000010000000000001000000001
e6c4-2t-local-capture-g022-f001010,48,E6C4-2T [local capture],E6C4-2T,E6C4-2T.webm,22,1010,33.6667,FFmpeg automatic extraction,True,0,0,0.2022,automatic nearest glyph,provisional automatic read,,evidence/e6c4-2t-local-capture/g022_f001010.jpg,011000000000000000000010000000101000001010000000000000000000001010000000000000000,011000000000000000000010000000101000001010000000000000000000001010000000000000000
e6c4-2t-local-capture-g023-f001016,49,E6C4-2T [local capture],E6C4-2T,E6C4-2T.webm,23,1016,33.8667,FFmpeg automatic extraction,True,2,2,0.1675,automatic nearest glyph,provisional automatic read,"(7,0) (7,8)",evidence/e6c4-2t-local-capture/g023_f001016.jpg,001000000000000000100000011000101000000000000000000000100000000000000100000100000,001000000000000000100000011000101000000000000000000000100000000100000101000100000
e6c4-2t-local-capture-g024-f001022,50,E6C4-2T [local capture],E6C4-2T,E6C4-2T.webm,24,1022,34.0667,FFmpeg automatic extraction,True,0,0,0.1903,automatic nearest glyph,provisional automatic read,,evidence/e6c4-2t-local-capture/g024_f001022.jpg,000000001100000010000000000100010000000000000000000000000000000000000000000000000,000000001100000010000000000100010000000000000000000000000000000000000000000000000
e6c4-2t-local-capture-g025-f001028,51,E6C4-2T [local capture],E6C4-2T,E6C4-2T.webm,25,1028,34.2667,FFmpeg automatic extraction,True,0,0,0.1975,automatic nearest glyph,provisional automatic read,,evidence/e6c4-2t-local-capture/g025_f001028.jpg,000000000001000000010000000000000000000100000000000000000000000001000000000001000,000000000001000000010000000000000000000100000000000000000000000001000000000001000
e6c4-2t-local-capture-g026-f001031,52,E6C4-2T [local capture],E6C4-2T,E6C4-2T.webm,26,1031,34.3667,FFmpeg automatic extraction,True,0,0,0.179,automatic nearest glyph,provisional automatic read,,evidence/e6c4-2t-local-capture/g026_f001031.jpg,100000100001000000000000000000010000001000000000001000000000000100000000010100001,100000100001000000000000000000010000001000000000001000000000000100000000010100001
e6c4-30-g001-f000743,134,E6C4-30,E6C4-30,E6C4-30.mp4,1,743,24.7629,ArchiveInvest manual,False,0,0,,matches corpus tag,matches repeated corpus observations,,evidence/e6c4-30/g001_f000743.jpg,110000000000000000000000001000000001000111000000000000100000000000000000000100000,110000000000000000000000001000000001000111000000000000100000000000000000000100000
e6c4-30-g002-f000749,128,E6C4-30,E6C4-30,E6C4-30.mp4,2,749,24.9629,ArchiveInvest manual,False,0,0,,matches corpus tag,matches repeated corpus observations,,evidence/e6c4-30/g002_f000749.jpg,110000000101000000010000000000000000000000000000010000000010000001000000000000000,110000000101000000010000000000000000000000000000010000000010000001000000000000000
e6c4-30-g003-f000750,117,E6C4-30,E6C4-30,E6C4-30.mp4,3,750,24.9962,ArchiveInvest manual,False,0,0,,matches corpus tag,matches repeated corpus observations,,evidence/e6c4-30/g003_f000750.jpg,000000000011000000100000000100010000001010100000000000100000000010000100001000000,000000000011000000100000000100010000001010100000000000100000000010000100001000000
e6c4-30-g004-f000756,118,E6C4-30,E6C4-30,E6C4-30.mp4,4,756,25.1962,ArchiveInvest manual,False,0,0,,matches corpus tag,matches repeated corpus observations,,evidence/e6c4-30/g004_f000756.jpg,000000000000000001000000000000000000000000000000101001000000000000000110000100000,000000000000000001000000000000000000000000000000101001000000000000000110000100000
e6c4-30-g005-f000756,118,E6C4-30,E6C4-30,E6C4-30.mp4,5,756,25.1962,ArchiveInvest manual,False,0,0,,matches corpus tag,matches repeated corpus observations,,evidence/e6c4-30/g005_f000756.jpg,000000000000000001000000000000000000000000000000101001000000000000000110000100000,000000000000000001000000000000000000000000000000101001000000000000000110000100000
e6c4-30-g006-f000767,119,E6C4-30,E6C4-30,E6C4-30.mp4,6,767,25.5628,ArchiveInvest manual,False,0,0,,matches corpus tag,matches repeated corpus observations,,evidence/e6c4-30/g006_f000767.jpg,000000000001000100000000010000110000001000000100000001000000000011000000100000001,000000000001000100000000010000110000001000000100000001000000000011000000100000001
e6c4-30-g007-f000773,120,E6C4-30,E6C4-30,E6C4-30.mp4,7,773,25.7628,ArchiveInvest manual,False,0,0,,matches corpus tag,matches repeated corpus observations,,evidence/e6c4-30/g007_f000773.jpg,000100000100000000000010000000100000000010000000100000000000010000000000100001000,000100000100000000000010000000100000000010000000100000000000010000000000100001000
e6c4-30-g008-f000775,121,E6C4-30,E6C4-30,E6C4-30.mp4,8,775,25.8295,ArchiveInvest manual,False,0,0,,matches corpus tag,matches repeated corpus observations,,evidence/e6c4-30/g008_f000775.jpg,000000000101000000010000001100110000000000000100001000000000000100000000000000000,000000000101000000010000001100110000000000000100001000000000000100000000000000000
e6c4-30-g009-f000780,122,E6C4-30,E6C4-30,E6C4-30.mp4,9,780,25.9962,ArchiveInvest manual,False,0,0,,matches corpus tag,matches repeated corpus observations,,evidence/e6c4-30/g009_f000780.jpg,000000000000000000100010001000000000000000000000000000000000001001000010000000010,000000000000000000100010001000000000000000000000000000000000001001000010000000010
e6c4-30-g010-f000786,123,E6C4-30,E6C4-30,E6C4-30.mp4,10,786,26.1961,ArchiveInvest manual,False,0,0,,matches corpus tag,matches repeated corpus observations,,evidence/e6c4-30/g010_f000786.jpg,000000000000000010000000000000000000000000000000000000010000000000000000100000000,000000000000000010000000000000000000000000000000000000010000000000000000100000000
e6c4-30-g011-f000792,124,E6C4-30,E6C4-30,E6C4-30.mp4,11,792,26.3961,ArchiveInvest manual,False,0,0,,matches corpus tag,matches repeated corpus observations,,evidence/e6c4-30/g011_f000792.jpg,000100000100000000000000000000100001000010000000000000010010000000000000010000000,000100000100000000000000000000100001000010000000000000010010000000000000010000000
e6c4-30-g012-f000798,125,E6C4-30,E6C4-30,E6C4-30.mp4,12,798,26.5961,ArchiveInvest manual,False,0,0,,matches corpus tag,matches repeated corpus observations,,evidence/e6c4-30/g012_f000798.jpg,000001000000000010000000000000000000001010000000010000000010000100000000000000000,000001000000000010000000000000000000001010000000010000000010000100000000000000000
e6c4-30-g013-f000804,126,E6C4-30,E6C4-30,E6C4-30.mp4,13,804,26.7961,ArchiveInvest manual,False,0,0,,matches corpus tag,matches repeated corpus observations,,evidence/e6c4-30/g013_f000804.jpg,000000000000000000000000000000000000001000000000100000000000000001000010001000100,000000000000000000000000000000000000001000000000100000000000000001000010001000100
e6c4-30-g014-f000810,112,E6C4-30,E6C4-30,E6C4-30.mp4,14,810,26.9961,ArchiveInvest manual,False,0,0,,matches corpus tag,matches repeated corpus observations,,evidence/e6c4-30/g014_f000810.jpg,000001000000000000000000000000001000000000000100000000000010000000000100000000000,000001000000000000000000000000001000000000000100000000000010000000000100000000000
e6c4-30-g015-f000816,38,E6C4-30,E6C4-30,E6C4-30.mp4,15,816,27.1961,ArchiveInvest manual,False,0,0,,matches corpus tag,matches repeated corpus observations,,evidence/e6c4-30/g015_f000816.jpg,000000000000000000000000000000001000000010000000100001000000010001000000000000000,000000000000000000000000000000001000000010000000100001000000010001000000000000000
e6c4-30-g016-f000822,39,E6C4-30,E6C4-30,E6C4-30.mp4,16,822,27.3961,ArchiveInvest manual,False,0,0,,matches corpus tag,matches repeated corpus observations,,evidence/e6c4-30/g016_f000822.jpg,000101000001000000010000000100000000000000100100000000000000000000000001000000001,000101000001000000010000000100000000000000100100000000000000000000000001000000001
e6c4-30-g017-f000828,40,E6C4-30,E6C4-30,E6C4-30.mp4,17,828,27.5961,ArchiveInvest manual,False,0,0,,matches corpus tag,matches repeated corpus observations,,evidence/e6c4-30/g017_f000828.jpg,100000000000000001000000000000000000000001000100000000000000000010000000000001011,100000000000000001000000000000000000000001000100000000000000000010000000000001011
e6c4-30-g018-f000834,41,E6C4-30,E6C4-30,E6C4-30.mp4,18,834,27.7961,ArchiveInvest manual,False,0,0,,matches corpus tag,matches repeated corpus observations,,evidence/e6c4-30/g018_f000834.jpg,000101000010000010010000001000000000001010000100000000000000000000000010000100001,000101000010000010010000001000000000001010000100000000000000000000000010000100001
e6c4-30-g019-f000840,42,E6C4-30,E6C4-30,E6C4-30.mp4,19,840,27.9961,ArchiveInvest manual,False,0,0,,matches corpus tag,matches repeated corpus observations,,evidence/e6c4-30/g019_f000840.jpg,000000000101000010000000000100010000000000000000000001100000000000000000000100010,000000000101000010000000000100010000000000000000000001100000000000000000000100010
e6c4-30-g020-f000846,43,E6C4-30,E6C4-30,E6C4-30.mp4,20,846,28.1961,ArchiveInvest manual,False,0,0,,matches corpus tag,matches repeated corpus observations,,evidence/e6c4-30/g020_f000846.jpg,100101000000000001100000011000100000001100000000010000000000011000000010000000011,100101000000000001100000011000100000001100000000010000000000011000000010000000011
e6c4-30-g021-f000852,44,E6C4-30,E6C4-30,E6C4-30.mp4,21,852,28.3961,ArchiveInvest manual,False,0,0,,matches corpus tag,matches repeated corpus observations,,evidence/e6c4-30/g021_f000852.jpg,010001000110000000000000000000000000000000000000011000000000000010000000000000010,010001000110000000000000000000000000000000000000011000000000000010000000000000010
e6c4-30-g022-f000858,45,E6C4-30,E6C4-30,E6C4-30.mp4,22,858,28.5961,ArchiveInvest manual,False,0,0,,matches corpus tag,matches repeated corpus observations,,evidence/e6c4-30/g022_f000858.jpg,010000000000000100010000000100011001001001000000100000000000001000000000001000011,010000000000000100010000000100011001001001000000100000000000001000000000001000011
e6c4-30-g023-f000864,46,E6C4-30,E6C4-30,E6C4-30.mp4,23,864,28.7961,ArchiveInvest manual,False,0,0,,matches corpus tag,matches repeated corpus observations,,evidence/e6c4-30/g023_f000864.jpg,000000101100000110000000000000000000000100000000100001000000011000000000000000010,000000101100000110000000000000000000000100000000100001000000011000000000000000010
e6c4-30-g024-f000869,47,E6C4-30,E6C4-30,E6C4-30.mp4,24,869,28.9628,ArchiveInvest manual,False,0,0,,matches corpus tag,matches repeated corpus observations,,evidence/e6c4-30/g024_f000869.jpg,000001000011000010000000010100000000001100000000000000000010000000000001000000001,000001000011000010000000010100000000001100000000000000000010000000000001000000001
e6c4-30-g025-f000876,48,E6C4-30,E6C4-30,E6C4-30.mp4,25,876,29.1961,ArchiveInvest manual,False,0,0,,matches corpus tag,matches repeated corpus observations,,evidence/e6c4-30/g025_f000876.jpg,011000000000000000000010000000101000001010000000000000000000001010000000000000000,011000000000000000000010000000101000001010000000000000000000001010000000000000000
e6c4-30-g026-f000882,49,E6C4-30,E6C4-30,E6C4-30.mp4,26,882,29.3961,ArchiveInvest manual,False,0,0,,matches corpus tag,matches repeated corpus observations,,evidence/e6c4-30/g026_f000882.jpg,001000000000000000100000011000101000000000000000000000100000000100000101000100000,001000000000000000100000011000101000000000000000000000100000000100000101000100000
e6c4-30-g027-f000888,50,E6C4-30,E6C4-30,E6C4-30.mp4,27,888,29.5961,ArchiveInvest manual,False,0,0,,matches corpus tag,matches repeated corpus observations,,evidence/e6c4-30/g027_f000888.jpg,000000001100000010000000000100010000000000000000000000000000000000000000000000000,000000001100000010000000000100010000000000000000000000000000000000000000000000000
e6c4-30-g028-f000894,51,E6C4-30,E6C4-30,E6C4-30.mp4,28,894,29.7961,ArchiveInvest manual,False,0,0,,matches corpus tag,matches repeated corpus observations,,evidence/e6c4-30/g028_f000894.jpg,000000000001000000010000000000000000000100000000000000000000000001000000000001000,000000000001000000010000000000000000000100000000000000000000000001000000000001000
e6c4-30-g029-f000900,52,E6C4-30,E6C4-30,E6C4-30.mp4,29,900,29.9961,ArchiveInvest manual,False,0,0,,matches corpus tag,matches repeated corpus observations,,evidence/e6c4-30/g029_f000900.jpg,100000100001000000000000000000010000001000000000001000000000000100000000010100001,100000100001000000000000000000010000001000000000001000000000000100000000010100001
e6c4-30-local-capture-g001-f000756,67,E6C4-30 [local capture],E6C4-30,E6C4-30.webm,1,756,25.2,FFmpeg automatic extraction,True,3,3,0.2056,automatic nearest glyph,provisional automatic read,"(3,4) (5,0) (7,6)",evidence/e6c4-30-local-capture/g001_f000756.jpg,000000000000000000000000000000000000000000000000000000000000000000000100000000000,000000000000000000000000000000010000000000000100000000000000000000000000000000000
e6c4-30-local-capture-g002-f000762,67,E6C4-30 [local capture],E6C4-30,E6C4-30.webm,2,762,25.4,FFmpeg automatic extraction,True,6,6,0.2225,automatic nearest glyph,provisional automatic read,"(2,7) (3,3) (4,2) (5,0) (7,1) (7,2)",evidence/e6c4-30-local-capture/g002_f000762.jpg,000000000000000000000000010000110000001000000000000000000000000011000000000000000,000000000000000000000000000000010000000000000100000000000000000000000000000000000
e6c4-30-local-capture-g003-f000768,120,E6C4-30 [local capture],E6C4-30,E6C4-30.webm,3,768,25.6,FFmpeg automatic extraction,True,3,3,0.2301,automatic nearest glyph,provisional automatic read,"(1,0) (4,4) (8,0)",evidence/e6c4-30-local-capture/g003_f000768.jpg,000100000000000000000010000000100000000000000000100000000000010000000000000001000,000100000100000000000010000000100000000010000000100000000000010000000000100001000
e6c4-30-local-capture-g004-f000774,121,E6C4-30 [local capture],E6C4-30,E6C4-30.webm,4,774,25.8,FFmpeg automatic extraction,True,2,2,0.1612,automatic nearest glyph,provisional automatic read,"(1,0) (5,5)",evidence/e6c4-30-local-capture/g004_f000774.jpg,000000000001000000010000001100110000000000000100000000000000000100000000000000000,000000000101000000010000001100110000000000000100001000000000000100000000000000000
e6c4-30-local-capture-g005-f000780,122,E6C4-30 [local capture],E6C4-30,E6C4-30.webm,5,780,26.0,FFmpeg automatic extraction,True,2,2,0.2323,automatic nearest glyph,provisional automatic read,"(6,8) (8,7)",evidence/e6c4-30-local-capture/g005_f000780.jpg,000000000000000000100010001000000000000000000000000000000000000001000010000000000,000000000000000000100010001000000000000000000000000000000000001001000010000000010
e6c4-30-local-capture-g006-f000786,123,E6C4-30 [local capture],E6C4-30,E6C4-30.webm,6,786,26.2,FFmpeg automatic extraction,True,2,2,0.2009,automatic nearest glyph,provisional automatic read,"(1,7) (8,0)",evidence/e6c4-30-local-capture/g006_f000786.jpg,000000000000000000000000000000000000000000000000000000010000000000000000000000000,000000000000000010000000000000000000000000000000000000010000000000000000100000000
e6c4-30-local-capture-g007-f000792,124,E6C4-30 [local capture],E6C4-30,E6C4-30.webm,7,792,26.4,FFmpeg automatic extraction,True,3,3,0.182,automatic nearest glyph,provisional automatic read,"(1,0) (6,4) (8,1)",evidence/e6c4-30-local-capture/g007_f000792.jpg,000100000000000000000000000000100001000010000000000000010000000000000000000000000,000100000100000000000000000000100001000010000000000000010010000000000000010000000
e6c4-30-local-capture-g008-f000798,125,E6C4-30 [local capture],E6C4-30,E6C4-30.webm,8,798,26.6,FFmpeg automatic extraction,True,1,1,0.1985,automatic nearest glyph,provisional automatic read,"(7,0)",evidence/e6c4-30-local-capture/g008_f000798.jpg,000001000000000010000000000000000000001010000000010000000010000000000000000000000,000001000000000010000000000000000000001010000000010000000010000100000000000000000
e6c4-30-local-capture-g009-f000804,126,E6C4-30 [local capture],E6C4-30,E6C4-30.webm,9,804,26.8,FFmpeg automatic extraction,True,0,0,0.2131,automatic nearest glyph,provisional automatic read,,evidence/e6c4-30-local-capture/g009_f000804.jpg,000000000000000000000000000000000000001000000000100000000000000001000010001000100,000000000000000000000000000000000000001000000000100000000000000001000010001000100
e6c4-30-local-capture-g010-f000810,112,E6C4-30 [local capture],E6C4-30,E6C4-30.webm,10,810,27.0,FFmpeg automatic extraction,True,0,0,0.2042,automatic nearest glyph,provisional automatic read,,evidence/e6c4-30-local-capture/g010_f000810.jpg,000001000000000000000000000000001000000000000100000000000010000000000100000000000,000001000000000000000000000000001000000000000100000000000010000000000100000000000
e6c4-30-local-capture-g011-f000816,38,E6C4-30 [local capture],E6C4-30,E6C4-30.webm,11,816,27.2,FFmpeg automatic extraction,True,0,0,0.2127,automatic nearest glyph,provisional automatic read,,evidence/e6c4-30-local-capture/g011_f000816.jpg,000000000000000000000000000000001000000010000000100001000000010001000000000000000,000000000000000000000000000000001000000010000000100001000000010001000000000000000
e6c4-30-local-capture-g012-f000822,39,E6C4-30 [local capture],E6C4-30,E6C4-30.webm,12,822,27.4,FFmpeg automatic extraction,True,2,2,0.1946,automatic nearest glyph,provisional automatic read,"(7,8) (8,8)",evidence/e6c4-30-local-capture/g012_f000822.jpg,000101000001000000010000000100000000000000100100000000000000000000000000000000000,000101000001000000010000000100000000000000100100000000000000000000000001000000001
e6c4-30-local-capture-g013-f000828,40,E6C4-30 [local capture],E6C4-30,E6C4-30.webm,13,828,27.6,FFmpeg automatic extraction,True,2,2,0.1832,automatic nearest glyph,provisional automatic read,"(8,7) (8,8)",evidence/e6c4-30-local-capture/g013_f000828.jpg,100000000000000001000000000000000000000001000100000000000000000010000000000001000,100000000000000001000000000000000000000001000100000000000000000010000000000001011
e6c4-30-local-capture-g014-f000834,41,E6C4-30 [local capture],E6C4-30,E6C4-30.webm,14,834,27.8,FFmpeg automatic extraction,True,1,1,0.1936,automatic nearest glyph,provisional automatic read,"(8,8)",evidence/e6c4-30-local-capture/g014_f000834.jpg,000101000010000010010000001000000000001010000100000000000000000000000010000100000,000101000010000010010000001000000000001010000100000000000000000000000010000100001
e6c4-30-local-capture-g015-f000840,42,E6C4-30 [local capture],E6C4-30,E6C4-30.webm,15,840,28.0,FFmpeg automatic extraction,True,1,1,0.1696,automatic nearest glyph,provisional automatic read,"(8,7)",evidence/e6c4-30-local-capture/g015_f000840.jpg,000000000101000010000000000100010000000000000000000001100000000000000000000100000,000000000101000010000000000100010000000000000000000001100000000000000000000100010
e6c4-30-local-capture-g016-f000846,43,E6C4-30 [local capture],E6C4-30,E6C4-30.webm,16,846,28.2,FFmpeg automatic extraction,True,3,3,0.173,automatic nearest glyph,provisional automatic read,"(1,8) (8,7) (8,8)",evidence/e6c4-30-local-capture/g016_f000846.jpg,100101000000000000100000011000100000001100000000010000000000011000000010000000000,100101000000000001100000011000100000001100000000010000000000011000000010000000011
e6c4-30-local-capture-g017-f000852,44,E6C4-30 [local capture],E6C4-30,E6C4-30.webm,17,852,28.4,FFmpeg automatic extraction,True,2,2,0.1899,automatic nearest glyph,provisional automatic read,"(0,1) (8,7)",evidence/e6c4-30-local-capture/g017_f000852.jpg,000001000110000000000000000000000000000000000000011000000000000010000000000000000,010001000110000000000000000000000000000000000000011000000000000010000000000000010
e6c4-30-local-capture-g018-f000858,45,E6C4-30 [local capture],E6C4-30,E6C4-30.webm,18,858,28.6,FFmpeg automatic extraction,True,2,2,0.192,automatic nearest glyph,provisional automatic read,"(8,7) (8,8)",evidence/e6c4-30-local-capture/g018_f000858.jpg,010000000000000100010000000100011001001001000000100000000000001000000000001000000,010000000000000100010000000100011001001001000000100000000000001000000000001000011
e6c4-30-local-capture-g019-f000864,46,E6C4-30 [local capture],E6C4-30,E6C4-30.webm,19,864,28.8,FFmpeg automatic extraction,True,1,1,0.1627,automatic nearest glyph,provisional automatic read,"(8,7)",evidence/e6c4-30-local-capture/g019_f000864.jpg,000000101100000110000000000000000000000100000000100001000000011000000000000000000,000000101100000110000000000000000000000100000000100001000000011000000000000000010
e6c4-30-local-capture-g020-f000870,47,E6C4-30 [local capture],E6C4-30,E6C4-30.webm,20,870,29.0,FFmpeg automatic extraction,True,1,1,0.1942,automatic nearest glyph,provisional automatic read,"(7,8)",evidence/e6c4-30-local-capture/g020_f000870.jpg,000001000011000010000000010100000000001100000000000000000010000000000000000000001,000001000011000010000000010100000000001100000000000000000010000000000001000000001
e6c4-30-local-capture-g021-f000876,48,E6C4-30 [local capture],E6C4-30,E6C4-30.webm,21,876,29.2,FFmpeg automatic extraction,True,0,0,0.1806,automatic nearest glyph,provisional automatic read,,evidence/e6c4-30-local-capture/g021_f000876.jpg,011000000000000000000010000000101000001010000000000000000000001010000000000000000,011000000000000000000010000000101000001010000000000000000000001010000000000000000
e6c4-30-local-capture-g022-f000882,49,E6C4-30 [local capture],E6C4-30,E6C4-30.webm,22,882,29.4,FFmpeg automatic extraction,True,2,2,0.1804,automatic nearest glyph,provisional automatic read,"(7,0) (7,8)",evidence/e6c4-30-local-capture/g022_f000882.jpg,001000000000000000100000011000101000000000000000000000100000000000000100000100000,001000000000000000100000011000101000000000000000000000100000000100000101000100000
e6c4-30-local-capture-g023-f000888,50,E6C4-30 [local capture],E6C4-30,E6C4-30.webm,23,888,29.6,FFmpeg automatic extraction,True,0,0,0.1989,automatic nearest glyph,provisional automatic read,,evidence/e6c4-30-local-capture/g023_f000888.jpg,000000001100000010000000000100010000000000000000000000000000000000000000000000000,000000001100000010000000000100010000000000000000000000000000000000000000000000000
e6c4-30-local-capture-g024-f000894,51,E6C4-30 [local capture],E6C4-30,E6C4-30.webm,24,894,29.8,FFmpeg automatic extraction,True,0,0,0.191,automatic nearest glyph,provisional automatic read,,evidence/e6c4-30-local-capture/g024_f000894.jpg,000000000001000000010000000000000000000100000000000000000000000001000000000001000,000000000001000000010000000000000000000100000000000000000000000001000000000001000
e6c4-30-local-capture-g025-f000897,133,E6C4-30 [local capture],E6C4-30,E6C4-30.webm,25,897,29.9,FFmpeg automatic extraction,True,1,1,0.1716,automatic nearest glyph,provisional automatic read,"(7,0)",evidence/e6c4-30-local-capture/g025_f000897.jpg,100000100001000000000000000000010000001000000000001000000000000000000000010100000,100000100001000000000000000000010000001000000000001000000000000100000000010100000
e6c4-35-g001-f000057,125,E6C4-35,E6C4-35,E6C4-35.mp4,1,57,1.9039,ArchiveInvest manual,False,0,0,,matches corpus tag,matches repeated corpus observations,,evidence/e6c4-35/g001_f000057.jpg,000001000000000010000000000000000000001010000000010000000010000100000000000000000,000001000000000010000000000000000000001010000000010000000010000100000000000000000
e6c4-35-g002-f000058,126,E6C4-35,E6C4-35,E6C4-35.mp4,2,58,1.9373,ArchiveInvest manual,False,0,0,,matches corpus tag,matches repeated corpus observations,,evidence/e6c4-35/g002_f000058.jpg,000000000000000000000000000000000000001000000000100000000000000001000010001000100,000000000000000000000000000000000000001000000000100000000000000001000010001000100
e6c4-35-g003-f000069,112,E6C4-35,E6C4-35,E6C4-35.mp4,3,69,2.3038,ArchiveInvest manual,False,0,0,,matches corpus tag,matches repeated corpus observations,,evidence/e6c4-35/g003_f000069.jpg,000001000000000000000000000000001000000000000100000000000010000000000100000000000,000001000000000000000000000000001000000000000100000000000010000000000100000000000
e6c4-35-g004-f000069,38,E6C4-35,E6C4-35,E6C4-35.mp4,4,69,2.3038,ArchiveInvest manual,False,0,0,,matches corpus tag,matches repeated corpus observations,,evidence/e6c4-35/g004_f000069.jpg,000000000000000000000000000000001000000010000000100001000000010001000000000000000,000000000000000000000000000000001000000010000000100001000000010001000000000000000
e6c4-35-g005-f000075,39,E6C4-35,E6C4-35,E6C4-35.mp4,5,75,2.5038,ArchiveInvest manual,False,0,0,,matches corpus tag,matches repeated corpus observations,,evidence/e6c4-35/g005_f000075.jpg,000101000001000000010000000100000000000000100100000000000000000000000001000000001,000101000001000000010000000100000000000000100100000000000000000000000001000000001
e6c4-35-g006-f000081,40,E6C4-35,E6C4-35,E6C4-35.mp4,6,81,2.7037,ArchiveInvest manual,False,0,0,,matches corpus tag,matches repeated corpus observations,,evidence/e6c4-35/g006_f000081.jpg,100000000000000001000000000000000000000001000100000000000000000010000000000001011,100000000000000001000000000000000000000001000100000000000000000010000000000001011
e6c4-35-g007-f000088,41,E6C4-35,E6C4-35,E6C4-35.mp4,7,88,2.9371,ArchiveInvest manual,False,0,0,,matches corpus tag,matches repeated corpus observations,,evidence/e6c4-35/g007_f000088.jpg,000101000010000010010000001000000000001010000100000000000000000000000010000100001,000101000010000010010000001000000000001010000100000000000000000000000010000100001
e6c4-35-g008-f000094,42,E6C4-35,E6C4-35,E6C4-35.mp4,8,94,3.1371,ArchiveInvest manual,False,0,0,,matches corpus tag,matches repeated corpus observations,,evidence/e6c4-35/g008_f000094.jpg,000000000101000010000000000100010000000000000000000001100000000000000000000100010,000000000101000010000000000100010000000000000000000001100000000000000000000100010
e6c4-35-g009-f000102,43,E6C4-35,E6C4-35,E6C4-35.mp4,9,102,3.4037,ArchiveInvest manual,False,0,0,,matches corpus tag,matches repeated corpus observations,,evidence/e6c4-35/g009_f000102.jpg,100101000000000001100000011000100000001100000000010000000000011000000010000000011,100101000000000001100000011000100000001100000000010000000000011000000010000000011
e6c4-35-g010-f000105,44,E6C4-35,E6C4-35,E6C4-35.mp4,10,105,3.5037,ArchiveInvest manual,False,0,0,,matches corpus tag,matches repeated corpus observations,,evidence/e6c4-35/g010_f000105.jpg,010001000110000000000000000000000000000000000000011000000000000010000000000000010,010001000110000000000000000000000000000000000000011000000000000010000000000000010
e6c4-35-g011-f000112,45,E6C4-35,E6C4-35,E6C4-35.mp4,11,112,3.737,ArchiveInvest manual,False,0,0,,matches corpus tag,matches repeated corpus observations,,evidence/e6c4-35/g011_f000112.jpg,010000000000000100010000000100011001001001000000100000000000001000000000001000011,010000000000000100010000000100011001001001000000100000000000001000000000001000011
e6c4-35-g012-f000118,46,E6C4-35,E6C4-35,E6C4-35.mp4,12,118,3.937,ArchiveInvest manual,False,0,0,,matches corpus tag,matches repeated corpus observations,,evidence/e6c4-35/g012_f000118.jpg,000000101100000110000000000000000000000100000000100001000000011000000000000000010,000000101100000110000000000000000000000100000000100001000000011000000000000000010
e6c4-35-g013-f000123,47,E6C4-35,E6C4-35,E6C4-35.mp4,13,123,4.1037,ArchiveInvest manual,False,0,0,,matches corpus tag,matches repeated corpus observations,,evidence/e6c4-35/g013_f000123.jpg,000001000011000010000000010100000000001100000000000000000010000000000001000000001,000001000011000010000000010100000000001100000000000000000010000000000001000000001
e6c4-35-g014-f000129,48,E6C4-35,E6C4-35,E6C4-35.mp4,14,129,4.3037,ArchiveInvest manual,False,0,0,,matches corpus tag,matches repeated corpus observations,,evidence/e6c4-35/g014_f000129.jpg,011000000000000000000010000000101000001010000000000000000000001010000000000000000,011000000000000000000010000000101000001010000000000000000000001010000000000000000
e6c4-35-g015-f000135,49,E6C4-35,E6C4-35,E6C4-35.mp4,15,135,4.5037,ArchiveInvest manual,False,0,0,,matches corpus tag,matches repeated corpus observations,,evidence/e6c4-35/g015_f000135.jpg,001000000000000000100000011000101000000000000000000000100000000100000101000100000,001000000000000000100000011000101000000000000000000000100000000100000101000100000
e6c4-35-g016-f000141,50,E6C4-35,E6C4-35,E6C4-35.mp4,16,141,4.7037,ArchiveInvest manual,False,0,0,,matches corpus tag,matches repeated corpus observations,,evidence/e6c4-35/g016_f000141.jpg,000000001100000010000000000100010000000000000000000000000000000000000000000000000,000000001100000010000000000100010000000000000000000000000000000000000000000000000
e6c4-35-g017-f000148,51,E6C4-35,E6C4-35,E6C4-35.mp4,17,148,4.937,ArchiveInvest manual,False,0,0,,matches corpus tag,matches repeated corpus observations,,evidence/e6c4-35/g017_f000148.jpg,000000000001000000010000000000000000000100000000000000000000000001000000000001000,000000000001000000010000000000000000000100000000000000000000000001000000000001000
e6c4-35-g018-f000154,52,E6C4-35,E6C4-35,E6C4-35.mp4,18,154,5.137,ArchiveInvest manual,False,0,0,,matches corpus tag,matches repeated corpus observations,,evidence/e6c4-35/g018_f000154.jpg,100000100001000000000000000000010000001000000000001000000000000100000000010100001,100000100001000000000000000000010000001000000000001000000000000100000000010100001
e6c4-35-g019-f000159,53,E6C4-35,E6C4-35,E6C4-35.mp4,19,159,5.3037,ArchiveInvest manual,False,0,0,,matches corpus tag,matches repeated corpus observations,,evidence/e6c4-35/g019_f000159.jpg,001000000001000000100000010100000000000000000000000000100000000001000000000000000,001000000001000000100000010100000000000000000000000000100000000001000000000000000
e6c4-35-g020-f000165,54,E6C4-35,E6C4-35,E6C4-35.mp4,20,165,5.5037,ArchiveInvest manual,False,0,0,,matches corpus tag,matches repeated corpus observations,,evidence/e6c4-35/g020_f000165.jpg,000001000010000000000000010000100000001000000000100000010000000000000010001000111,000001000010000000000000010000100000001000000000100000010000000000000010001000111
e6c4-35-g021-f000171,55,E6C4-35,E6C4-35,E6C4-35.mp4,21,171,5.7037,ArchiveInvest manual,False,0,0,,matches corpus tag,matches repeated corpus observations,,evidence/e6c4-35/g021_f000171.jpg,000000000000000000000000001100010000000000000000000000000000000000000000011000100,000000000000000000000000001100010000000000000000000000000000000000000000011000100
e6c4-35-g022-f000179,56,E6C4-35,E6C4-35,E6C4-35.mp4,22,179,5.9703,ArchiveInvest manual,False,0,0,,matches corpus tag,matches repeated corpus observations,,evidence/e6c4-35/g022_f000179.jpg,000000100000000001100000001000000000000100000000000000100000000010000000001000000,000000100000000001100000001000000000000100000000000000100000000010000000001000000
e6c4-35-g023-f000190,58,E6C4-35,E6C4-35,E6C4-35.mp4,23,190,6.337,ArchiveInvest manual,False,0,0,,matches corpus tag,matches repeated corpus observations,,evidence/e6c4-35/g023_f000190.jpg,001001000000000001000000000000110000000000000100010000000000000000000000000000011,001001000000000001000000000000110000000000000100010000000000000000000000000000011
e6c4-35-g024-f000196,59,E6C4-35,E6C4-35,E6C4-35.mp4,24,196,6.537,ArchiveInvest manual,False,0,0,,matches corpus tag,matches repeated corpus observations,,evidence/e6c4-35/g024_f000196.jpg,001000000001000010000000001000000000000000100000000000000000000000000000000000000,001000000001000010000000001000000000000000100000000000000000000000000000000000000
e6c4-35-g025-f000201,60,E6C4-35,E6C4-35,E6C4-35.mp4,25,201,6.7037,ArchiveInvest manual,False,0,0,,matches corpus tag,matches repeated corpus observations,,evidence/e6c4-35/g025_f000201.jpg,000000000000000001000000000100110000000000000000010000100000010000000000000001010,000000000000000001000000000100110000000000000000010000100000010000000000000001010
e6c4-35-g026-f000207,61,E6C4-35,E6C4-35,E6C4-35.mp4,26,207,6.9037,ArchiveInvest manual,False,0,0,,matches corpus tag,matches repeated corpus observations,,evidence/e6c4-35/g026_f000207.jpg,000100100000000000000000000000101000000010000000000000000010000100000000001000100,000100100000000000000000000000101000000010000000000000000010000100000000001000100
e6c4-35-g027-f000214,62,E6C4-35,E6C4-35,E6C4-35.mp4,27,214,7.137,ArchiveInvest manual,False,0,0,,matches corpus tag,matches repeated corpus observations,,evidence/e6c4-35/g027_f000214.jpg,000100101000000000010010000000001000001010100100100000000000010000000000000000010,000100101000000000010010000000001000001010100100100000000000010000000000000000010
e6c4-35-g028-f000219,63,E6C4-35,E6C4-35,E6C4-35.mp4,28,219,7.3036,ArchiveInvest manual,False,0,0,,matches corpus tag,matches repeated corpus observations,,evidence/e6c4-35/g028_f000219.jpg,000100000010000000010010001000010000000001000000010000000000000000000000110000001,000100000010000000010010001000010000000001000000010000000000000000000000110000001
e6c4-35-g029-f000225,64,E6C4-35,E6C4-35,E6C4-35.mp4,29,225,7.5036,ArchiveInvest manual,False,0,0,,matches corpus tag,matches repeated corpus observations,,evidence/e6c4-35/g029_f000225.jpg,000000100000000000000000000100100000000000100000000000000010010000000101010000100,000000100000000000000000000100100000000000100000000000000010010000000101010000100
e6c4-35-g030-f000232,65,E6C4-35,E6C4-35,E6C4-35.mp4,30,232,7.737,ArchiveInvest manual,False,0,0,,matches corpus tag,matches repeated corpus observations,,evidence/e6c4-35/g030_f000232.jpg,000000000000000001100000001000001000000000100000100000000000000000000010001100000,000000000000000001100000001000001000000000100000100000000000000000000010001100000
e6c4-35-g031-f000238,66,E6C4-35,E6C4-35,E6C4-35.mp4,31,238,7.937,ArchiveInvest manual,False,0,0,,matches corpus tag,matches repeated corpus observations,,evidence/e6c4-35/g031_f000238.jpg,000001100101000001000000000000010000001000000000001000000000000010000001000000010,000001100101000001000000000000010000001000000000001000000000000010000001000000010
e6c4-35-g032-f000243,67,E6C4-35,E6C4-35,E6C4-35.mp4,32,243,8.1036,ArchiveInvest manual,False,0,0,,matches corpus tag,matches repeated corpus observations,,evidence/e6c4-35/g032_f000243.jpg,000000000000000000000000000000010000000000000100000000000000000000000000000000000,000000000000000000000000000000010000000000000100000000000000000000000000000000000
e6c4-35-g033-f000249,135,E6C4-35,E6C4-35,E6C4-35.mp4,33,249,8.3036,ArchiveInvest manual,False,0,0,,matches corpus tag,matches repeated corpus observations,,evidence/e6c4-35/g033_f000249.jpg,000000000001000000000010000100000001000000000000000000000000000001000000010001000,000000000001000000000010000100000001000000000000000000000000000001000000010001000
e6c4-35-g034-f000255,136,E6C4-35,E6C4-35,E6C4-35.mp4,34,255,8.5036,ArchiveInvest manual,False,0,0,,matches corpus tag,matches repeated corpus observations,,evidence/e6c4-35/g034_f000255.jpg,000000000100000000110010001100000000000000000000000000100000000000000001100001100,000000000100000000110010001100000000000000000000000000100000000000000001100001100
e6c4-35-g035-f000261,137,E6C4-35,E6C4-35,E6C4-35.mp4,35,261,8.7036,ArchiveInvest manual,False,0,0,,matches corpus tag,matches repeated corpus observations,,evidence/e6c4-35/g035_f000261.jpg,000001000001000010000000001000101001000010000000000000000000000010000100000000101,000001000001000010000000001000101001000010000000000000000000000010000100000000101
e6c4-35-g036-f000268,138,E6C4-35,E6C4-35,E6C4-35.mp4,36,268,8.937,ArchiveInvest manual,False,0,0,,matches corpus tag,matches repeated corpus observations,,evidence/e6c4-35/g036_f000268.jpg,000000000000000010000000000000000000000010000100100000000000000000000010000000000,000000000000000010000000000000000000000010000100100000000000000000000010000000000
e6c4-35-g037-f000272,139,E6C4-35,E6C4-35,E6C4-35.mp4,37,272,9.0703,ArchiveInvest manual,False,0,0,,matches corpus tag,matches repeated corpus observations,,evidence/e6c4-35/g037_f000272.jpg,000100100000000000000000000000011000000110000000000000100000000000000000000000100,000100100000000000000000000000011000000110000000000000100000000000000000000000100
e6c4-35-g038-f000280,140,E6C4-35,E6C4-35,E6C4-35.mp4,38,280,9.337,ArchiveInvest manual,False,0,0,,matches corpus tag,multi-frame audited,,evidence/e6c4-35/g038_f000280.jpg,010000001000000000010010000000001000000010000000001000100000010001000000000000000,010000001000000000010010000000001000000010000000001000100000010001000000000000000
e6c4-35-g039-f000286,141,E6C4-35,E6C4-35,E6C4-35.mp4,39,286,9.537,ArchiveInvest manual,False,0,0,,matches corpus tag,matches repeated corpus observations,,evidence/e6c4-35/g039_f000286.jpg,000000001000000010000010000000000000000010000100000000100000000000000000001000000,000000001000000010000010000000000000000010000100000000100000000000000000001000000
e6c4-35-g040-f000292,142,E6C4-35,E6C4-35,E6C4-35.mp4,40,292,9.737,ArchiveInvest manual,False,0,0,,matches corpus tag,matches repeated corpus observations,,evidence/e6c4-35/g040_f000292.jpg,000000000000000010010010001100000000000000100000011000000000001000000100000000000,000000000000000010010010001100000000000000100000011000000000001000000100000000000
e6c4-35-g041-f000298,143,E6C4-35,E6C4-35,E6C4-35.mp4,41,298,9.9369,ArchiveInvest manual,False,0,0,,matches corpus tag,matches repeated corpus observations,,evidence/e6c4-35/g041_f000298.jpg,000000000100000110000000000000100000001000000000010000100000000110000101100000101,000000000100000110000000000000100000001000000000010000100000000110000101100000101
e6c4-35-g042-f000303,144,E6C4-35,E6C4-35,E6C4-35.mp4,42,303,10.1036,ArchiveInvest manual,False,0,0,,matches corpus tag,matches repeated corpus observations,,evidence/e6c4-35/g042_f000303.jpg,000000000000000100010000000100010000001000100000000000010000000010000000010000010,000000000000000100010000000100010000001000100000000000010000000010000000010000010
e6c4-35-g043-f000310,145,E6C4-35,E6C4-35,E6C4-35.mp4,43,310,10.3369,ArchiveInvest manual,False,0,0,,matches corpus tag,single-source corpus entry; unverified,,evidence/e6c4-35/g043_f000310.jpg,000000000000000000100010000000100000000000000000000000010000001100000001100000100,000000000000000000100010000000100000000000000000000000010000001100000001100000100
e6c4-35-g044-f000316,1,E6C4-35,E6C4-35,E6C4-35.mp4,44,316,10.5369,ArchiveInvest manual,False,0,0,,matches corpus tag,matches repeated corpus observations,,evidence/e6c4-35/g044_f000316.jpg,000100110100000101000010000000100000000100000000000000100000000001000010001000010,000100110100000101000010000000100000000100000000000000100000000001000010001000010
e6c4-35-g045-f000321,2,E6C4-35,E6C4-35,E6C4-35.mp4,45,321,10.7036,ArchiveInvest manual,False,0,0,,matches corpus tag,matches repeated corpus observations,,evidence/e6c4-35/g045_f000321.jpg,010000000010000100000000010000000000000010100000000000010000000000000000010000001,010000000010000100000000010000000000000010100000000000010000000000000000010000001
e6c4-35-g046-f000328,3,E6C4-35,E6C4-35,E6C4-35.mp4,46,328,10.9369,ArchiveInvest manual,False,0,0,,matches corpus tag,matches repeated corpus observations,,evidence/e6c4-35/g046_f000328.jpg,000000000000000000010000010000000000000100000100101001010000000011000000000000001,000000000000000000010000010000000000000100000100101001010000000011000000000000001
e6c4-35-g047-f000334,4,E6C4-35,E6C4-35,E6C4-35.mp4,47,334,11.1369,ArchiveInvest manual,False,0,0,,matches corpus tag,matches repeated corpus observations,,evidence/e6c4-35/g047_f000334.jpg,000001001000000010000000000000010000000000000000000000010010000001000001000100000,000001001000000010000000000000010000000000000000000000010010000001000001000100000
e6c4-35-g048-f000340,5,E6C4-35,E6C4-35,E6C4-35.mp4,48,340,11.3369,ArchiveInvest manual,False,0,0,,matches corpus tag,matches repeated corpus observations,,evidence/e6c4-35/g048_f000340.jpg,100001000000000000000000000000000000000010000000000000010000000000000000000000000,100001000000000000000000000000000000000010000000000000010000000000000000000000000
e6c4-v-g001-f000636,81,E6C4-V,E6C4-V,E6C4-V.mp4,1,636,21.216,ArchiveInvest manual,False,0,0,,matches corpus tag,matches repeated corpus observations,,evidence/e6c4-v/g001_f000636.jpg,000000000000000000000010000000010000000011000000000000100000000001000000100001000,000000000000000000000010000000010000000011000000000000100000000001000000100001000
e6c4-v-g002-f000642,82,E6C4-V,E6C4-V,E6C4-V.mp4,2,642,21.416,ArchiveInvest manual,False,0,0,,matches corpus tag,matches repeated corpus observations,,evidence/e6c4-v/g002_f000642.jpg,001000010000000010000000001000000000000001000100000001010010000000000010000001110,001000010000000010000000001000000000000001000100000001010010000000000010000001110
e6c4-v-g003-f000643,113,E6C4-V,E6C4-V,E6C4-V.mp4,3,643,21.4493,ArchiveInvest manual,False,0,0,,matches corpus tag,single-source corpus entry; unverified,,evidence/e6c4-v/g003_f000643.jpg,000000000001000000000000000000000000000000100000000000000000011001000101000000000,000000000001000000000000000000000000000000100000000000000000011001000101000000000
e6c4-v-g004-f000654,114,E6C4-V,E6C4-V,E6C4-V.mp4,4,654,21.816,ArchiveInvest manual,False,0,0,,matches corpus tag,single-source corpus entry; unverified,,evidence/e6c4-v/g004_f000654.jpg,000000000000000000000010010000000000000100000000010000000000010000000110000000000,000000000000000000000010010000000000000100000000010000000000010000000110000000000
e6c4-v-g005-f000655,85,E6C4-V,E6C4-V,E6C4-V.mp4,5,655,21.8493,ArchiveInvest manual,False,0,0,,matches corpus tag,matches repeated corpus observations,,evidence/e6c4-v/g005_f000655.jpg,101001000010000000000010000000000000000000100000000001010000000000000000010001010,101001000010000000000010000000000000000000100000000001010000000000000000010001010
e6c4-v-g006-f000665,86,E6C4-V,E6C4-V,E6C4-V.mp4,6,665,22.1826,ArchiveInvest manual,False,0,0,,matches corpus tag,matches repeated corpus observations,,evidence/e6c4-v/g006_f000665.jpg,001000000000000010000000000000000000001001000000000001000000000000000100001001000,001000000000000010000000000000000000001001000000000001000000000000000100001001000
e6c4-v-g007-f000671,87,E6C4-V,E6C4-V,E6C4-V.mp4,7,671,22.3826,ArchiveInvest manual,False,0,0,,matches corpus tag,matches repeated corpus observations,,evidence/e6c4-v/g007_f000671.jpg,000000000010000000000000010000000000000000100000001000010000000001000101000100010,000000000010000000000000010000000000000000100000001000010000000001000101000100010
e6c4-v-g008-f000677,88,E6C4-V,E6C4-V,E6C4-V.mp4,8,677,22.5826,ArchiveInvest manual,False,0,0,,matches corpus tag,matches repeated corpus observations,,evidence/e6c4-v/g008_f000677.jpg,000000000001000011000000000000000000000000000100000000000010000000000000000000000,000000000001000011000000000000000000000000000100000000000010000000000000000000000
e6c4-v-g009-f000678,89,E6C4-V,E6C4-V,E6C4-V.mp4,9,678,22.616,ArchiveInvest manual,False,0,0,,matches corpus tag,matches repeated corpus observations,,evidence/e6c4-v/g009_f000678.jpg,000000000000000000000000000000100000000010000000010000110000011000000000000100000,000000000000000000000000000000100000000010000000010000110000011000000000000100000
e6c4-v-g010-f000689,90,E6C4-V,E6C4-V,E6C4-V.mp4,10,689,22.9826,ArchiveInvest manual,False,0,0,,matches corpus tag,matches repeated corpus observations,,evidence/e6c4-v/g010_f000689.jpg,000000000000000000000010000000000000000000000000010000000000001000000010000000000,000000000000000000000010000000000000000000000000010000000000001000000010000000000
e6c4-v-g011-f000690,91,E6C4-V,E6C4-V,E6C4-V.mp4,11,690,23.0159,ArchiveInvest manual,False,0,0,,matches corpus tag,matches repeated corpus observations,,evidence/e6c4-v/g011_f000690.jpg,000000010010000100000000000000000000000001000000000001000000000001000000000000000,000000010010000100000000000000000000000001000000000001000000000001000000000000000
e6c4-v-g012-f000696,92,E6C4-V,E6C4-V,E6C4-V.mp4,12,696,23.2159,ArchiveInvest manual,False,0,0,,matches corpus tag,matches repeated corpus observations,,evidence/e6c4-v/g012_f000696.jpg,010000110100000000000010000100000000000000100000101001000000000000000101100100100,010000110100000000000010000100000000000000100000101001000000000000000101100100100
e6c4-v-g013-f000707,93,E6C4-V,E6C4-V,E6C4-V.mp4,13,707,23.5826,ArchiveInvest manual,False,0,0,,matches corpus tag,matches repeated corpus observations,,evidence/e6c4-v/g013_f000707.jpg,001100000000000000000010000000000000000001000000000000000000000010000000011000000,001100000000000000000010000000000000000001000000000000000000000010000000011000000
e6c4-v-g014-f000708,94,E6C4-V,E6C4-V,E6C4-V.mp4,14,708,23.6159,ArchiveInvest manual,False,0,0,,matches corpus tag,matches repeated corpus observations,,evidence/e6c4-v/g014_f000708.jpg,010100000000000111000000000100001000000000000100010000000010001000000000001001100,010100000000000111000000000100001000000000000100010000000010001000000000001001100
e6c4-v-g015-f000717,95,E6C4-V,E6C4-V,E6C4-V.mp4,15,717,23.9159,ArchiveInvest manual,False,0,0,,matches corpus tag,matches repeated corpus observations,,evidence/e6c4-v/g015_f000717.jpg,100000000100000000000000000000000000000000100000000000000010000010000010000000001,100000000100000000000000000000000000000000100000000000000010000010000010000000001
e6c4-v-g016-f000720,96,E6C4-V,E6C4-V,E6C4-V.mp4,16,720,24.0159,ArchiveInvest manual,False,0,0,,matches corpus tag,matches repeated corpus observations,,evidence/e6c4-v/g016_f000720.jpg,001101000000000000010010000000000000001110100000000000000000000000000001001000010,001101000000000000010010000000000000001110100000000000000000000000000001001000010
e6c4-v-g017-f000728,97,E6C4-V,E6C4-V,E6C4-V.mp4,17,728,24.2826,ArchiveInvest manual,False,0,0,,matches corpus tag,matches repeated corpus observations,,evidence/e6c4-v/g017_f000728.jpg,000000000100000000000000000100110000000000000000010000000000010010000001100000000,000000000100000000000000000100110000000000000000010000000000010010000001100000000
e6c4-v-g018-f000732,98,E6C4-V,E6C4-V,E6C4-V.mp4,18,732,24.4159,ArchiveInvest manual,False,0,0,,matches corpus tag,matches repeated corpus observations,,evidence/e6c4-v/g018_f000732.jpg,010001000100000100000010000000001001000010000000100000010000000001000000010001001,010001000100000100000010000000001001000010000000100000010000000001000000010001001
e6c4-v-g019-f000738,99,E6C4-V,E6C4-V,E6C4-V.mp4,19,738,24.6159,ArchiveInvest manual,False,0,0,,matches corpus tag,matches repeated corpus observations,,evidence/e6c4-v/g019_f000738.jpg,000000011010000000000000000000000000000100000000000000010010000001000000100000000,000000011010000000000000000000000000000100000000000000010010000001000000100000000
e6c4-v-g020-f000744,100,E6C4-V,E6C4-V,E6C4-V.mp4,20,744,24.8159,ArchiveInvest manual,False,0,0,,matches corpus tag,matches repeated corpus observations,,evidence/e6c4-v/g020_f000744.jpg,001000010000000000000000001100001000000100000000000000110010000000000010000000001,001000010000000000000000001100001000000100000000000000110010000000000010000000001
e6c4-v-g021-f000751,101,E6C4-V,E6C4-V,E6C4-V.mp4,21,751,25.0492,ArchiveInvest manual,False,0,0,,matches corpus tag,matches repeated corpus observations,,evidence/e6c4-v/g021_f000751.jpg,000000010000000110100000000000000001000000000000100000000000000011000010100000000,000000010000000110100000000000000001000000000000100000000000000011000010100000000
e6c4-v-g022-f000756,102,E6C4-V,E6C4-V,E6C4-V.mp4,22,756,25.2159,ArchiveInvest manual,False,0,0,,matches corpus tag,matches repeated corpus observations,,evidence/e6c4-v/g022_f000756.jpg,100000000000000000000000000000010001000101000000000000000000010010000001001100000,100000000000000000000000000000010001000101000000000000000000010010000001001100000
e6c4-v-g023-f000762,115,E6C4-V,E6C4-V,E6C4-V.mp4,23,762,25.4159,ArchiveInvest manual,False,0,0,,matches corpus tag,single-source corpus entry; unverified,,evidence/e6c4-v/g023_f000762.jpg,000000011000000000000010000000000001000100000100100000000000000010000000000000001,000000011000000000000010000000000001000100000100100000000000000010000000000000001
e6c4-v-g024-f000768,116,E6C4-V,E6C4-V,E6C4-V.mp4,24,768,25.6159,ArchiveInvest manual,False,0,0,,matches corpus tag,single-source corpus entry; unverified,,evidence/e6c4-v/g024_f000768.jpg,110100000000000000000000000000001000000001000000000000100000011000000001101001110,110100000000000000000000000000001000000001000000000000100000011000000001101001110
e6c5-13-g001-f001054,42,E6C5-13,E6C5-13,E6C5-13.mp4,1,1054,35.1333,FFmpeg automatic extraction,True,3,3,0.1561,automatic nearest glyph,provisional automatic read,"(1,0) (1,7) (8,7)",evidence/e6c5-13/g001_f001054.jpg,000000000001000000000000000100010000000000000000000001100000000000000000000100000,000000000101000010000000000100010000000000000000000001100000000000000000000100010
e6c5-13-g002-f001060,43,E6C5-13,E6C5-13,E6C5-13.mp4,2,1060,35.3333,FFmpeg automatic extraction,True,3,3,0.2044,automatic nearest glyph,provisional automatic read,"(1,8) (8,7) (8,8)",evidence/e6c5-13/g002_f001060.jpg,100101000000000000100000011000100000001100000000010000000000011000000010000000000,100101000000000001100000011000100000001100000000010000000000011000000010000000011
e6c5-13-g003-f001066,44,E6C5-13,E6C5-13,E6C5-13.mp4,3,1066,35.5333,FFmpeg automatic extraction,True,5,5,0.1993,sequence consensus,provisional automatic read,"(0,1) (1,0) (5,4) (5,5) (8,7)",evidence/e6c5-13/g003_f001066.jpg,000001000010000000000000000000000000000000000000000000000000000010000000000000000,010001000110000000000000000000000000000000000000011000000000000010000000000000010
e6c5-13-g004-f001072,45,E6C5-13,E6C5-13,E6C5-13.mp4,4,1072,35.7333,FFmpeg automatic extraction,True,4,4,0.2142,automatic nearest glyph,provisional automatic read,"(0,1) (1,6) (8,7) (8,8)",evidence/e6c5-13/g004_f001072.jpg,000000000000000000010000000100011001001001000000100000000000001000000000001000000,010000000000000100010000000100011001001001000000100000000000001000000000001000011
e6c5-13-g005-f001078,46,E6C5-13,E6C5-13,E6C5-13.mp4,5,1078,35.9333,FFmpeg automatic extraction,True,2,2,0.2189,automatic nearest glyph,provisional automatic read,"(1,0) (8,7)",evidence/e6c5-13/g005_f001078.jpg,000000101000000110000000000000000000000100000000100001000000011000000000000000000,000000101100000110000000000000000000000100000000100001000000011000000000000000010
e6c5-13-g006-f001084,47,E6C5-13,E6C5-13,E6C5-13.mp4,6,1084,36.1333,FFmpeg automatic extraction,True,1,1,0.1967,automatic nearest glyph,provisional automatic read,"(7,8)",evidence/e6c5-13/g006_f001084.jpg,000001000011000010000000010100000000001100000000000000000010000000000000000000001,000001000011000010000000010100000000001100000000000000000010000000000001000000001
e6c5-13-g007-f001090,48,E6C5-13,E6C5-13,E6C5-13.mp4,7,1090,36.3333,FFmpeg automatic extraction,True,0,0,0.2197,automatic nearest glyph,provisional automatic read,,evidence/e6c5-13/g007_f001090.jpg,011000000000000000000010000000101000001010000000000000000000001010000000000000000,011000000000000000000010000000101000001010000000000000000000001010000000000000000
e6c5-13-g008-f001096,49,E6C5-13,E6C5-13,E6C5-13.mp4,8,1096,36.5333,FFmpeg automatic extraction,True,0,0,0.1745,automatic nearest glyph,provisional automatic read,,evidence/e6c5-13/g008_f001096.jpg,001000000000000000100000011000101000000000000000000000100000000100000101000100000,001000000000000000100000011000101000000000000000000000100000000100000101000100000
e6c5-13-g009-f001102,50,E6C5-13,E6C5-13,E6C5-13.mp4,9,1102,36.7333,FFmpeg automatic extraction,True,1,1,0.205,automatic nearest glyph,provisional automatic read,"(1,0)",evidence/e6c5-13/g009_f001102.jpg,000000001000000010000000000100010000000000000000000000000000000000000000000000000,000000001100000010000000000100010000000000000000000000000000000000000000000000000
e6c5-13-g010-f001108,51,E6C5-13,E6C5-13,E6C5-13.mp4,10,1108,36.9333,FFmpeg automatic extraction,True,0,0,0.2024,automatic nearest glyph,provisional automatic read,,evidence/e6c5-13/g010_f001108.jpg,000000000001000000010000000000000000000100000000000000000000000001000000000001000,000000000001000000010000000000000000000100000000000000000000000001000000000001000
e6c5-13-g011-f001114,133,E6C5-13,E6C5-13,E6C5-13.mp4,11,1114,37.1333,FFmpeg automatic extraction,True,1,1,0.2125,automatic nearest glyph,provisional automatic read,"(8,1)",evidence/e6c5-13/g011_f001114.jpg,100000100001000000000000000000010000001000000000001000000000000100000000000100000,100000100001000000000000000000010000001000000000001000000000000100000000010100000
e6c5-13-g012-f001120,53,E6C5-13,E6C5-13,E6C5-13.mp4,12,1120,37.3333,FFmpeg automatic extraction,True,0,0,0.2325,automatic nearest glyph,provisional automatic read,,evidence/e6c5-13/g012_f001120.jpg,001000000001000000100000010100000000000000000000000000100000000001000000000000000,001000000001000000100000010100000000000000000000000000100000000001000000000000000
e6c5-13-g013-f001126,54,E6C5-13,E6C5-13,E6C5-13.mp4,13,1126,37.5333,FFmpeg automatic extraction,True,2,2,0.1952,automatic nearest glyph,provisional automatic read,"(8,7) (8,8)",evidence/e6c5-13/g013_f001126.jpg,000001000010000000000000010000100000001000000000100000010000000000000010001000100,000001000010000000000000010000100000001000000000100000010000000000000010001000111
e6c5-2j-g001-f001432,119,E6C5-2J,E6C5-2J,E6C5-2J.webm,1,1432,47.7333,FFmpeg automatic extraction,True,2,2,0.1682,automatic nearest glyph,provisional automatic read,"(8,0) (8,8)",evidence/e6c5-2j/g001_f001432.jpg,000000000001000100000000010000110000001000000100000001000000000011000000000000000,000000000001000100000000010000110000001000000100000001000000000011000000100000001
e6c5-2j-g002-f001438,120,E6C5-2J,E6C5-2J,E6C5-2J.webm,2,1438,47.9333,FFmpeg automatic extraction,True,1,1,0.1853,automatic nearest glyph,provisional automatic read,"(8,0)",evidence/e6c5-2j/g002_f001438.jpg,000100000100000000000010000000100000000010000000100000000000010000000000000001000,000100000100000000000010000000100000000010000000100000000000010000000000100001000
e6c5-2j-g003-f001444,121,E6C5-2J,E6C5-2J,E6C5-2J.webm,3,1444,48.1333,FFmpeg automatic extraction,True,1,1,0.1893,automatic nearest glyph,provisional automatic read,"(1,0)",evidence/e6c5-2j/g003_f001444.jpg,000000000001000000010000001100110000000000000100001000000000000100000000000000000,000000000101000000010000001100110000000000000100001000000000000100000000000000000
e6c5-2j-g004-f001450,122,E6C5-2J,E6C5-2J,E6C5-2J.webm,4,1450,48.3333,FFmpeg automatic extraction,True,1,1,0.2274,automatic nearest glyph,provisional automatic read,"(8,7)",evidence/e6c5-2j/g004_f001450.jpg,000000000000000000100010001000000000000000000000000000000000001001000010000000000,000000000000000000100010001000000000000000000000000000000000001001000010000000010
e6c5-2j-g005-f001456,123,E6C5-2J,E6C5-2J,E6C5-2J.webm,5,1456,48.5333,FFmpeg automatic extraction,True,1,1,0.1981,automatic nearest glyph,provisional automatic read,"(8,0)",evidence/e6c5-2j/g005_f001456.jpg,000000000000000010000000000000000000000000000000000000010000000000000000000000000,000000000000000010000000000000000000000000000000000000010000000000000000100000000
e6c5-2j-g006-f001462,124,E6C5-2J,E6C5-2J,E6C5-2J.webm,6,1462,48.7333,FFmpeg automatic extraction,True,1,1,0.2156,automatic nearest glyph,provisional automatic read,"(1,0)",evidence/e6c5-2j/g006_f001462.jpg,000100000000000000000000000000100001000010000000000000010010000000000000010000000,000100000100000000000000000000100001000010000000000000010010000000000000010000000
e6c5-2j-g007-f001468,125,E6C5-2J,E6C5-2J,E6C5-2J.webm,7,1468,48.9333,FFmpeg automatic extraction,True,1,1,0.239,automatic nearest glyph,provisional automatic read,"(7,0)",evidence/e6c5-2j/g007_f001468.jpg,000001000000000010000000000000000000001010000000010000000010000000000000000000000,000001000000000010000000000000000000001010000000010000000010000100000000000000000
e6c5-2j-g008-f001474,126,E6C5-2J,E6C5-2J,E6C5-2J.webm,8,1474,49.1333,FFmpeg automatic extraction,True,0,0,0.2111,automatic nearest glyph,provisional automatic read,,evidence/e6c5-2j/g008_f001474.jpg,000000000000000000000000000000000000001000000000100000000000000001000010001000100,000000000000000000000000000000000000001000000000100000000000000001000010001000100
e6c5-2j-g009-f001480,112,E6C5-2J,E6C5-2J,E6C5-2J.webm,9,1480,49.3333,FFmpeg automatic extraction,True,0,0,0.1881,automatic nearest glyph,provisional automatic read,,evidence/e6c5-2j/g009_f001480.jpg,000001000000000000000000000000001000000000000100000000000010000000000100000000000,000001000000000000000000000000001000000000000100000000000010000000000100000000000
e6c5-2j-g010-f001486,38,E6C5-2J,E6C5-2J,E6C5-2J.webm,10,1486,49.5333,FFmpeg automatic extraction,True,0,0,0.1954,automatic nearest glyph,provisional automatic read,,evidence/e6c5-2j/g010_f001486.jpg,000000000000000000000000000000001000000010000000100001000000010001000000000000000,000000000000000000000000000000001000000010000000100001000000010001000000000000000
e6c5-2j-g011-f001492,39,E6C5-2J,E6C5-2J,E6C5-2J.webm,11,1492,49.7333,FFmpeg automatic extraction,True,2,2,0.202,automatic nearest glyph,provisional automatic read,"(7,8) (8,8)",evidence/e6c5-2j/g011_f001492.jpg,000101000001000000010000000100000000000000100100000000000000000000000000000000000,000101000001000000010000000100000000000000100100000000000000000000000001000000001
e6c5-2j-g012-f001498,131,E6C5-2J,E6C5-2J,E6C5-2J.webm,12,1498,49.9333,FFmpeg automatic extraction,True,1,1,0.1879,automatic nearest glyph,provisional automatic read,"(8,7)",evidence/e6c5-2j/g012_f001498.jpg,100000000000000000000000000000000000000001000100000000000000000010000000000001001,100000000000000000000000000000000000000001000100000000000000000010000000000001011
e6c5-2j-g013-f001504,41,E6C5-2J,E6C5-2J,E6C5-2J.webm,13,1504,50.1333,FFmpeg automatic extraction,True,1,1,0.2066,automatic nearest glyph,provisional automatic read,"(8,8)",evidence/e6c5-2j/g013_f001504.jpg,000101000010000010010000001000000000001010000100000000000000000000000010000100000,000101000010000010010000001000000000001010000100000000000000000000000010000100001
e6c5-2j-g014-f001510,42,E6C5-2J,E6C5-2J,E6C5-2J.webm,14,1510,50.3333,FFmpeg automatic extraction,True,2,2,0.1963,automatic nearest glyph,provisional automatic read,"(1,0) (8,7)",evidence/e6c5-2j/g014_f001510.jpg,000000000001000010000000000100010000000000000000000001100000000000000000000100000,000000000101000010000000000100010000000000000000000001100000000000000000000100010
e6c5-2j-g015-f001516,43,E6C5-2J,E6C5-2J,E6C5-2J.webm,15,1516,50.5333,FFmpeg automatic extraction,True,3,3,0.1743,automatic nearest glyph,provisional automatic read,"(1,8) (8,7) (8,8)",evidence/e6c5-2j/g015_f001516.jpg,100101000000000000100000011000100000001100000000010000000000011000000010000000000,100101000000000001100000011000100000001100000000010000000000011000000010000000011
e6c5-2j-g016-f001522,44,E6C5-2J,E6C5-2J,E6C5-2J.webm,16,1522,50.7333,FFmpeg automatic extraction,True,3,3,0.1787,automatic nearest glyph,provisional automatic read,"(0,5) (1,0) (8,7)",evidence/e6c5-2j/g016_f001522.jpg,010000000010000000000000000000000000000000000000011000000000000010000000000000000,010001000110000000000000000000000000000000000000011000000000000010000000000000010
e6c5-2j-g017-f001528,45,E6C5-2J,E6C5-2J,E6C5-2J.webm,17,1528,50.9333,FFmpeg automatic extraction,True,2,2,0.1832,automatic nearest glyph,provisional automatic read,"(0,1) (8,7)",evidence/e6c5-2j/g017_f001528.jpg,000000000000000100010000000100011001001001000000100000000000001000000000001000001,010000000000000100010000000100011001001001000000100000000000001000000000001000011
e6c5-2j-g018-f001534,46,E6C5-2J,E6C5-2J,E6C5-2J.webm,18,1534,51.1333,FFmpeg automatic extraction,True,1,1,0.2024,automatic nearest glyph,provisional automatic read,"(8,7)",evidence/e6c5-2j/g018_f001534.jpg,000000101100000110000000000000000000000100000000100001000000011000000000000000000,000000101100000110000000000000000000000100000000100001000000011000000000000000010
e6c5-2j-g019-f001540,47,E6C5-2J,E6C5-2J,E6C5-2J.webm,19,1540,51.3333,FFmpeg automatic extraction,True,1,1,0.1873,automatic nearest glyph,provisional automatic read,"(7,8)",evidence/e6c5-2j/g019_f001540.jpg,000001000011000010000000010100000000001100000000000000000010000000000000000000001,000001000011000010000000010100000000001100000000000000000010000000000001000000001
e6c5-2j-g020-f001546,48,E6C5-2J,E6C5-2J,E6C5-2J.webm,20,1546,51.5333,FFmpeg automatic extraction,True,0,0,0.1942,automatic nearest glyph,provisional automatic read,,evidence/e6c5-2j/g020_f001546.jpg,011000000000000000000010000000101000001010000000000000000000001010000000000000000,011000000000000000000010000000101000001010000000000000000000001010000000000000000
e6c5-2j-g021-f001552,49,E6C5-2J,E6C5-2J,E6C5-2J.webm,21,1552,51.7333,FFmpeg automatic extraction,True,2,2,0.1847,automatic nearest glyph,provisional automatic read,"(7,0) (7,8)",evidence/e6c5-2j/g021_f001552.jpg,001000000000000000100000011000101000000000000000000000100000000000000100000100000,001000000000000000100000011000101000000000000000000000100000000100000101000100000
e6c5-2j-g022-f001558,50,E6C5-2J,E6C5-2J,E6C5-2J.webm,22,1558,51.9333,FFmpeg automatic extraction,True,0,0,0.1928,automatic nearest glyph,provisional automatic read,,evidence/e6c5-2j/g022_f001558.jpg,000000001100000010000000000100010000000000000000000000000000000000000000000000000,000000001100000010000000000100010000000000000000000000000000000000000000000000000
e6c5-2j-g023-f001564,51,E6C5-2J,E6C5-2J,E6C5-2J.webm,23,1564,52.1333,FFmpeg automatic extraction,True,0,0,0.1979,automatic nearest glyph,provisional automatic read,,evidence/e6c5-2j/g023_f001564.jpg,000000000001000000010000000000000000000100000000000000000000000001000000000001000,000000000001000000010000000000000000000100000000000000000000000001000000000001000
e6c5-3l-g001-f000995,120,E6C5-3L,E6C5-3L,E6C5-3L.webm,1,995,33.1667,FFmpeg automatic extraction,True,3,3,0.2357,automatic nearest glyph,provisional automatic read,"(1,0) (2,4) (4,4)",evidence/e6c5-3l/g001_f000995.jpg,000100000000000000000000000000100000000000000000100000000000010000000000100001000,000100000100000000000010000000100000000010000000100000000000010000000000100001000
e6c5-3l-g002-f001001,55,E6C5-3L,E6C5-3L,E6C5-3L.webm,2,1001,33.3667,FFmpeg automatic extraction,True,5,5,0.2323,automatic nearest glyph,provisional automatic read,"(1,2) (3,3) (8,1) (8,2) (8,6)",evidence/e6c5-3l/g002_f001001.jpg,000000000001000000000000001100110000000000000000000000000000000000000000000000000,000000000000000000000000001100010000000000000000000000000000000000000000011000100
e6c5-3l-g003-f001007,122,E6C5-3L,E6C5-3L,E6C5-3L.webm,3,1007,33.5667,FFmpeg automatic extraction,True,3,3,0.2417,automatic nearest glyph,provisional automatic read,"(2,0) (7,7) (8,7)",evidence/e6c5-3l/g003_f001007.jpg,000000000000000000000010001000000000000000000000000000000000001001000000000000000,000000000000000000100010001000000000000000000000000000000000001001000010000000010
e6c5-3l-g004-f001013,123,E6C5-3L,E6C5-3L,E6C5-3L.webm,4,1013,33.7667,FFmpeg automatic extraction,True,2,2,0.2581,automatic nearest glyph,provisional automatic read,"(1,7) (8,0)",evidence/e6c5-3l/g004_f001013.jpg,000000000000000000000000000000000000000000000000000000010000000000000000000000000,000000000000000010000000000000000000000000000000000000010000000000000000100000000
e6c5-3l-g005-f001019,124,E6C5-3L,E6C5-3L,E6C5-3L.webm,5,1019,33.9667,FFmpeg automatic extraction,True,3,3,0.2472,automatic nearest glyph,provisional automatic read,"(1,0) (4,4) (8,1)",evidence/e6c5-3l/g005_f001019.jpg,000100000000000000000000000000100001000000000000000000010010000000000000000000000,000100000100000000000000000000100001000010000000000000010010000000000000010000000
e6c5-3l-g006-f001025,125,E6C5-3L,E6C5-3L,E6C5-3L.webm,6,1025,34.1667,FFmpeg automatic extraction,True,2,2,0.2164,automatic nearest glyph,provisional automatic read,"(4,4) (7,0)",evidence/e6c5-3l/g006_f001025.jpg,000001000000000010000000000000000000001000000000010000000010000000000000000000000,000001000000000010000000000000000000001010000000010000000010000100000000000000000
e6c5-3l-g007-f001031,126,E6C5-3L,E6C5-3L,E6C5-3L.webm,7,1031,34.3667,FFmpeg automatic extraction,True,0,0,0.2015,automatic nearest glyph,provisional automatic read,,evidence/e6c5-3l/g007_f001031.jpg,000000000000000000000000000000000000001000000000100000000000000001000010001000100,000000000000000000000000000000000000001000000000100000000000000001000010001000100
e6c5-3l-g008-f001037,112,E6C5-3L,E6C5-3L,E6C5-3L.webm,8,1037,34.5667,FFmpeg automatic extraction,True,0,0,0.2028,automatic nearest glyph,provisional automatic read,,evidence/e6c5-3l/g008_f001037.jpg,000001000000000000000000000000001000000000000100000000000010000000000100000000000,000001000000000000000000000000001000000000000100000000000010000000000100000000000
e6c5-3l-g009-f001043,38,E6C5-3L,E6C5-3L,E6C5-3L.webm,9,1043,34.7667,FFmpeg automatic extraction,True,0,0,0.2321,automatic nearest glyph,provisional automatic read,,evidence/e6c5-3l/g009_f001043.jpg,000000000000000000000000000000001000000010000000100001000000010001000000000000000,000000000000000000000000000000001000000010000000100001000000010001000000000000000
e6c5-3l-g010-f001049,39,E6C5-3L,E6C5-3L,E6C5-3L.webm,10,1049,34.9667,FFmpeg automatic extraction,True,1,1,0.2335,automatic nearest glyph,provisional automatic read,"(7,8)",evidence/e6c5-3l/g010_f001049.jpg,000101000001000000010000000100000000000000100100000000000000000000000000000000001,000101000001000000010000000100000000000000100100000000000000000000000001000000001
e6c5-3l-g011-f001055,131,E6C5-3L,E6C5-3L,E6C5-3L.webm,11,1055,35.1667,FFmpeg automatic extraction,True,2,2,0.2081,automatic nearest glyph,provisional automatic read,"(8,7) (8,8)",evidence/e6c5-3l/g011_f001055.jpg,100000000000000000000000000000000000000001000100000000000000000010000000000001000,100000000000000000000000000000000000000001000100000000000000000010000000000001011
e6c5-3l-g012-f001061,41,E6C5-3L,E6C5-3L,E6C5-3L.webm,12,1061,35.3667,FFmpeg automatic extraction,True,0,0,0.1904,automatic nearest glyph,provisional automatic read,,evidence/e6c5-3l/g012_f001061.jpg,000101000010000010010000001000000000001010000100000000000000000000000010000100001,000101000010000010010000001000000000001010000100000000000000000000000010000100001
e6c5-3l-g013-f001067,42,E6C5-3L,E6C5-3L,E6C5-3L.webm,13,1067,35.5667,FFmpeg automatic extraction,True,2,2,0.1794,automatic nearest glyph,provisional automatic read,"(1,0) (8,7)",evidence/e6c5-3l/g013_f001067.jpg,000000000001000010000000000100010000000000000000000001100000000000000000000100000,000000000101000010000000000100010000000000000000000001100000000000000000000100010
e6c5-3l-g014-f001073,43,E6C5-3L,E6C5-3L,E6C5-3L.webm,14,1073,35.7667,FFmpeg automatic extraction,True,3,3,0.203,automatic nearest glyph,provisional automatic read,"(1,8) (8,7) (8,8)",evidence/e6c5-3l/g014_f001073.jpg,100101000000000000100000011000100000001100000000010000000000011000000010000000000,100101000000000001100000011000100000001100000000010000000000011000000010000000011
e6c5-3l-g015-f001079,44,E6C5-3L,E6C5-3L,E6C5-3L.webm,15,1079,35.9667,FFmpeg automatic extraction,True,2,2,0.1993,automatic nearest glyph,provisional automatic read,"(0,1) (8,7)",evidence/e6c5-3l/g015_f001079.jpg,000001000110000000000000000000000000000000000000011000000000000010000000000000000,010001000110000000000000000000000000000000000000011000000000000010000000000000010
e6c5-3l-g016-f001085,45,E6C5-3L,E6C5-3L,E6C5-3L.webm,16,1085,36.1667,FFmpeg automatic extraction,True,1,1,0.2211,automatic nearest glyph,provisional automatic read,"(8,7)",evidence/e6c5-3l/g016_f001085.jpg,010000000000000100010000000100011001001001000000100000000000001000000000001000001,010000000000000100010000000100011001001001000000100000000000001000000000001000011
e6c5-3l-g017-f001091,46,E6C5-3L,E6C5-3L,E6C5-3L.webm,17,1091,36.3667,FFmpeg automatic extraction,True,1,1,0.2223,automatic nearest glyph,provisional automatic read,"(8,7)",evidence/e6c5-3l/g017_f001091.jpg,000000101100000110000000000000000000000100000000100001000000011000000000000000000,000000101100000110000000000000000000000100000000100001000000011000000000000000010
e6c5-3l-g018-f001097,47,E6C5-3L,E6C5-3L,E6C5-3L.webm,18,1097,36.5667,FFmpeg automatic extraction,True,1,1,0.1936,automatic nearest glyph,provisional automatic read,"(7,8)",evidence/e6c5-3l/g018_f001097.jpg,000001000011000010000000010100000000001100000000000000000010000000000000000000001,000001000011000010000000010100000000001100000000000000000010000000000001000000001
e6c5-3l-g019-f001103,48,E6C5-3L,E6C5-3L,E6C5-3L.webm,19,1103,36.7667,FFmpeg automatic extraction,True,0,0,0.2136,automatic nearest glyph,provisional automatic read,,evidence/e6c5-3l/g019_f001103.jpg,011000000000000000000010000000101000001010000000000000000000001010000000000000000,011000000000000000000010000000101000001010000000000000000000001010000000000000000
e6c5-3l-g020-f001109,49,E6C5-3L,E6C5-3L,E6C5-3L.webm,20,1109,36.9667,FFmpeg automatic extraction,True,2,2,0.2005,automatic nearest glyph,provisional automatic read,"(7,0) (7,8)",evidence/e6c5-3l/g020_f001109.jpg,001000000000000000100000011000101000000000000000000000100000000000000100000100000,001000000000000000100000011000101000000000000000000000100000000100000101000100000
e6c5-3l-g021-f001115,50,E6C5-3L,E6C5-3L,E6C5-3L.webm,21,1115,37.1667,FFmpeg automatic extraction,True,0,0,0.2075,automatic nearest glyph,provisional automatic read,,evidence/e6c5-3l/g021_f001115.jpg,000000001100000010000000000100010000000000000000000000000000000000000000000000000,000000001100000010000000000100010000000000000000000000000000000000000000000000000
e6c5-3l-g022-f001121,51,E6C5-3L,E6C5-3L,E6C5-3L.webm,22,1121,37.3667,FFmpeg automatic extraction,True,0,0,0.2341,automatic nearest glyph,provisional automatic read,,evidence/e6c5-3l/g022_f001121.jpg,000000000001000000010000000000000000000100000000000000000000000001000000000001000,000000000001000000010000000000000000000100000000000000000000000001000000000001000
e6c5-3l-g023-f001127,133,E6C5-3L,E6C5-3L,E6C5-3L.webm,23,1127,37.5667,FFmpeg automatic extraction,True,2,2,0.1804,automatic nearest glyph,provisional automatic read,"(7,0) (8,1)",evidence/e6c5-3l/g023_f001127.jpg,100000100001000000000000000000010000001000000000001000000000000000000000000100000,100000100001000000000000000000010000001000000000001000000000000100000000010100000
e6c5-n-g001-f001105,112,E6C5-N,E6C5-N,E6C5-N.mp4,1,1105,36.8446,ArchiveInvest manual,False,0,0,,matches corpus tag,matches repeated corpus observations,,evidence/e6c5-n/g001_f001105.jpg,000001000000000000000000000000001000000000000100000000000010000000000100000000000,000001000000000000000000000000001000000000000100000000000010000000000100000000000
e6c5-n-g002-f001107,38,E6C5-N,E6C5-N,E6C5-N.mp4,2,1107,36.9113,ArchiveInvest manual,False,0,0,,matches corpus tag,matches repeated corpus observations,,evidence/e6c5-n/g002_f001107.jpg,000000000000000000000000000000001000000010000000100001000000010001000000000000000,000000000000000000000000000000001000000010000000100001000000010001000000000000000
e6c5-n-g003-f001112,39,E6C5-N,E6C5-N,E6C5-N.mp4,3,1112,37.078,ArchiveInvest manual,False,0,0,,matches corpus tag,matches repeated corpus observations,,evidence/e6c5-n/g003_f001112.jpg,000101000001000000010000000100000000000000100100000000000000000000000001000000001,000101000001000000010000000100000000000000100100000000000000000000000001000000001
e6c5-n-g004-f001118,40,E6C5-N,E6C5-N,E6C5-N.mp4,4,1118,37.278,ArchiveInvest manual,False,0,0,,matches corpus tag,matches repeated corpus observations,,evidence/e6c5-n/g004_f001118.jpg,100000000000000001000000000000000000000001000100000000000000000010000000000001011,100000000000000001000000000000000000000001000100000000000000000010000000000001011
e6c5-n-g005-f001124,41,E6C5-N,E6C5-N,E6C5-N.mp4,5,1124,37.478,ArchiveInvest manual,False,0,0,,matches corpus tag,matches repeated corpus observations,,evidence/e6c5-n/g005_f001124.jpg,000101000010000010010000001000000000001010000100000000000000000000000010000100001,000101000010000010010000001000000000001010000100000000000000000000000010000100001
e6c5-n-g006-f001130,42,E6C5-N,E6C5-N,E6C5-N.mp4,6,1130,37.678,ArchiveInvest manual,False,0,0,,matches corpus tag,matches repeated corpus observations,,evidence/e6c5-n/g006_f001130.jpg,000000000101000010000000000100010000000000000000000001100000000000000000000100010,000000000101000010000000000100010000000000000000000001100000000000000000000100010
e6c5-n-g007-f001136,43,E6C5-N,E6C5-N,E6C5-N.mp4,7,1136,37.8779,ArchiveInvest manual,False,0,0,,matches corpus tag,matches repeated corpus observations,,evidence/e6c5-n/g007_f001136.jpg,100101000000000001100000011000100000001100000000010000000000011000000010000000011,100101000000000001100000011000100000001100000000010000000000011000000010000000011
e6c5-n-g008-f001142,44,E6C5-N,E6C5-N,E6C5-N.mp4,8,1142,38.0779,ArchiveInvest manual,False,0,0,,matches corpus tag,matches repeated corpus observations,,evidence/e6c5-n/g008_f001142.jpg,010001000110000000000000000000000000000000000000011000000000000010000000000000010,010001000110000000000000000000000000000000000000011000000000000010000000000000010
e6c5-n-g009-f001148,45,E6C5-N,E6C5-N,E6C5-N.mp4,9,1148,38.2779,ArchiveInvest manual,False,0,0,,matches corpus tag,matches repeated corpus observations,,evidence/e6c5-n/g009_f001148.jpg,010000000000000100010000000100011001001001000000100000000000001000000000001000011,010000000000000100010000000100011001001001000000100000000000001000000000001000011
e6c5-n-g010-f001154,46,E6C5-N,E6C5-N,E6C5-N.mp4,10,1154,38.4779,ArchiveInvest manual,False,0,0,,matches corpus tag,matches repeated corpus observations,,evidence/e6c5-n/g010_f001154.jpg,000000101100000110000000000000000000000100000000100001000000011000000000000000010,000000101100000110000000000000000000000100000000100001000000011000000000000000010
e6c5-n-g011-f001160,47,E6C5-N,E6C5-N,E6C5-N.mp4,11,1160,38.6779,ArchiveInvest manual,False,0,0,,matches corpus tag,matches repeated corpus observations,,evidence/e6c5-n/g011_f001160.jpg,000001000011000010000000010100000000001100000000000000000010000000000001000000001,000001000011000010000000010100000000001100000000000000000010000000000001000000001
e6c5-n-g012-f001166,48,E6C5-N,E6C5-N,E6C5-N.mp4,12,1166,38.8779,ArchiveInvest manual,False,0,0,,matches corpus tag,matches repeated corpus observations,,evidence/e6c5-n/g012_f001166.jpg,011000000000000000000010000000101000001010000000000000000000001010000000000000000,011000000000000000000010000000101000001010000000000000000000001010000000000000000
e6c5-n-g013-f001173,49,E6C5-N,E6C5-N,E6C5-N.mp4,13,1173,39.1113,ArchiveInvest manual,False,0,0,,matches corpus tag,matches repeated corpus observations,,evidence/e6c5-n/g013_f001173.jpg,001000000000000000100000011000101000000000000000000000100000000100000101000100000,001000000000000000100000011000101000000000000000000000100000000100000101000100000
e6c5-n-g014-f001178,50,E6C5-N,E6C5-N,E6C5-N.mp4,14,1178,39.2779,ArchiveInvest manual,False,0,0,,matches corpus tag,matches repeated corpus observations,,evidence/e6c5-n/g014_f001178.jpg,000000001100000010000000000100010000000000000000000000000000000000000000000000000,000000001100000010000000000100010000000000000000000000000000000000000000000000000
e6c5-n-g015-f001184,51,E6C5-N,E6C5-N,E6C5-N.mp4,15,1184,39.4779,ArchiveInvest manual,False,0,0,,matches corpus tag,matches repeated corpus observations,,evidence/e6c5-n/g015_f001184.jpg,000000000001000000010000000000000000000100000000000000000000000001000000000001000,000000000001000000010000000000000000000100000000000000000000000001000000000001000
e6c5-n-g016-f001190,52,E6C5-N,E6C5-N,E6C5-N.mp4,16,1190,39.6779,ArchiveInvest manual,False,0,0,,matches corpus tag,matches repeated corpus observations,,evidence/e6c5-n/g016_f001190.jpg,100000100001000000000000000000010000001000000000001000000000000100000000010100001,100000100001000000000000000000010000001000000000001000000000000100000000010100001
e6c6-1-g001-f001295,67,E6C6-1,E6C6-1,E6C6-1.webm,1,1295,43.1667,FFmpeg automatic extraction,True,5,5,0.2767,automatic nearest glyph,provisional automatic read,"(1,6) (3,4) (5,0) (7,1) (7,2)",evidence/e6c6-1/g001_f001295.jpg,000000000000000100000000000000000000000000000000000000000000000011000000000000000,000000000000000000000000000000010000000000000100000000000000000000000000000000000
e6c6-1-g002-f001301,67,E6C6-1,E6C6-1,E6C6-1.webm,2,1301,43.3667,FFmpeg automatic extraction,True,4,4,0.295,automatic nearest glyph,provisional automatic read,"(0,3) (3,4) (5,0) (8,5)",evidence/e6c6-1/g002_f001301.jpg,000100000000000000000000000000000000000000000000000000000000000000000000000001000,000000000000000000000000000000010000000000000100000000000000000000000000000000000
e6c6-1-g003-f001307,67,E6C6-1,E6C6-1,E6C6-1.webm,3,1307,43.5667,FFmpeg automatic extraction,True,2,2,0.2339,automatic nearest glyph,provisional automatic read,"(3,4) (5,0)",evidence/e6c6-1/g003_f001307.jpg,000000000000000000000000000000000000000000000000000000000000000000000000000000000,000000000000000000000000000000010000000000000100000000000000000000000000000000000
e6c6-1-g004-f001313,24,E6C6-1,E6C6-1,E6C6-1.webm,4,1313,43.7667,FFmpeg automatic extraction,True,4,4,0.2484,automatic nearest glyph,provisional automatic read,"(1,8) (3,3) (7,2) (8,8)",evidence/e6c6-1/g004_f001313.jpg,000000000000000000000000000000000000000000000000000000000000000001000010000000000,000000000000000001000000000000100000000000000000000000000000000000000010000000001
e6c6-1-g005-f001319,123,E6C6-1,E6C6-1,E6C6-1.webm,5,1319,43.9667,FFmpeg automatic extraction,True,2,2,0.2551,automatic nearest glyph,provisional automatic read,"(1,7) (8,0)",evidence/e6c6-1/g005_f001319.jpg,000000000000000000000000000000000000000000000000000000010000000000000000000000000,000000000000000010000000000000000000000000000000000000010000000000000000100000000
e6c6-1-g006-f001325,123,E6C6-1,E6C6-1,E6C6-1.webm,6,1325,44.1667,FFmpeg automatic extraction,True,4,4,0.2246,automatic nearest glyph,provisional automatic read,"(0,3) (1,7) (3,3) (8,0)",evidence/e6c6-1/g006_f001325.jpg,000100000000000000000000000000100000000000000000000000010000000000000000000000000,000000000000000010000000000000000000000000000000000000010000000000000000100000000
e6c6-1-g007-f001331,112,E6C6-1,E6C6-1,E6C6-1.webm,7,1331,44.3667,FFmpeg automatic extraction,True,4,4,0.2207,automatic nearest glyph,provisional automatic read,"(3,5) (4,2) (5,0) (7,6)",evidence/e6c6-1/g007_f001331.jpg,000001000000000000000000000000000000001000000000000000000010000000000000000000000,000001000000000000000000000000001000000000000100000000000010000000000100000000000
e6c6-1-g008-f001337,126,E6C6-1,E6C6-1,E6C6-1.webm,8,1337,44.5667,FFmpeg automatic extraction,True,0,0,0.2414,automatic nearest glyph,provisional automatic read,,evidence/e6c6-1/g008_f001337.jpg,000000000000000000000000000000000000001000000000100000000000000001000010001000100,000000000000000000000000000000000000001000000000100000000000000001000010001000100
e6c6-1-g009-f001343,112,E6C6-1,E6C6-1,E6C6-1.webm,9,1343,44.7667,FFmpeg automatic extraction,True,0,0,0.2252,automatic nearest glyph,provisional automatic read,,evidence/e6c6-1/g009_f001343.jpg,000001000000000000000000000000001000000000000100000000000010000000000100000000000,000001000000000000000000000000001000000000000100000000000010000000000100000000000
e6c6-1-g010-f001349,38,E6C6-1,E6C6-1,E6C6-1.webm,10,1349,44.9667,FFmpeg automatic extraction,True,0,0,0.2309,automatic nearest glyph,provisional automatic read,,evidence/e6c6-1/g010_f001349.jpg,000000000000000000000000000000001000000010000000100001000000010001000000000000000,000000000000000000000000000000001000000010000000100001000000010001000000000000000
e6c6-1-g011-f001355,39,E6C6-1,E6C6-1,E6C6-1.webm,11,1355,45.1667,FFmpeg automatic extraction,True,3,3,0.2117,automatic nearest glyph,provisional automatic read,"(3,0) (7,8) (8,8)",evidence/e6c6-1/g011_f001355.jpg,000101000001000000010000000000000000000000100100000000000000000000000000000000000,000101000001000000010000000100000000000000100100000000000000000000000001000000001
e6c6-1-g012-f001361,131,E6C6-1,E6C6-1,E6C6-1.webm,12,1361,45.3667,FFmpeg automatic extraction,True,3,3,0.1596,automatic nearest glyph,provisional automatic read,"(0,0) (8,7) (8,8)",evidence/e6c6-1/g012_f001361.jpg,000000000000000000000000000000000000000001000100000000000000000010000000000001000,100000000000000000000000000000000000000001000100000000000000000010000000000001011
e6c6-1-g013-f001367,41,E6C6-1,E6C6-1,E6C6-1.webm,13,1367,45.5667,FFmpeg automatic extraction,True,1,1,0.1934,automatic nearest glyph,provisional automatic read,"(8,8)",evidence/e6c6-1/g013_f001367.jpg,000101000010000010010000001000000000001010000100000000000000000000000010000100000,000101000010000010010000001000000000001010000100000000000000000000000010000100001
e6c6-1-g014-f001373,42,E6C6-1,E6C6-1,E6C6-1.webm,14,1373,45.7667,FFmpeg automatic extraction,True,2,2,0.2062,automatic nearest glyph,provisional automatic read,"(1,0) (8,7)",evidence/e6c6-1/g014_f001373.jpg,000000000001000010000000000100010000000000000000000001100000000000000000000100000,000000000101000010000000000100010000000000000000000001100000000000000000000100010
e6c6-1-g015-f001379,43,E6C6-1,E6C6-1,E6C6-1.webm,15,1379,45.9667,FFmpeg automatic extraction,True,3,3,0.2243,automatic nearest glyph,provisional automatic read,"(1,8) (8,7) (8,8)",evidence/e6c6-1/g015_f001379.jpg,100101000000000000100000011000100000001100000000010000000000011000000010000000000,100101000000000001100000011000100000001100000000010000000000011000000010000000011
e6c6-1-g016-f001385,44,E6C6-1,E6C6-1,E6C6-1.webm,16,1385,46.1667,FFmpeg automatic extraction,True,2,2,0.1977,automatic nearest glyph,provisional automatic read,"(1,0) (8,7)",evidence/e6c6-1/g016_f001385.jpg,010001000010000000000000000000000000000000000000011000000000000010000000000000000,010001000110000000000000000000000000000000000000011000000000000010000000000000010
e6c6-1-g017-f001391,45,E6C6-1,E6C6-1,E6C6-1.webm,17,1391,46.3667,FFmpeg automatic extraction,True,2,2,0.182,automatic nearest glyph,provisional automatic read,"(8,7) (8,8)",evidence/e6c6-1/g017_f001391.jpg,010000000000000100010000000100011001001001000000100000000000001000000000001000000,010000000000000100010000000100011001001001000000100000000000001000000000001000011
e6c6-1-g018-f001397,46,E6C6-1,E6C6-1,E6C6-1.webm,18,1397,46.5667,FFmpeg automatic extraction,True,1,1,0.2062,automatic nearest glyph,provisional automatic read,"(8,7)",evidence/e6c6-1/g018_f001397.jpg,000000101100000110000000000000000000000100000000100001000000011000000000000000000,000000101100000110000000000000000000000100000000100001000000011000000000000000010
e6c6-1-g019-f001403,47,E6C6-1,E6C6-1,E6C6-1.webm,19,1403,46.7667,FFmpeg automatic extraction,True,2,2,0.1961,automatic nearest glyph,provisional automatic read,"(7,8) (8,8)",evidence/e6c6-1/g019_f001403.jpg,000001000011000010000000010100000000001100000000000000000010000000000000000000000,000001000011000010000000010100000000001100000000000000000010000000000001000000001
e6c6-1-g020-f001409,48,E6C6-1,E6C6-1,E6C6-1.webm,20,1409,46.9667,FFmpeg automatic extraction,True,0,0,0.2013,automatic nearest glyph,provisional automatic read,,evidence/e6c6-1/g020_f001409.jpg,011000000000000000000010000000101000001010000000000000000000001010000000000000000,011000000000000000000010000000101000001010000000000000000000001010000000000000000
e6c6-1-g021-f001415,49,E6C6-1,E6C6-1,E6C6-1.webm,21,1415,47.1667,FFmpeg automatic extraction,True,1,1,0.1987,automatic nearest glyph,provisional automatic read,"(7,0)",evidence/e6c6-1/g021_f001415.jpg,001000000000000000100000011000101000000000000000000000100000000000000101000100000,001000000000000000100000011000101000000000000000000000100000000100000101000100000
e6c6-1-g022-f001421,50,E6C6-1,E6C6-1,E6C6-1.webm,22,1421,47.3667,FFmpeg automatic extraction,True,0,0,0.2042,automatic nearest glyph,provisional automatic read,,evidence/e6c6-1/g022_f001421.jpg,000000001100000010000000000100010000000000000000000000000000000000000000000000000,000000001100000010000000000100010000000000000000000000000000000000000000000000000
e6c6-1-g023-f001427,51,E6C6-1,E6C6-1,E6C6-1.webm,23,1427,47.5667,FFmpeg automatic extraction,True,0,0,0.2315,automatic nearest glyph,provisional automatic read,,evidence/e6c6-1/g023_f001427.jpg,000000000001000000010000000000000000000100000000000000000000000001000000000001000,000000000001000000010000000000000000000100000000000000000000000001000000000001000
e6c6-11-g001-f000418,117,E6C6-11,E6C6-11,E6C6-11.webm,1,418,13.9333,FFmpeg automatic extraction,True,0,0,0.2349,automatic nearest glyph,provisional automatic read,,evidence/e6c6-11/g001_f000418.jpg,000000000011000000100000000100010000001010100000000000100000000010000100001000000,000000000011000000100000000100010000001010100000000000100000000010000100001000000
e6c6-11-g002-f000424,118,E6C6-11,E6C6-11,E6C6-11.webm,2,424,14.1333,FFmpeg automatic extraction,True,0,0,0.2427,automatic nearest glyph,provisional automatic read,,evidence/e6c6-11/g002_f000424.jpg,000000000000000001000000000000000000000000000000101001000000000000000110000100000,000000000000000001000000000000000000000000000000101001000000000000000110000100000
e6c6-11-g003-f000430,119,E6C6-11,E6C6-11,E6C6-11.webm,3,430,14.3333,FFmpeg automatic extraction,True,1,1,0.2028,automatic nearest glyph,provisional automatic read,"(8,8)",evidence/e6c6-11/g003_f000430.jpg,000000000001000100000000010000110000001000000100000001000000000011000000100000000,000000000001000100000000010000110000001000000100000001000000000011000000100000001
e6c6-11-g004-f000436,120,E6C6-11,E6C6-11,E6C6-11.webm,4,436,14.5333,FFmpeg automatic extraction,True,0,0,0.1985,automatic nearest glyph,provisional automatic read,,evidence/e6c6-11/g004_f000436.jpg,000100000100000000000010000000100000000010000000100000000000010000000000100001000,000100000100000000000010000000100000000010000000100000000000010000000000100001000
e6c6-11-g005-f000442,121,E6C6-11,E6C6-11,E6C6-11.webm,5,442,14.7333,FFmpeg automatic extraction,True,3,3,0.2213,automatic nearest glyph,provisional automatic read,"(1,0) (1,2) (7,0)",evidence/e6c6-11/g005_f000442.jpg,000000000000000000010000001100110000000000000100001000000000000000000000000000000,000000000101000000010000001100110000000000000100001000000000000100000000000000000
e6c6-11-g006-f000448,122,E6C6-11,E6C6-11,E6C6-11.webm,6,448,14.9333,FFmpeg automatic extraction,True,1,1,0.2107,automatic nearest glyph,provisional automatic read,"(8,7)",evidence/e6c6-11/g006_f000448.jpg,000000000000000000100010001000000000000000000000000000000000001001000010000000000,000000000000000000100010001000000000000000000000000000000000001001000010000000010
e6c6-11-g007-f000454,123,E6C6-11,E6C6-11,E6C6-11.webm,7,454,15.1333,FFmpeg automatic extraction,True,0,0,0.2188,automatic nearest glyph,provisional automatic read,,evidence/e6c6-11/g007_f000454.jpg,000000000000000010000000000000000000000000000000000000010000000000000000100000000,000000000000000010000000000000000000000000000000000000010000000000000000100000000
e6c6-11-g008-f000460,124,E6C6-11,E6C6-11,E6C6-11.webm,8,460,15.3333,FFmpeg automatic extraction,True,1,1,0.2042,automatic nearest glyph,provisional automatic read,"(1,0)",evidence/e6c6-11/g008_f000460.jpg,000100000000000000000000000000100001000010000000000000010010000000000000010000000,000100000100000000000000000000100001000010000000000000010010000000000000010000000
e6c6-11-g009-f000466,125,E6C6-11,E6C6-11,E6C6-11.webm,9,466,15.5333,FFmpeg automatic extraction,True,0,0,0.2182,automatic nearest glyph,provisional automatic read,,evidence/e6c6-11/g009_f000466.jpg,000001000000000010000000000000000000001010000000010000000010000100000000000000000,000001000000000010000000000000000000001010000000010000000010000100000000000000000
e6c6-11-g010-f000472,126,E6C6-11,E6C6-11,E6C6-11.webm,10,472,15.7333,FFmpeg automatic extraction,True,0,0,0.202,automatic nearest glyph,provisional automatic read,,evidence/e6c6-11/g010_f000472.jpg,000000000000000000000000000000000000001000000000100000000000000001000010001000100,000000000000000000000000000000000000001000000000100000000000000001000010001000100
e6c6-11-g011-f000478,112,E6C6-11,E6C6-11,E6C6-11.webm,11,478,15.9333,FFmpeg automatic extraction,True,0,0,0.2335,automatic nearest glyph,provisional automatic read,,evidence/e6c6-11/g011_f000478.jpg,000001000000000000000000000000001000000000000100000000000010000000000100000000000,000001000000000000000000000000001000000000000100000000000010000000000100000000000
e6c6-11-g012-f000484,38,E6C6-11,E6C6-11,E6C6-11.webm,12,484,16.1333,FFmpeg automatic extraction,True,0,0,0.237,automatic nearest glyph,provisional automatic read,,evidence/e6c6-11/g012_f000484.jpg,000000000000000000000000000000001000000010000000100001000000010001000000000000000,000000000000000000000000000000001000000010000000100001000000010001000000000000000
e6c6-11-g013-f000490,39,E6C6-11,E6C6-11,E6C6-11.webm,13,490,16.3333,FFmpeg automatic extraction,True,1,1,0.1629,automatic nearest glyph,provisional automatic read,"(8,8)",evidence/e6c6-11/g013_f000490.jpg,000101000001000000010000000100000000000000100100000000000000000000000001000000000,000101000001000000010000000100000000000000100100000000000000000000000001000000001
e6c6-11-g014-f000496,131,E6C6-11,E6C6-11,E6C6-11.webm,14,496,16.5333,FFmpeg automatic extraction,True,2,2,0.1916,automatic nearest glyph,provisional automatic read,"(8,7) (8,8)",evidence/e6c6-11/g014_f000496.jpg,100000000000000000000000000000000000000001000100000000000000000010000000000001000,100000000000000000000000000000000000000001000100000000000000000010000000000001011
e6c6-11-g015-f000502,41,E6C6-11,E6C6-11,E6C6-11.webm,15,502,16.7333,FFmpeg automatic extraction,True,0,0,0.216,automatic nearest glyph,provisional automatic read,,evidence/e6c6-11/g015_f000502.jpg,000101000010000010010000001000000000001010000100000000000000000000000010000100001,000101000010000010010000001000000000001010000100000000000000000000000010000100001
e6c6-11-g016-f000508,42,E6C6-11,E6C6-11,E6C6-11.webm,16,508,16.9333,FFmpeg automatic extraction,True,2,2,0.2298,automatic nearest glyph,provisional automatic read,"(1,0) (8,7)",evidence/e6c6-11/g016_f000508.jpg,000000000001000010000000000100010000000000000000000001100000000000000000000100000,000000000101000010000000000100010000000000000000000001100000000000000000000100010
e6c6-11-g017-f000514,43,E6C6-11,E6C6-11,E6C6-11.webm,17,514,17.1333,FFmpeg automatic extraction,True,2,2,0.1906,automatic nearest glyph,provisional automatic read,"(8,7) (8,8)",evidence/e6c6-11/g017_f000514.jpg,100101000000000001100000011000100000001100000000010000000000011000000010000000000,100101000000000001100000011000100000001100000000010000000000011000000010000000011
e6c6-11-g018-f000520,44,E6C6-11,E6C6-11,E6C6-11.webm,18,520,17.3333,FFmpeg automatic extraction,True,1,1,0.1865,automatic nearest glyph,provisional automatic read,"(8,7)",evidence/e6c6-11/g018_f000520.jpg,010001000110000000000000000000000000000000000000011000000000000010000000000000000,010001000110000000000000000000000000000000000000011000000000000010000000000000010
e6c6-11-g019-f000526,45,E6C6-11,E6C6-11,E6C6-11.webm,19,526,17.5333,FFmpeg automatic extraction,True,2,2,0.2081,automatic nearest glyph,provisional automatic read,"(8,7) (8,8)",evidence/e6c6-11/g019_f000526.jpg,010000000000000100010000000100011001001001000000100000000000001000000000001000000,010000000000000100010000000100011001001001000000100000000000001000000000001000011
e6c6-11-g020-f000532,46,E6C6-11,E6C6-11,E6C6-11.webm,20,532,17.7333,FFmpeg automatic extraction,True,1,1,0.1883,automatic nearest glyph,provisional automatic read,"(8,7)",evidence/e6c6-11/g020_f000532.jpg,000000101100000110000000000000000000000100000000100001000000011000000000000000000,000000101100000110000000000000000000000100000000100001000000011000000000000000010
e6c6-11-g021-f000538,47,E6C6-11,E6C6-11,E6C6-11.webm,21,538,17.9333,FFmpeg automatic extraction,True,1,1,0.2011,automatic nearest glyph,provisional automatic read,"(7,8)",evidence/e6c6-11/g021_f000538.jpg,000001000011000010000000010100000000001100000000000000000010000000000000000000001,000001000011000010000000010100000000001100000000000000000010000000000001000000001
e6c6-11-g022-f000544,48,E6C6-11,E6C6-11,E6C6-11.webm,22,544,18.1333,FFmpeg automatic extraction,True,0,0,0.2036,automatic nearest glyph,provisional automatic read,,evidence/e6c6-11/g022_f000544.jpg,011000000000000000000010000000101000001010000000000000000000001010000000000000000,011000000000000000000010000000101000001010000000000000000000001010000000000000000
e6c6-11-g023-f000550,49,E6C6-11,E6C6-11,E6C6-11.webm,23,550,18.3333,FFmpeg automatic extraction,True,2,2,0.2068,automatic nearest glyph,provisional automatic read,"(7,0) (7,8)",evidence/e6c6-11/g023_f000550.jpg,001000000000000000100000011000101000000000000000000000100000000000000100000100000,001000000000000000100000011000101000000000000000000000100000000100000101000100000
e6c6-11-g024-f000556,50,E6C6-11,E6C6-11,E6C6-11.webm,24,556,18.5333,FFmpeg automatic extraction,True,1,1,0.2162,automatic nearest glyph,provisional automatic read,"(1,0)",evidence/e6c6-11/g024_f000556.jpg,000000001000000010000000000100010000000000000000000000000000000000000000000000000,000000001100000010000000000100010000000000000000000000000000000000000000000000000
e6c6-11-g025-f000562,51,E6C6-11,E6C6-11,E6C6-11.webm,25,562,18.7333,FFmpeg automatic extraction,True,0,0,0.2437,automatic nearest glyph,provisional automatic read,,evidence/e6c6-11/g025_f000562.jpg,000000000001000000010000000000000000000100000000000000000000000001000000000001000,000000000001000000010000000000000000000100000000000000000000000001000000000001000
e6c6-11-g026-f000565,133,E6C6-11,E6C6-11,E6C6-11.webm,26,565,18.8333,FFmpeg automatic extraction,True,1,1,0.2311,automatic nearest glyph,provisional automatic read,"(8,1)",evidence/e6c6-11/g026_f000565.jpg,100000100001000000000000000000010000001000000000001000000000000100000000000100000,100000100001000000000000000000010000001000000000001000000000000100000000010100000
e6c6-1r-g001-f000484,119,E6C6-1R,E6C6-1R,E6C6-1R.mov,1,484,16.1333,FFmpeg automatic extraction,True,0,0,0.2199,automatic nearest glyph,provisional automatic read,,evidence/e6c6-1r/g001_f000484.jpg,000000000001000100000000010000110000001000000100000001000000000011000000100000001,000000000001000100000000010000110000001000000100000001000000000011000000100000001
e6c6-1r-g002-f000490,120,E6C6-1R,E6C6-1R,E6C6-1R.mov,2,490,16.3333,FFmpeg automatic extraction,True,0,0,0.2286,automatic nearest glyph,provisional automatic read,,evidence/e6c6-1r/g002_f000490.jpg,000100000100000000000010000000100000000010000000100000000000010000000000100001000,000100000100000000000010000000100000000010000000100000000000010000000000100001000
e6c6-1r-g003-f000496,121,E6C6-1R,E6C6-1R,E6C6-1R.mov,3,496,16.5333,FFmpeg automatic extraction,True,2,2,0.18,automatic nearest glyph,provisional automatic read,"(1,0) (7,0)",evidence/e6c6-1r/g003_f000496.jpg,000000000001000000010000001100110000000000000100001000000000000000000000000000000,000000000101000000010000001100110000000000000100001000000000000100000000000000000
e6c6-1r-g004-f000502,122,E6C6-1R,E6C6-1R,E6C6-1R.mov,4,502,16.7333,FFmpeg automatic extraction,True,1,1,0.1977,automatic nearest glyph,provisional automatic read,"(8,7)",evidence/e6c6-1r/g004_f000502.jpg,000000000000000000100010001000000000000000000000000000000000001001000010000000000,000000000000000000100010001000000000000000000000000000000000001001000010000000010
e6c6-1r-g005-f000508,123,E6C6-1R,E6C6-1R,E6C6-1R.mov,5,508,16.9333,FFmpeg automatic extraction,True,1,1,0.2003,automatic nearest glyph,provisional automatic read,"(8,0)",evidence/e6c6-1r/g005_f000508.jpg,000000000000000010000000000000000000000000000000000000010000000000000000000000000,000000000000000010000000000000000000000000000000000000010000000000000000100000000
e6c6-1r-g006-f000514,124,E6C6-1R,E6C6-1R,E6C6-1R.mov,6,514,17.1333,FFmpeg automatic extraction,True,0,0,0.2009,automatic nearest glyph,provisional automatic read,,evidence/e6c6-1r/g006_f000514.jpg,000100000100000000000000000000100001000010000000000000010010000000000000010000000,000100000100000000000000000000100001000010000000000000010010000000000000010000000
e6c6-1r-g007-f000520,125,E6C6-1R,E6C6-1R,E6C6-1R.mov,7,520,17.3333,FFmpeg automatic extraction,True,1,1,0.202,automatic nearest glyph,provisional automatic read,"(7,0)",evidence/e6c6-1r/g007_f000520.jpg,000001000000000010000000000000000000001010000000010000000010000000000000000000000,000001000000000010000000000000000000001010000000010000000010000100000000000000000
e6c6-1r-g008-f000526,126,E6C6-1R,E6C6-1R,E6C6-1R.mov,8,526,17.5333,FFmpeg automatic extraction,True,0,0,0.2217,automatic nearest glyph,provisional automatic read,,evidence/e6c6-1r/g008_f000526.jpg,000000000000000000000000000000000000001000000000100000000000000001000010001000100,000000000000000000000000000000000000001000000000100000000000000001000010001000100
e6c6-1r-g009-f000532,112,E6C6-1R,E6C6-1R,E6C6-1R.mov,9,532,17.7333,FFmpeg automatic extraction,True,0,0,0.1971,automatic nearest glyph,provisional automatic read,,evidence/e6c6-1r/g009_f000532.jpg,000001000000000000000000000000001000000000000100000000000010000000000100000000000,000001000000000000000000000000001000000000000100000000000010000000000100000000000
e6c6-1r-g010-f000538,38,E6C6-1R,E6C6-1R,E6C6-1R.mov,10,538,17.9333,FFmpeg automatic extraction,True,0,0,0.228,automatic nearest glyph,provisional automatic read,,evidence/e6c6-1r/g010_f000538.jpg,000000000000000000000000000000001000000010000000100001000000010001000000000000000,000000000000000000000000000000001000000010000000100001000000010001000000000000000
e6c6-1r-g011-f000544,39,E6C6-1R,E6C6-1R,E6C6-1R.mov,11,544,18.1333,FFmpeg automatic extraction,True,0,0,0.2186,automatic nearest glyph,provisional automatic read,,evidence/e6c6-1r/g011_f000544.jpg,000101000001000000010000000100000000000000100100000000000000000000000001000000001,000101000001000000010000000100000000000000100100000000000000000000000001000000001
e6c6-1r-g012-f000550,40,E6C6-1R,E6C6-1R,E6C6-1R.mov,12,550,18.3333,FFmpeg automatic extraction,True,1,1,0.1494,automatic nearest glyph,provisional automatic read,"(8,8)",evidence/e6c6-1r/g012_f000550.jpg,100000000000000001000000000000000000000001000100000000000000000010000000000001010,100000000000000001000000000000000000000001000100000000000000000010000000000001011
e6c6-1r-g013-f000556,41,E6C6-1R,E6C6-1R,E6C6-1R.mov,13,556,18.5333,FFmpeg automatic extraction,True,1,1,0.1934,automatic nearest glyph,provisional automatic read,"(8,8)",evidence/e6c6-1r/g013_f000556.jpg,000101000010000010010000001000000000001010000100000000000000000000000010000100000,000101000010000010010000001000000000001010000100000000000000000000000010000100001
e6c6-1r-g014-f000562,42,E6C6-1R,E6C6-1R,E6C6-1R.mov,14,562,18.7333,FFmpeg automatic extraction,True,2,2,0.2172,automatic nearest glyph,provisional automatic read,"(1,0) (8,7)",evidence/e6c6-1r/g014_f000562.jpg,000000000001000010000000000100010000000000000000000001100000000000000000000100000,000000000101000010000000000100010000000000000000000001100000000000000000000100010
e6c6-1r-g015-f000568,43,E6C6-1R,E6C6-1R,E6C6-1R.mov,15,568,18.9333,FFmpeg automatic extraction,True,3,3,0.2018,automatic nearest glyph,provisional automatic read,"(1,8) (8,7) (8,8)",evidence/e6c6-1r/g015_f000568.jpg,100101000000000000100000011000100000001100000000010000000000011000000010000000000,100101000000000001100000011000100000001100000000010000000000011000000010000000011
e6c6-1r-g016-f000574,44,E6C6-1R,E6C6-1R,E6C6-1R.mov,16,574,19.1333,FFmpeg automatic extraction,True,2,2,0.2052,automatic nearest glyph,provisional automatic read,"(1,0) (8,7)",evidence/e6c6-1r/g016_f000574.jpg,010001000010000000000000000000000000000000000000011000000000000010000000000000000,010001000110000000000000000000000000000000000000011000000000000010000000000000010
e6c6-1r-g017-f000580,45,E6C6-1R,E6C6-1R,E6C6-1R.mov,17,580,19.3333,FFmpeg automatic extraction,True,1,1,0.192,automatic nearest glyph,provisional automatic read,"(8,8)",evidence/e6c6-1r/g017_f000580.jpg,010000000000000100010000000100011001001001000000100000000000001000000000001000010,010000000000000100010000000100011001001001000000100000000000001000000000001000011
e6c6-1r-g018-f000586,46,E6C6-1R,E6C6-1R,E6C6-1R.mov,18,586,19.5333,FFmpeg automatic extraction,True,1,1,0.1781,automatic nearest glyph,provisional automatic read,"(8,7)",evidence/e6c6-1r/g018_f000586.jpg,000000101100000110000000000000000000000100000000100001000000011000000000000000000,000000101100000110000000000000000000000100000000100001000000011000000000000000010
e6c6-1r-g019-f000592,47,E6C6-1R,E6C6-1R,E6C6-1R.mov,19,592,19.7333,FFmpeg automatic extraction,True,1,1,0.2072,automatic nearest glyph,provisional automatic read,"(7,8)",evidence/e6c6-1r/g019_f000592.jpg,000001000011000010000000010100000000001100000000000000000010000000000000000000001,000001000011000010000000010100000000001100000000000000000010000000000001000000001
e6c6-1r-g020-f000598,48,E6C6-1R,E6C6-1R,E6C6-1R.mov,20,598,19.9333,FFmpeg automatic extraction,True,0,0,0.2011,automatic nearest glyph,provisional automatic read,,evidence/e6c6-1r/g020_f000598.jpg,011000000000000000000010000000101000001010000000000000000000001010000000000000000,011000000000000000000010000000101000001010000000000000000000001010000000000000000
e6c6-1r-g021-f000604,49,E6C6-1R,E6C6-1R,E6C6-1R.mov,21,604,20.1333,FFmpeg automatic extraction,True,0,0,0.2048,automatic nearest glyph,provisional automatic read,,evidence/e6c6-1r/g021_f000604.jpg,001000000000000000100000011000101000000000000000000000100000000100000101000100000,001000000000000000100000011000101000000000000000000000100000000100000101000100000
e6c6-1r-g022-f000610,50,E6C6-1R,E6C6-1R,E6C6-1R.mov,22,610,20.3333,FFmpeg automatic extraction,True,0,0,0.2125,automatic nearest glyph,provisional automatic read,,evidence/e6c6-1r/g022_f000610.jpg,000000001100000010000000000100010000000000000000000000000000000000000000000000000,000000001100000010000000000100010000000000000000000000000000000000000000000000000
e6c6-1r-g023-f000615,51,E6C6-1R,E6C6-1R,E6C6-1R.mov,23,615,20.5,FFmpeg automatic extraction,True,0,0,0.2311,automatic nearest glyph,provisional automatic read,,evidence/e6c6-1r/g023_f000615.jpg,000000000001000000010000000000000000000100000000000000000000000001000000000001000,000000000001000000010000000000000000000100000000000000000000000001000000000001000
e6c6-21-g001-f000499,119,E6C6-21,E6C6-21,E6C6-21.mov,1,499,16.6333,FFmpeg automatic extraction,True,2,2,0.2323,automatic nearest glyph,provisional automatic read,"(8,0) (8,8)",evidence/e6c6-21/g001_f000499.jpg,000000000001000100000000010000110000001000000100000001000000000011000000000000000,000000000001000100000000010000110000001000000100000001000000000011000000100000001
e6c6-21-g002-f000505,120,E6C6-21,E6C6-21,E6C6-21.mov,2,505,16.8333,FFmpeg automatic extraction,True,2,2,0.2388,automatic nearest glyph,provisional automatic read,"(1,0) (8,0)",evidence/e6c6-21/g002_f000505.jpg,000100000000000000000010000000100000000010000000100000000000010000000000000001000,000100000100000000000010000000100000000010000000100000000000010000000000100001000
e6c6-21-g003-f000511,121,E6C6-21,E6C6-21,E6C6-21.mov,3,511,17.0333,FFmpeg automatic extraction,True,2,2,0.1794,automatic nearest glyph,provisional automatic read,"(1,0) (7,0)",evidence/e6c6-21/g003_f000511.jpg,000000000001000000010000001100110000000000000100001000000000000000000000000000000,000000000101000000010000001100110000000000000100001000000000000100000000000000000
e6c6-21-g004-f000517,122,E6C6-21,E6C6-21,E6C6-21.mov,4,517,17.2333,FFmpeg automatic extraction,True,1,1,0.2024,automatic nearest glyph,provisional automatic read,"(8,7)",evidence/e6c6-21/g004_f000517.jpg,000000000000000000100010001000000000000000000000000000000000001001000010000000000,000000000000000000100010001000000000000000000000000000000000001001000010000000010
e6c6-21-g005-f000523,123,E6C6-21,E6C6-21,E6C6-21.mov,5,523,17.4333,FFmpeg automatic extraction,True,1,1,0.2109,automatic nearest glyph,provisional automatic read,"(8,0)",evidence/e6c6-21/g005_f000523.jpg,000000000000000010000000000000000000000000000000000000010000000000000000000000000,000000000000000010000000000000000000000000000000000000010000000000000000100000000
e6c6-21-g006-f000529,124,E6C6-21,E6C6-21,E6C6-21.mov,6,529,17.6333,FFmpeg automatic extraction,True,2,2,0.1999,automatic nearest glyph,provisional automatic read,"(1,0) (8,1)",evidence/e6c6-21/g006_f000529.jpg,000100000000000000000000000000100001000010000000000000010010000000000000000000000,000100000100000000000000000000100001000010000000000000010010000000000000010000000
e6c6-21-g007-f000535,125,E6C6-21,E6C6-21,E6C6-21.mov,7,535,17.8333,FFmpeg automatic extraction,True,1,1,0.1889,automatic nearest glyph,provisional automatic read,"(7,0)",evidence/e6c6-21/g007_f000535.jpg,000001000000000010000000000000000000001010000000010000000010000000000000000000000,000001000000000010000000000000000000001010000000010000000010000100000000000000000
e6c6-21-g008-f000541,126,E6C6-21,E6C6-21,E6C6-21.mov,8,541,18.0333,FFmpeg automatic extraction,True,0,0,0.2136,automatic nearest glyph,provisional automatic read,,evidence/e6c6-21/g008_f000541.jpg,000000000000000000000000000000000000001000000000100000000000000001000010001000100,000000000000000000000000000000000000001000000000100000000000000001000010001000100
e6c6-21-g009-f000547,112,E6C6-21,E6C6-21,E6C6-21.mov,9,547,18.2333,FFmpeg automatic extraction,True,0,0,0.1769,automatic nearest glyph,provisional automatic read,,evidence/e6c6-21/g009_f000547.jpg,000001000000000000000000000000001000000000000100000000000010000000000100000000000,000001000000000000000000000000001000000000000100000000000010000000000100000000000
e6c6-21-g010-f000553,38,E6C6-21,E6C6-21,E6C6-21.mov,10,553,18.4333,FFmpeg automatic extraction,True,0,0,0.2054,automatic nearest glyph,provisional automatic read,,evidence/e6c6-21/g010_f000553.jpg,000000000000000000000000000000001000000010000000100001000000010001000000000000000,000000000000000000000000000000001000000010000000100001000000010001000000000000000
e6c6-21-g011-f000559,39,E6C6-21,E6C6-21,E6C6-21.mov,11,559,18.6333,FFmpeg automatic extraction,True,0,0,0.2079,automatic nearest glyph,provisional automatic read,,evidence/e6c6-21/g011_f000559.jpg,000101000001000000010000000100000000000000100100000000000000000000000001000000001,000101000001000000010000000100000000000000100100000000000000000000000001000000001
e6c6-21-g012-f000565,131,E6C6-21,E6C6-21,E6C6-21.mov,12,565,18.8333,FFmpeg automatic extraction,True,2,2,0.1307,automatic nearest glyph,provisional automatic read,"(8,7) (8,8)",evidence/e6c6-21/g012_f000565.jpg,100000000000000000000000000000000000000001000100000000000000000010000000000001000,100000000000000000000000000000000000000001000100000000000000000010000000000001011
e6c6-21-g013-f000571,41,E6C6-21,E6C6-21,E6C6-21.mov,13,571,19.0333,FFmpeg automatic extraction,True,1,1,0.1716,automatic nearest glyph,provisional automatic read,"(8,8)",evidence/e6c6-21/g013_f000571.jpg,000101000010000010010000001000000000001010000100000000000000000000000010000100000,000101000010000010010000001000000000001010000100000000000000000000000010000100001
e6c6-21-g014-f000577,42,E6C6-21,E6C6-21,E6C6-21.mov,14,577,19.2333,FFmpeg automatic extraction,True,0,0,0.2105,automatic nearest glyph,provisional automatic read,,evidence/e6c6-21/g014_f000577.jpg,000000000101000010000000000100010000000000000000000001100000000000000000000100010,000000000101000010000000000100010000000000000000000001100000000000000000000100010
e6c6-21-g015-f000583,43,E6C6-21,E6C6-21,E6C6-21.mov,15,583,19.4333,FFmpeg automatic extraction,True,1,1,0.1912,automatic nearest glyph,provisional automatic read,"(8,8)",evidence/e6c6-21/g015_f000583.jpg,100101000000000001100000011000100000001100000000010000000000011000000010000000010,100101000000000001100000011000100000001100000000010000000000011000000010000000011
e6c6-21-g016-f000589,44,E6C6-21,E6C6-21,E6C6-21.mov,16,589,19.6333,FFmpeg automatic extraction,True,2,2,0.184,automatic nearest glyph,provisional automatic read,"(1,0) (8,7)",evidence/e6c6-21/g016_f000589.jpg,010001000010000000000000000000000000000000000000011000000000000010000000000000000,010001000110000000000000000000000000000000000000011000000000000010000000000000010
e6c6-21-g017-f000595,45,E6C6-21,E6C6-21,E6C6-21.mov,17,595,19.8333,FFmpeg automatic extraction,True,2,2,0.1861,automatic nearest glyph,provisional automatic read,"(8,7) (8,8)",evidence/e6c6-21/g017_f000595.jpg,010000000000000100010000000100011001001001000000100000000000001000000000001000000,010000000000000100010000000100011001001001000000100000000000001000000000001000011
e6c6-21-g018-f000601,46,E6C6-21,E6C6-21,E6C6-21.mov,18,601,20.0333,FFmpeg automatic extraction,True,1,1,0.1718,automatic nearest glyph,provisional automatic read,"(8,7)",evidence/e6c6-21/g018_f000601.jpg,000000101100000110000000000000000000000100000000100001000000011000000000000000000,000000101100000110000000000000000000000100000000100001000000011000000000000000010
e6c6-21-g019-f000607,47,E6C6-21,E6C6-21,E6C6-21.mov,19,607,20.2333,FFmpeg automatic extraction,True,0,0,0.1922,automatic nearest glyph,provisional automatic read,,evidence/e6c6-21/g019_f000607.jpg,000001000011000010000000010100000000001100000000000000000010000000000001000000001,000001000011000010000000010100000000001100000000000000000010000000000001000000001
e6c6-21-g020-f000613,48,E6C6-21,E6C6-21,E6C6-21.mov,20,613,20.4333,FFmpeg automatic extraction,True,0,0,0.1938,automatic nearest glyph,provisional automatic read,,evidence/e6c6-21/g020_f000613.jpg,011000000000000000000010000000101000001010000000000000000000001010000000000000000,011000000000000000000010000000101000001010000000000000000000001010000000000000000
e6c6-21-g021-f000619,49,E6C6-21,E6C6-21,E6C6-21.mov,21,619,20.6333,FFmpeg automatic extraction,True,0,0,0.1942,automatic nearest glyph,provisional automatic read,,evidence/e6c6-21/g021_f000619.jpg,001000000000000000100000011000101000000000000000000000100000000100000101000100000,001000000000000000100000011000101000000000000000000000100000000100000101000100000
e6c6-21-g022-f000625,50,E6C6-21,E6C6-21,E6C6-21.mov,22,625,20.8333,FFmpeg automatic extraction,True,1,1,0.1983,automatic nearest glyph,provisional automatic read,"(1,0)",evidence/e6c6-21/g022_f000625.jpg,000000001000000010000000000100010000000000000000000000000000000000000000000000000,000000001100000010000000000100010000000000000000000000000000000000000000000000000
e6c6-21-g023-f000631,51,E6C6-21,E6C6-21,E6C6-21.mov,23,631,21.0333,FFmpeg automatic extraction,True,0,0,0.2229,automatic nearest glyph,provisional automatic read,,evidence/e6c6-21/g023_f000631.jpg,000000000001000000010000000000000000000100000000000000000000000001000000000001000,000000000001000000010000000000000000000100000000000000000000000001000000000001000
e6c6-d-g001-f000822,55,E6C6-D,E6C6-D,E6C6-D.mov,1,822,27.4,FFmpeg automatic extraction,True,1,1,0.2374,automatic nearest glyph,provisional automatic read,"(8,1)",evidence/e6c6-d/g001_f000822.jpg,000000000000000000000000001100010000000000000000000000000000000000000000001000100,000000000000000000000000001100010000000000000000000000000000000000000000011000100
e6c6-d-g002-f000828,56,E6C6-D,E6C6-D,E6C6-D.mov,2,828,27.6,FFmpeg automatic extraction,True,2,2,0.2239,automatic nearest glyph,provisional automatic read,"(1,8) (6,1)",evidence/e6c6-d/g002_f000828.jpg,000000100000000000100000001000000000000100000000000000110000000010000000001000000,000000100000000001100000001000000000000100000000000000100000000010000000001000000
e6c6-d-g003-f000834,57,E6C6-D,E6C6-D,E6C6-D.mov,3,834,27.8,FFmpeg automatic extraction,True,0,0,0.1364,automatic nearest glyph,provisional automatic read,,evidence/e6c6-d/g003_f000834.jpg,010000000101000000000000000000001000000010000000000001000000000001000010000000000,010000000101000000000000000000001000000010000000000001000000000001000010000000000
e6c6-d-g004-f000840,58,E6C6-D,E6C6-D,E6C6-D.mov,4,840,28.0,FFmpeg automatic extraction,True,2,2,0.2056,automatic nearest glyph,provisional automatic read,"(1,8) (8,7)",evidence/e6c6-d/g004_f000840.jpg,001001000000000000000000000000110000000000000100010000000000000000000000000000001,001001000000000001000000000000110000000000000100010000000000000000000000000000011
e6c6-d-g005-f000846,59,E6C6-D,E6C6-D,E6C6-D.mov,5,846,28.2,FFmpeg automatic extraction,True,0,0,0.207,automatic nearest glyph,provisional automatic read,,evidence/e6c6-d/g005_f000846.jpg,001000000001000010000000001000000000000000100000000000000000000000000000000000000,001000000001000010000000001000000000000000100000000000000000000000000000000000000
e6c6-d-g006-f000852,60,E6C6-D,E6C6-D,E6C6-D.mov,6,852,28.4,FFmpeg automatic extraction,True,2,2,0.2136,automatic nearest glyph,provisional automatic read,"(1,8) (8,7)",evidence/e6c6-d/g006_f000852.jpg,000000000000000000000000000100110000000000000000010000100000010000000000000001000,000000000000000001000000000100110000000000000000010000100000010000000000000001010
e6c6-d-g007-f000858,61,E6C6-D,E6C6-D,E6C6-D.mov,7,858,28.6,FFmpeg automatic extraction,True,0,0,0.2052,automatic nearest glyph,provisional automatic read,,evidence/e6c6-d/g007_f000858.jpg,000100100000000000000000000000101000000010000000000000000010000100000000001000100,000100100000000000000000000000101000000010000000000000000010000100000000001000100
e6c6-d-g008-f000864,62,E6C6-D,E6C6-D,E6C6-D.mov,8,864,28.8,FFmpeg automatic extraction,True,0,0,0.2036,automatic nearest glyph,provisional automatic read,,evidence/e6c6-d/g008_f000864.jpg,000100101000000000010010000000001000001010100100100000000000010000000000000000010,000100101000000000010010000000001000001010100100100000000000010000000000000000010
e6c6-d-g009-f000869,63,E6C6-D,E6C6-D,E6C6-D.mov,9,869,28.9667,FFmpeg automatic extraction,True,2,2,0.2184,automatic nearest glyph,provisional automatic read,"(8,0) (8,8)",evidence/e6c6-d/g009_f000869.jpg,000100000010000000010010001000010000000001000000010000000000000000000000010000000,000100000010000000010010001000010000000001000000010000000000000000000000110000001
e6c6-d-g010-f000876,64,E6C6-D,E6C6-D,E6C6-D.mov,10,876,29.2,FFmpeg automatic extraction,True,1,1,0.2097,automatic nearest glyph,provisional automatic read,"(8,1)",evidence/e6c6-d/g010_f000876.jpg,000000100000000000000000000100100000000000100000000000000010010000000101000000100,000000100000000000000000000100100000000000100000000000000010010000000101010000100
e6c6-d-g011-f000882,65,E6C6-D,E6C6-D,E6C6-D.mov,11,882,29.4,FFmpeg automatic extraction,True,1,1,0.2125,automatic nearest glyph,provisional automatic read,"(1,8)",evidence/e6c6-d/g011_f000882.jpg,000000000000000000100000001000001000000000100000100000000000000000000010001100000,000000000000000001100000001000001000000000100000100000000000000000000010001100000
e6c6-d-g012-f000888,66,E6C6-D,E6C6-D,E6C6-D.mov,12,888,29.6,FFmpeg automatic extraction,True,1,1,0.1883,automatic nearest glyph,provisional automatic read,"(8,7)",evidence/e6c6-d/g012_f000888.jpg,000001100101000001000000000000010000001000000000001000000000000010000001000000000,000001100101000001000000000000010000001000000000001000000000000010000001000000010
e6c6-d-g013-f000894,67,E6C6-D,E6C6-D,E6C6-D.mov,13,894,29.8,FFmpeg automatic extraction,True,0,0,0.2229,automatic nearest glyph,provisional automatic read,,evidence/e6c6-d/g013_f000894.jpg,000000000000000000000000000000010000000000000100000000000000000000000000000000000,000000000000000000000000000000010000000000000100000000000000000000000000000000000
e6c6-d-g014-f000900,135,E6C6-D,E6C6-D,E6C6-D.mov,14,900,30.0,FFmpeg automatic extraction,True,0,0,0.184,automatic nearest glyph,provisional automatic read,,evidence/e6c6-d/g014_f000900.jpg,000000000001000000000010000100000001000000000000000000000000000001000000010001000,000000000001000000000010000100000001000000000000000000000000000001000000010001000
e6c6-d-g015-f000906,136,E6C6-D,E6C6-D,E6C6-D.mov,15,906,30.2,FFmpeg automatic extraction,True,1,1,0.2034,automatic nearest glyph,provisional automatic read,"(7,8)",evidence/e6c6-d/g015_f000906.jpg,000000000100000000110010001100000000000000000000000000100000000000000000100001100,000000000100000000110010001100000000000000000000000000100000000000000001100001100
e6c6-d-g016-f000912,137,E6C6-D,E6C6-D,E6C6-D.mov,16,912,30.4,FFmpeg automatic extraction,True,0,0,0.2105,automatic nearest glyph,provisional automatic read,,evidence/e6c6-d/g016_f000912.jpg,000001000001000010000000001000101001000010000000000000000000000010000100000000101,000001000001000010000000001000101001000010000000000000000000000010000100000000101
e6c6-d-g017-f000917,138,E6C6-D,E6C6-D,E6C6-D.mov,17,917,30.5667,FFmpeg automatic extraction,True,0,0,0.2227,automatic nearest glyph,provisional automatic read,,evidence/e6c6-d/g017_f000917.jpg,000000000000000010000000000000000000000010000100100000000000000000000010000000000,000000000000000010000000000000000000000010000100100000000000000000000010000000000
e6c6-d-g018-f000924,139,E6C6-D,E6C6-D,E6C6-D.mov,18,924,30.8,FFmpeg automatic extraction,True,0,0,0.2243,automatic nearest glyph,provisional automatic read,,evidence/e6c6-d/g018_f000924.jpg,000100100000000000000000000000011000000110000000000000100000000000000000000000100,000100100000000000000000000000011000000110000000000000100000000000000000000000100
e6c6-d-g019-f000930,146,E6C6-D,E6C6-D,E6C6-D.mov,19,930,31.0,FFmpeg automatic extraction,True,0,0,0.1938,automatic nearest glyph,provisional automatic read,,evidence/e6c6-d/g019_f000930.jpg,010000001000000000010010000000001000000010000000101000100000010001000000000000000,010000001000000000010010000000001000000010000000101000100000010001000000000000000
e6c6-d-g020-f000936,141,E6C6-D,E6C6-D,E6C6-D.mov,20,936,31.2,FFmpeg automatic extraction,True,0,0,0.169,automatic nearest glyph,provisional automatic read,,evidence/e6c6-d/g020_f000936.jpg,000000001000000010000010000000000000000010000100000000100000000000000000001000000,000000001000000010000010000000000000000010000100000000100000000000000000001000000
e6c6-d-g021-f000941,142,E6C6-D,E6C6-D,E6C6-D.mov,21,941,31.3667,FFmpeg automatic extraction,True,0,0,0.2298,automatic nearest glyph,provisional automatic read,,evidence/e6c6-d/g021_f000941.jpg,000000000000000010010010001100000000000000100000011000000000001000000100000000000,000000000000000010010010001100000000000000100000011000000000001000000100000000000
e6c6-d-g022-f000945,143,E6C6-D,E6C6-D,E6C6-D.mov,22,945,31.5,FFmpeg automatic extraction,True,3,3,0.1838,automatic nearest glyph,provisional automatic read,"(1,0) (7,0) (8,8)",evidence/e6c6-d/g022_f000945.jpg,000000000000000110000000000000100000001000000000010000100000000010000101100000100,000000000100000110000000000000100000001000000000010000100000000110000101100000101
e6c6-n-g001-f000347,119,E6C6-N,E6C6-N,E6C6-N.webm,1,347,11.5667,FFmpeg automatic extraction,True,2,2,0.2107,automatic nearest glyph,provisional automatic read,"(8,0) (8,8)",evidence/e6c6-n/g001_f000347.jpg,000000000001000100000000010000110000001000000100000001000000000011000000000000000,000000000001000100000000010000110000001000000100000001000000000011000000100000001
e6c6-n-g002-f000353,120,E6C6-N,E6C6-N,E6C6-N.webm,2,353,11.7667,FFmpeg automatic extraction,True,1,1,0.2158,automatic nearest glyph,provisional automatic read,"(1,0)",evidence/e6c6-n/g002_f000353.jpg,000100000000000000000010000000100000000010000000100000000000010000000000100001000,000100000100000000000010000000100000000010000000100000000000010000000000100001000
e6c6-n-g003-f000359,121,E6C6-N,E6C6-N,E6C6-N.webm,3,359,11.9667,FFmpeg automatic extraction,True,1,1,0.1991,automatic nearest glyph,provisional automatic read,"(7,0)",evidence/e6c6-n/g003_f000359.jpg,000000000101000000010000001100110000000000000100001000000000000000000000000000000,000000000101000000010000001100110000000000000100001000000000000100000000000000000
e6c6-n-g004-f000365,122,E6C6-N,E6C6-N,E6C6-N.webm,4,365,12.1667,FFmpeg automatic extraction,True,1,1,0.1901,automatic nearest glyph,provisional automatic read,"(8,7)",evidence/e6c6-n/g004_f000365.jpg,000000000000000000100010001000000000000000000000000000000000001001000010000000000,000000000000000000100010001000000000000000000000000000000000001001000010000000010
e6c6-n-g005-f000371,123,E6C6-N,E6C6-N,E6C6-N.webm,5,371,12.3667,FFmpeg automatic extraction,True,0,0,0.2148,automatic nearest glyph,provisional automatic read,,evidence/e6c6-n/g005_f000371.jpg,000000000000000010000000000000000000000000000000000000010000000000000000100000000,000000000000000010000000000000000000000000000000000000010000000000000000100000000
e6c6-n-g006-f000377,124,E6C6-N,E6C6-N,E6C6-N.webm,6,377,12.5667,FFmpeg automatic extraction,True,2,2,0.1914,automatic nearest glyph,provisional automatic read,"(1,0) (8,1)",evidence/e6c6-n/g006_f000377.jpg,000100000000000000000000000000100001000010000000000000010010000000000000000000000,000100000100000000000000000000100001000010000000000000010010000000000000010000000
e6c6-n-g007-f000383,125,E6C6-N,E6C6-N,E6C6-N.webm,7,383,12.7667,FFmpeg automatic extraction,True,1,1,0.1926,automatic nearest glyph,provisional automatic read,"(7,0)",evidence/e6c6-n/g007_f000383.jpg,000001000000000010000000000000000000001010000000010000000010000000000000000000000,000001000000000010000000000000000000001010000000010000000010000100000000000000000
e6c6-n-g008-f000389,126,E6C6-N,E6C6-N,E6C6-N.webm,8,389,12.9667,FFmpeg automatic extraction,True,0,0,0.2172,automatic nearest glyph,provisional automatic read,,evidence/e6c6-n/g008_f000389.jpg,000000000000000000000000000000000000001000000000100000000000000001000010001000100,000000000000000000000000000000000000001000000000100000000000000001000010001000100
e6c6-n-g009-f000395,112,E6C6-N,E6C6-N,E6C6-N.webm,9,395,13.1667,FFmpeg automatic extraction,True,0,0,0.2174,automatic nearest glyph,provisional automatic read,,evidence/e6c6-n/g009_f000395.jpg,000001000000000000000000000000001000000000000100000000000010000000000100000000000,000001000000000000000000000000001000000000000100000000000010000000000100000000000
e6c6-n-g010-f000401,38,E6C6-N,E6C6-N,E6C6-N.webm,10,401,13.3667,FFmpeg automatic extraction,True,0,0,0.2134,automatic nearest glyph,provisional automatic read,,evidence/e6c6-n/g010_f000401.jpg,000000000000000000000000000000001000000010000000100001000000010001000000000000000,000000000000000000000000000000001000000010000000100001000000010001000000000000000
e6c6-n-g011-f000407,39,E6C6-N,E6C6-N,E6C6-N.webm,11,407,13.5667,FFmpeg automatic extraction,True,2,2,0.206,automatic nearest glyph,provisional automatic read,"(3,0) (8,8)",evidence/e6c6-n/g011_f000407.jpg,000101000001000000010000000000000000000000100100000000000000000000000001000000000,000101000001000000010000000100000000000000100100000000000000000000000001000000001
e6c6-n-g012-f000413,131,E6C6-N,E6C6-N,E6C6-N.webm,12,413,13.7667,FFmpeg automatic extraction,True,2,2,0.1602,automatic nearest glyph,provisional automatic read,"(8,7) (8,8)",evidence/e6c6-n/g012_f000413.jpg,100000000000000000000000000000000000000001000100000000000000000010000000000001000,100000000000000000000000000000000000000001000100000000000000000010000000000001011
e6c6-n-g013-f000419,41,E6C6-N,E6C6-N,E6C6-N.webm,13,419,13.9667,FFmpeg automatic extraction,True,1,1,0.1891,automatic nearest glyph,provisional automatic read,"(8,8)",evidence/e6c6-n/g013_f000419.jpg,000101000010000010010000001000000000001010000100000000000000000000000010000100000,000101000010000010010000001000000000001010000100000000000000000000000010000100001
e6c6-n-g014-f000425,42,E6C6-N,E6C6-N,E6C6-N.webm,14,425,14.1667,FFmpeg automatic extraction,True,0,0,0.2034,automatic nearest glyph,provisional automatic read,,evidence/e6c6-n/g014_f000425.jpg,000000000101000010000000000100010000000000000000000001100000000000000000000100010,000000000101000010000000000100010000000000000000000001100000000000000000000100010
e6c6-n-g015-f000431,43,E6C6-N,E6C6-N,E6C6-N.webm,15,431,14.3667,FFmpeg automatic extraction,True,2,2,0.2156,automatic nearest glyph,provisional automatic read,"(8,7) (8,8)",evidence/e6c6-n/g015_f000431.jpg,100101000000000001100000011000100000001100000000010000000000011000000010000000000,100101000000000001100000011000100000001100000000010000000000011000000010000000011
e6c6-n-g016-f000437,44,E6C6-N,E6C6-N,E6C6-N.webm,16,437,14.5667,FFmpeg automatic extraction,True,0,0,0.2028,automatic nearest glyph,provisional automatic read,,evidence/e6c6-n/g016_f000437.jpg,010001000110000000000000000000000000000000000000011000000000000010000000000000010,010001000110000000000000000000000000000000000000011000000000000010000000000000010
e6c6-n-g017-f000443,45,E6C6-N,E6C6-N,E6C6-N.webm,17,443,14.7667,FFmpeg automatic extraction,True,3,3,0.1802,automatic nearest glyph,provisional automatic read,"(0,1) (8,7) (8,8)",evidence/e6c6-n/g017_f000443.jpg,000000000000000100010000000100011001001001000000100000000000001000000000001000000,010000000000000100010000000100011001001001000000100000000000001000000000001000011
e6c6-n-g018-f000449,46,E6C6-N,E6C6-N,E6C6-N.webm,18,449,14.9667,FFmpeg automatic extraction,True,2,2,0.2107,automatic nearest glyph,provisional automatic read,"(1,0) (8,7)",evidence/e6c6-n/g018_f000449.jpg,000000101000000110000000000000000000000100000000100001000000011000000000000000000,000000101100000110000000000000000000000100000000100001000000011000000000000000010
e6c6-n-g019-f000455,47,E6C6-N,E6C6-N,E6C6-N.webm,19,455,15.1667,FFmpeg automatic extraction,True,2,2,0.1932,automatic nearest glyph,provisional automatic read,"(7,8) (8,8)",evidence/e6c6-n/g019_f000455.jpg,000001000011000010000000010100000000001100000000000000000010000000000000000000000,000001000011000010000000010100000000001100000000000000000010000000000001000000001
e6c6-n-g020-f000461,48,E6C6-N,E6C6-N,E6C6-N.webm,20,461,15.3667,FFmpeg automatic extraction,True,0,0,0.1922,automatic nearest glyph,provisional automatic read,,evidence/e6c6-n/g020_f000461.jpg,011000000000000000000010000000101000001010000000000000000000001010000000000000000,011000000000000000000010000000101000001010000000000000000000001010000000000000000
e6c6-n-g021-f000467,49,E6C6-N,E6C6-N,E6C6-N.webm,21,467,15.5667,FFmpeg automatic extraction,True,0,0,0.1904,automatic nearest glyph,provisional automatic read,,evidence/e6c6-n/g021_f000467.jpg,001000000000000000100000011000101000000000000000000000100000000100000101000100000,001000000000000000100000011000101000000000000000000000100000000100000101000100000
youtube-1-g001-f000049,62,Youtube_1,Youtube_1,Youtube_1.mp4,1,49,1.6462,ArchiveInvest manual,False,0,0,,matches corpus tag,matches repeated corpus observations,,evidence/youtube-1/g001_f000049.jpg,000100101000000000010010000000001000001010100100100000000000010000000000000000010,000100101000000000010010000000001000001010100100100000000000010000000000000000010
youtube-1-g002-f000053,63,Youtube_1,Youtube_1,Youtube_1.mp4,2,53,1.7795,ArchiveInvest manual,False,0,0,,matches corpus tag,matches repeated corpus observations,,evidence/youtube-1/g002_f000053.jpg,000100000010000000010010001000010000000001000000010000000000000000000000110000001,000100000010000000010010001000010000000001000000010000000000000000000000110000001
youtube-1-g003-f000054,64,Youtube_1,Youtube_1,Youtube_1.mp4,3,54,1.8128,ArchiveInvest manual,False,0,0,,matches corpus tag,matches repeated corpus observations,,evidence/youtube-1/g003_f000054.jpg,000000100000000000000000000100100000000000100000000000000010010000000101010000100,000000100000000000000000000100100000000000100000000000000010010000000101010000100
youtube-1-g004-f000059,65,Youtube_1,Youtube_1,Youtube_1.mp4,4,59,1.9795,ArchiveInvest manual,False,0,0,,matches corpus tag,matches repeated corpus observations,,evidence/youtube-1/g004_f000059.jpg,000000000000000001100000001000001000000000100000100000000000000000000010001100000,000000000000000001100000001000001000000000100000100000000000000000000010001100000
youtube-1-g005-f000064,66,Youtube_1,Youtube_1,Youtube_1.mp4,5,64,2.1461,ArchiveInvest manual,False,0,0,,matches corpus tag,matches repeated corpus observations,,evidence/youtube-1/g005_f000064.jpg,000001100101000001000000000000010000001000000000001000000000000010000001000000010,000001100101000001000000000000010000001000000000001000000000000010000001000000010
youtube-1-g006-f000067,67,Youtube_1,Youtube_1,Youtube_1.mp4,6,67,2.2461,ArchiveInvest manual,False,0,0,,matches corpus tag,matches repeated corpus observations,,evidence/youtube-1/g006_f000067.jpg,000000000000000000000000000000010000000000000100000000000000000000000000000000000,000000000000000000000000000000010000000000000100000000000000000000000000000000000
youtube-1-g007-f000072,135,Youtube_1,Youtube_1,Youtube_1.mp4,7,72,2.4128,ArchiveInvest manual,False,0,0,,matches corpus tag,matches repeated corpus observations,,evidence/youtube-1/g007_f000072.jpg,000000000001000000000010000100000001000000000000000000000000000001000000010001000,000000000001000000000010000100000001000000000000000000000000000001000000010001000
youtube-1-g008-f000078,136,Youtube_1,Youtube_1,Youtube_1.mp4,8,78,2.6128,ArchiveInvest manual,False,0,0,,matches corpus tag,matches repeated corpus observations,,evidence/youtube-1/g008_f000078.jpg,000000000100000000110010001100000000000000000000000000100000000000000001100001100,000000000100000000110010001100000000000000000000000000100000000000000001100001100
youtube-1-g009-f000081,137,Youtube_1,Youtube_1,Youtube_1.mp4,9,81,2.7128,ArchiveInvest manual,False,0,0,,matches corpus tag,matches repeated corpus observations,,evidence/youtube-1/g009_f000081.jpg,000001000001000010000000001000101001000010000000000000000000000010000100000000101,000001000001000010000000001000101001000010000000000000000000000010000100000000101
youtube-1-g010-f000086,138,Youtube_1,Youtube_1,Youtube_1.mp4,10,86,2.8794,ArchiveInvest manual,False,0,0,,matches corpus tag,matches repeated corpus observations,,evidence/youtube-1/g010_f000086.jpg,000000000000000010000000000000000000000010000100100000000000000000000010000000000,000000000000000010000000000000000000000010000100100000000000000000000010000000000
youtube-1-g011-f000092,139,Youtube_1,Youtube_1,Youtube_1.mp4,11,92,3.0794,ArchiveInvest manual,False,0,0,,matches corpus tag,matches repeated corpus observations,,evidence/youtube-1/g011_f000092.jpg,000100100000000000000000000000011000000110000000000000100000000000000000000000100,000100100000000000000000000000011000000110000000000000100000000000000000000000100
youtube-1-g012-f000095,146,Youtube_1,Youtube_1,Youtube_1.mp4,12,95,3.1794,ArchiveInvest manual,False,0,0,,matches corpus tag,matches repeated corpus observations,,evidence/youtube-1/g012_f000095.jpg,010000001000000000010010000000001000000010000000101000100000010001000000000000000,010000001000000000010010000000001000000010000000101000100000010001000000000000000
youtube-1-g013-f000101,141,Youtube_1,Youtube_1,Youtube_1.mp4,13,101,3.3794,ArchiveInvest manual,False,0,0,,matches corpus tag,matches repeated corpus observations,,evidence/youtube-1/g013_f000101.jpg,000000001000000010000010000000000000000010000100000000100000000000000000001000000,000000001000000010000010000000000000000010000100000000100000000000000000001000000
youtube-1-g014-f000105,142,Youtube_1,Youtube_1,Youtube_1.mp4,14,105,3.5128,ArchiveInvest manual,False,0,0,,matches corpus tag,matches repeated corpus observations,,evidence/youtube-1/g014_f000105.jpg,000000000000000010010010001100000000000000100000011000000000001000000100000000000,000000000000000010010010001100000000000000100000011000000000001000000100000000000
youtube-1-g015-f000109,143,Youtube_1,Youtube_1,Youtube_1.mp4,15,109,3.6461,ArchiveInvest manual,False,0,0,,matches corpus tag,matches repeated corpus observations,,evidence/youtube-1/g015_f000109.jpg,000000000100000110000000000000100000001000000000010000100000000110000101100000101,000000000100000110000000000000100000001000000000010000100000000110000101100000101
youtube-1-g016-f000115,144,Youtube_1,Youtube_1,Youtube_1.mp4,16,115,3.8461,ArchiveInvest manual,False,0,0,,matches corpus tag,matches repeated corpus observations,,evidence/youtube-1/g016_f000115.jpg,000000000000000100010000000100010000001000100000000000010000000010000000010000010,000000000000000100010000000100010000001000100000000000010000000010000000010000010
