glyph_id,recording,broadcast,cycle,track,ordinal,frame,time_s,source,provisional,hamming_distance,confidence,assignment_basis,verification_status,observed_fingerprint
2,E6C2-11,E6C2-11,E6C2,Main,1,621,20.6997,ArchiveInvest manual,False,0,,matches corpus tag,matches repeated corpus observations,010000000010000100000000010000000000000010100000000000010000000000000000010000001
37,E6C2-11,E6C2-11,E6C2,Main,2,626,20.8586,ArchiveInvest manual,False,0,,matches corpus tag,single-source corpus entry; unverified,000000000000000000010000010000000000000100000100101000010000000011000000000000000
4,E6C2-11,E6C2-11,E6C2,Main,3,630,20.9919,ArchiveInvest manual,False,0,,matches corpus tag,matches repeated corpus observations,000001001000000010000000000000010000000000000000000000010010000001000001000100000
5,E6C2-11,E6C2-11,E6C2,Main,4,634,21.1253,ArchiveInvest manual,False,0,,matches corpus tag,matches repeated corpus observations,100001000000000000000000000000000000000010000000000000010000000000000000000000000
6,E6C2-11,E6C2-11,E6C2,Main,5,640,21.3253,ArchiveInvest manual,False,0,,matches corpus tag,matches repeated corpus observations,000000000011000000000000000000000000000000100100001000010000000001000000010000000
7,E6C2-11,E6C2-11,E6C2,Main,6,646,21.5253,ArchiveInvest manual,False,0,,matches corpus tag,matches repeated corpus observations,001000001011000000100000000000000000000000000000000001010000000010000000000001000
8,E6C2-11,E6C2-11,E6C2,Main,7,652,21.7253,ArchiveInvest manual,False,0,,matches corpus tag,matches repeated corpus observations,000001001101000000100010001000000001000001000000000000000000000000000000000000001
9,E6C2-11,E6C2-11,E6C2,Main,8,658,21.9253,ArchiveInvest manual,False,0,,matches corpus tag,matches repeated corpus observations,000000010000000001000000000000000000000000000000000000000000000010000000001001000
10,E6C2-11,E6C2-11,E6C2,Main,9,664,22.1253,ArchiveInvest manual,False,0,,matches corpus tag,matches repeated corpus observations,000000000000000000010000010000000000000000000100000000000010001000000101001000000
11,E6C2-11,E6C2-11,E6C2,Main,10,670,22.3253,ArchiveInvest manual,False,0,,matches corpus tag,matches repeated corpus observations,100001000000000000000010000000000000000000000100010001000000000000000010100101000
12,E6C2-11,E6C2-11,E6C2,Main,11,676,22.5253,ArchiveInvest manual,False,0,,matches corpus tag,matches repeated corpus observations,010000001001000001000000010000000000000000000000000000000000001001000000000000010
13,E6C2-11,E6C2-11,E6C2,Main,12,682,22.7252,ArchiveInvest manual,False,0,,matches corpus tag,matches repeated corpus observations,001000000010000100010000001000010001000000000000000001000000010100000001100001101
14,E6C2-11,E6C2-11,E6C2,Main,13,688,22.9252,ArchiveInvest manual,False,0,,matches corpus tag,matches repeated corpus observations,100000010000000000000000000000000000001010100000001000000000010100000001000001000
15,E6C2-11,E6C2-11,E6C2,Main,14,694,23.1252,ArchiveInvest manual,False,0,,matches corpus tag,matches repeated corpus observations,000001000110000100000000000100110000000101000000000000000000000000000010000000001
16,E6C2-11,E6C2-11,E6C2,Main,15,700,23.3252,ArchiveInvest manual,False,0,,matches corpus tag,matches repeated corpus observations,001000001000000101000000011000100000000000100000000000000010010100000000000000010
17,E6C2-11,E6C2-11,E6C2,Main,16,706,23.5252,ArchiveInvest manual,False,0,,matches corpus tag,matches repeated corpus observations,000000000110000000000000000100001001000010000000100000100000000000000010000000000
18,E6C2-11,E6C2-11,E6C2,Main,17,712,23.7252,ArchiveInvest manual,False,0,,matches corpus tag,matches repeated corpus observations,000000000000000100000000010000110000000001000000001001000000000100000000001000100
19,E6C2-11,E6C2-11,E6C2,Main,18,719,23.9586,ArchiveInvest manual,False,0,,matches corpus tag,matches repeated corpus observations,001001000000000000000000010000000000000000000000000001100000000101000000000101000
20,E6C2-11,E6C2-11,E6C2,Main,19,723,24.0919,ArchiveInvest manual,False,0,,matches corpus tag,matches repeated corpus observations,000001000000000000000000000100000000000000000000011000010000010000000000000000000
21,E6C2-11,E6C2-11,E6C2,Main,20,729,24.2919,ArchiveInvest manual,False,0,,matches corpus tag,matches repeated corpus observations,001000000110000000110000000000000000000100000100000000000000000100000010000000100
22,E6C2-11,E6C2-11,E6C2,Main,21,736,24.5252,ArchiveInvest manual,False,0,,matches corpus tag,matches repeated corpus observations,000000000000000010000000000000010001000000000000100000110000000001000000000000100
23,E6C2-11,E6C2-11,E6C2,Main,22,742,24.7252,ArchiveInvest manual,False,0,,matches corpus tag,matches repeated corpus observations,000000000001000001000000010000100001001001000000000000000000001001000000000000000
24,E6C2-11,E6C2-11,E6C2,Main,23,748,24.9252,ArchiveInvest manual,False,0,,matches corpus tag,matches repeated corpus observations,000000000000000001000000000000100000000000000000000000000000000000000010000000001
25,E6C2-11,E6C2-11,E6C2,Main,24,754,25.1252,ArchiveInvest manual,False,0,,matches corpus tag,matches repeated corpus observations,001000000000000000100000010000010000000011000000000001000000001001000000001100100
26,E6C2-11,E6C2-11,E6C2,Main,25,760,25.3252,ArchiveInvest manual,False,0,,matches corpus tag,matches repeated corpus observations,000000011000000000000000000000000000001100000000000000000000010101000001000000000
27,E6C2-11,E6C2-11,E6C2,Main,26,766,25.5252,ArchiveInvest manual,False,0,,matches corpus tag,matches repeated corpus observations,101000000100000000010000000000000000000100100000000000110010010010000000001000000
28,E6C2-11,E6C2-11,E6C2,Main,27,772,25.7252,ArchiveInvest manual,False,0,,matches corpus tag,matches repeated corpus observations,000000000000000100000000001100100000000000000000000000100000001000000000010000000
29,E6C2-11,E6C2-11,E6C2,Main,28,778,25.9252,ArchiveInvest manual,False,0,,matches corpus tag,matches repeated corpus observations,010000100100000000000000000000000000001000000000000000000010000001000000000000000
30,E6C2-11,E6C2-11,E6C2,Main,29,784,26.1252,ArchiveInvest manual,False,0,,matches corpus tag,matches repeated corpus observations,000001000000000100010000000000100000000100000000000000000000000001000000001001010
31,E6C2-11,E6C2-11,E6C2,Main,30,790,26.3252,ArchiveInvest manual,False,0,,matches corpus tag,matches repeated corpus observations,000000000000000000000000010000011001000000000000000000000000000000000001001000000
32,E6C2-11,E6C2-11,E6C2,Main,31,795,26.4919,ArchiveInvest manual,False,0,,matches corpus tag,matches repeated corpus observations,100000000001000000000000010000000000000001000000010000010000000001000100011000101
33,E6C2-11,E6C2-11,E6C2,Main,32,801,26.6919,ArchiveInvest manual,False,0,,matches corpus tag,matches repeated corpus observations,001001010010000100010000001000100001000000000000010000000000000101000000001000000
38,E6C2-1K,E6C2-1K,E6C2,Side,1,226,7.5364,ArchiveInvest manual,False,0,,matches corpus tag,matches repeated corpus observations,000000000000000000000000000000001000000010000000100001000000010001000000000000000
39,E6C2-1K,E6C2-1K,E6C2,Side,2,227,7.5697,ArchiveInvest manual,False,0,,matches corpus tag,matches repeated corpus observations,000101000001000000010000000100000000000000100100000000000000000000000001000000001
40,E6C2-1K,E6C2-1K,E6C2,Side,3,238,7.9364,ArchiveInvest manual,False,0,,matches corpus tag,matches repeated corpus observations,100000000000000001000000000000000000000001000100000000000000000010000000000001011
41,E6C2-1K,E6C2-1K,E6C2,Side,4,244,8.1364,ArchiveInvest manual,False,0,,matches corpus tag,matches repeated corpus observations,000101000010000010010000001000000000001010000100000000000000000000000010000100001
42,E6C2-1K,E6C2-1K,E6C2,Side,5,250,8.3363,ArchiveInvest manual,False,0,,matches corpus tag,matches repeated corpus observations,000000000101000010000000000100010000000000000000000001100000000000000000000100010
43,E6C2-1K,E6C2-1K,E6C2,Side,6,251,8.3697,ArchiveInvest manual,False,0,,matches corpus tag,matches repeated corpus observations,100101000000000001100000011000100000001100000000010000000000011000000010000000011
44,E6C2-1K,E6C2-1K,E6C2,Side,7,262,8.7363,ArchiveInvest manual,False,0,,matches corpus tag,matches repeated corpus observations,010001000110000000000000000000000000000000000000011000000000000010000000000000010
45,E6C2-1K,E6C2-1K,E6C2,Side,8,264,8.803,ArchiveInvest manual,False,0,,matches corpus tag,matches repeated corpus observations,010000000000000100010000000100011001001001000000100000000000001000000000001000011
46,E6C2-1K,E6C2-1K,E6C2,Side,9,270,9.003,ArchiveInvest manual,False,0,,matches corpus tag,matches repeated corpus observations,000000101100000110000000000000000000000100000000100001000000011000000000000000010
47,E6C2-1K,E6C2-1K,E6C2,Side,10,275,9.1696,ArchiveInvest manual,False,0,,matches corpus tag,matches repeated corpus observations,000001000011000010000000010100000000001100000000000000000010000000000001000000001
48,E6C2-1K,E6C2-1K,E6C2,Side,11,281,9.3696,ArchiveInvest manual,False,0,,matches corpus tag,matches repeated corpus observations,011000000000000000000010000000101000001010000000000000000000001010000000000000000
49,E6C2-1K,E6C2-1K,E6C2,Side,12,287,9.5696,ArchiveInvest manual,False,0,,matches corpus tag,matches repeated corpus observations,001000000000000000100000011000101000000000000000000000100000000100000101000100000
50,E6C2-1K,E6C2-1K,E6C2,Side,13,293,9.7696,ArchiveInvest manual,False,0,,matches corpus tag,matches repeated corpus observations,000000001100000010000000000100010000000000000000000000000000000000000000000000000
51,E6C2-1K,E6C2-1K,E6C2,Side,14,299,9.9696,ArchiveInvest manual,False,0,,matches corpus tag,matches repeated corpus observations,000000000001000000010000000000000000000100000000000000000000000001000000000001000
52,E6C2-1K,E6C2-1K,E6C2,Side,15,305,10.1696,ArchiveInvest manual,False,0,,matches corpus tag,matches repeated corpus observations,100000100001000000000000000000010000001000000000001000000000000100000000010100001
53,E6C2-1K,E6C2-1K,E6C2,Side,16,310,10.3363,ArchiveInvest manual,False,0,,matches corpus tag,matches repeated corpus observations,001000000001000000100000010100000000000000000000000000100000000001000000000000000
54,E6C2-1K,E6C2-1K,E6C2,Side,17,317,10.5696,ArchiveInvest manual,False,0,,matches corpus tag,matches repeated corpus observations,000001000010000000000000010000100000001000000000100000010000000000000010001000111
55,E6C2-1K,E6C2-1K,E6C2,Side,18,323,10.7696,ArchiveInvest manual,False,0,,matches corpus tag,matches repeated corpus observations,000000000000000000000000001100010000000000000000000000000000000000000000011000100
56,E6C2-1K,E6C2-1K,E6C2,Side,19,329,10.9696,ArchiveInvest manual,False,0,,matches corpus tag,matches repeated corpus observations,000000100000000001100000001000000000000100000000000000100000000010000000001000000
57,E6C2-1K,E6C2-1K,E6C2,Side,20,335,11.1696,ArchiveInvest manual,False,0,,matches corpus tag,matches repeated corpus observations,010000000101000000000000000000001000000010000000000001000000000001000010000000000
58,E6C2-1K,E6C2-1K,E6C2,Side,21,342,11.403,ArchiveInvest manual,False,0,,matches corpus tag,matches repeated corpus observations,001001000000000001000000000000110000000000000100010000000000000000000000000000011
59,E6C2-1K,E6C2-1K,E6C2,Side,22,347,11.5696,ArchiveInvest manual,False,0,,matches corpus tag,matches repeated corpus observations,001000000001000010000000001000000000000000100000000000000000000000000000000000000
60,E6C2-1K,E6C2-1K,E6C2,Side,23,354,11.8029,ArchiveInvest manual,False,0,,matches corpus tag,matches repeated corpus observations,000000000000000001000000000100110000000000000000010000100000010000000000000001010
61,E6C2-1K,E6C2-1K,E6C2,Side,24,359,11.9696,ArchiveInvest manual,False,0,,matches corpus tag,matches repeated corpus observations,000100100000000000000000000000101000000010000000000000000010000100000000001000100
62,E6C2-1K,E6C2-1K,E6C2,Side,25,365,12.1696,ArchiveInvest manual,False,0,,matches corpus tag,matches repeated corpus observations,000100101000000000010010000000001000001010100100100000000000010000000000000000010
63,E6C2-1K,E6C2-1K,E6C2,Side,26,372,12.4029,ArchiveInvest manual,False,0,,matches corpus tag,matches repeated corpus observations,000100000010000000010010001000010000000001000000010000000000000000000000110000001
64,E6C2-1K,E6C2-1K,E6C2,Side,27,376,12.5363,ArchiveInvest manual,False,0,,matches corpus tag,matches repeated corpus observations,000000100000000000000000000100100000000000100000000000000010010000000101010000100
65,E6C2-1K,E6C2-1K,E6C2,Side,28,382,12.7363,ArchiveInvest manual,False,0,,matches corpus tag,matches repeated corpus observations,000000000000000001100000001000001000000000100000100000000000000000000010001100000
66,E6C2-1K,E6C2-1K,E6C2,Side,29,389,12.9696,ArchiveInvest manual,False,0,,matches corpus tag,matches repeated corpus observations,000001100101000001000000000000010000001000000000001000000000000010000001000000010
67,E6C2-1K,E6C2-1K,E6C2,Side,30,396,13.2029,ArchiveInvest manual,False,0,,matches corpus tag,matches repeated corpus observations,000000000000000000000000000000010000000000000100000000000000000000000000000000000
1,E6C2-1N,E6C2-1N,E6C2,Main,1,701,23.3813,ArchiveInvest manual,False,0,,matches corpus tag,matches repeated corpus observations,000100110100000101000010000000100000000100000000000000100000000001000010001000010
3,E6C2-1N,E6C2-1N,E6C2,Main,2,708,23.6146,ArchiveInvest manual,False,0,,matches corpus tag,matches repeated corpus observations,000000000000000000010000010000000000000100000100101001010000000011000000000000001
4,E6C2-1N,E6C2-1N,E6C2,Main,3,713,23.7812,ArchiveInvest manual,False,0,,matches corpus tag,matches repeated corpus observations,000001001000000010000000000000010000000000000000000000010010000001000001000100000
5,E6C2-1N,E6C2-1N,E6C2,Main,4,719,23.9812,ArchiveInvest manual,False,0,,matches corpus tag,matches repeated corpus observations,100001000000000000000000000000000000000010000000000000010000000000000000000000000
6,E6C2-1N,E6C2-1N,E6C2,Main,5,725,24.1812,ArchiveInvest manual,False,0,,matches corpus tag,matches repeated corpus observations,000000000011000000000000000000000000000000100100001000010000000001000000010000000
7,E6C2-1N,E6C2-1N,E6C2,Main,6,731,24.3812,ArchiveInvest manual,False,0,,matches corpus tag,matches repeated corpus observations,001000001011000000100000000000000000000000000000000001010000000010000000000001000
8,E6C2-1N,E6C2-1N,E6C2,Main,7,737,24.5812,ArchiveInvest manual,False,0,,matches corpus tag,matches repeated corpus observations,000001001101000000100010001000000001000001000000000000000000000000000000000000001
9,E6C2-1N,E6C2-1N,E6C2,Main,8,743,24.7812,ArchiveInvest manual,False,0,,matches corpus tag,matches repeated corpus observations,000000010000000001000000000000000000000000000000000000000000000010000000001001000
10,E6C2-1N,E6C2-1N,E6C2,Main,9,749,24.9812,ArchiveInvest manual,False,0,,matches corpus tag,matches repeated corpus observations,000000000000000000010000010000000000000000000100000000000010001000000101001000000
11,E6C2-1N,E6C2-1N,E6C2,Main,10,755,25.1812,ArchiveInvest manual,False,0,,matches corpus tag,matches repeated corpus observations,100001000000000000000010000000000000000000000100010001000000000000000010100101000
12,E6C2-1N,E6C2-1N,E6C2,Main,11,761,25.3812,ArchiveInvest manual,False,0,,matches corpus tag,matches repeated corpus observations,010000001001000001000000010000000000000000000000000000000000001001000000000000010
13,E6C2-1N,E6C2-1N,E6C2,Main,12,767,25.5812,ArchiveInvest manual,False,0,,matches corpus tag,matches repeated corpus observations,001000000010000100010000001000010001000000000000000001000000010100000001100001101
14,E6C2-1N,E6C2-1N,E6C2,Main,13,773,25.7812,ArchiveInvest manual,False,0,,matches corpus tag,matches repeated corpus observations,100000010000000000000000000000000000001010100000001000000000010100000001000001000
15,E6C2-1N,E6C2-1N,E6C2,Main,14,779,25.9812,ArchiveInvest manual,False,0,,matches corpus tag,matches repeated corpus observations,000001000110000100000000000100110000000101000000000000000000000000000010000000001
16,E6C2-1N,E6C2-1N,E6C2,Main,15,786,26.2146,ArchiveInvest manual,False,0,,matches corpus tag,matches repeated corpus observations,001000001000000101000000011000100000000000100000000000000010010100000000000000010
17,E6C2-1N,E6C2-1N,E6C2,Main,16,791,26.3812,ArchiveInvest manual,False,0,,matches corpus tag,matches repeated corpus observations,000000000110000000000000000100001001000010000000100000100000000000000010000000000
18,E6C2-1N,E6C2-1N,E6C2,Main,17,797,26.5812,ArchiveInvest manual,False,0,,matches corpus tag,matches repeated corpus observations,000000000000000100000000010000110000000001000000001001000000000100000000001000100
19,E6C2-1N,E6C2-1N,E6C2,Main,18,803,26.7812,ArchiveInvest manual,False,0,,matches corpus tag,matches repeated corpus observations,001001000000000000000000010000000000000000000000000001100000000101000000000101000
20,E6C2-1N,E6C2-1N,E6C2,Main,19,809,26.9812,ArchiveInvest manual,False,0,,matches corpus tag,matches repeated corpus observations,000001000000000000000000000100000000000000000000011000010000010000000000000000000
21,E6C2-1N,E6C2-1N,E6C2,Main,20,815,27.1812,ArchiveInvest manual,False,0,,matches corpus tag,matches repeated corpus observations,001000000110000000110000000000000000000100000100000000000000000100000010000000100
22,E6C2-1N,E6C2-1N,E6C2,Main,21,821,27.3812,ArchiveInvest manual,False,0,,matches corpus tag,matches repeated corpus observations,000000000000000010000000000000010001000000000000100000110000000001000000000000100
23,E6C2-1N,E6C2-1N,E6C2,Main,22,827,27.5812,ArchiveInvest manual,False,0,,matches corpus tag,matches repeated corpus observations,000000000001000001000000010000100001001001000000000000000000001001000000000000000
24,E6C2-1N,E6C2-1N,E6C2,Main,23,833,27.7812,ArchiveInvest manual,False,0,,matches corpus tag,matches repeated corpus observations,000000000000000001000000000000100000000000000000000000000000000000000010000000001
25,E6C2-1N,E6C2-1N,E6C2,Main,24,839,27.9812,ArchiveInvest manual,False,0,,matches corpus tag,matches repeated corpus observations,001000000000000000100000010000010000000011000000000001000000001001000000001100100
26,E6C2-1N,E6C2-1N,E6C2,Main,25,845,28.1812,ArchiveInvest manual,False,0,,matches corpus tag,matches repeated corpus observations,000000011000000000000000000000000000001100000000000000000000010101000001000000000
27,E6C2-1N,E6C2-1N,E6C2,Main,26,851,28.3812,ArchiveInvest manual,False,0,,matches corpus tag,matches repeated corpus observations,101000000100000000010000000000000000000100100000000000110010010010000000001000000
28,E6C2-1N,E6C2-1N,E6C2,Main,27,857,28.5812,ArchiveInvest manual,False,0,,matches corpus tag,matches repeated corpus observations,000000000000000100000000001100100000000000000000000000100000001000000000010000000
29,E6C2-1N,E6C2-1N,E6C2,Main,28,863,28.7812,ArchiveInvest manual,False,0,,matches corpus tag,matches repeated corpus observations,010000100100000000000000000000000000001000000000000000000010000001000000000000000
30,E6C2-1N,E6C2-1N,E6C2,Main,29,869,28.9812,ArchiveInvest manual,False,0,,matches corpus tag,matches repeated corpus observations,000001000000000100010000000000100000000100000000000000000000000001000000001001010
1,E6C2-N,E6C2-N,E6C2,Main,1,880,29.3219,ArchiveInvest manual,False,0,,matches corpus tag,matches repeated corpus observations,000100110100000101000010000000100000000100000000000000100000000001000010001000010
2,E6C2-N,E6C2-N,E6C2,Main,2,886,29.5218,ArchiveInvest manual,False,0,,matches corpus tag,matches repeated corpus observations,010000000010000100000000010000000000000010100000000000010000000000000000010000001
3,E6C2-N,E6C2-N,E6C2,Main,3,892,29.7218,ArchiveInvest manual,False,0,,matches corpus tag,matches repeated corpus observations,000000000000000000010000010000000000000100000100101001010000000011000000000000001
4,E6C2-N,E6C2-N,E6C2,Main,4,896,29.8551,ArchiveInvest manual,False,0,,matches corpus tag,matches repeated corpus observations,000001001000000010000000000000010000000000000000000000010010000001000001000100000
5,E6C2-N,E6C2-N,E6C2,Main,5,899,29.9551,ArchiveInvest manual,False,0,,matches corpus tag,matches repeated corpus observations,100001000000000000000000000000000000000010000000000000010000000000000000000000000
6,E6C2-N,E6C2-N,E6C2,Main,6,905,30.1551,ArchiveInvest manual,False,0,,matches corpus tag,matches repeated corpus observations,000000000011000000000000000000000000000000100100001000010000000001000000010000000
7,E6C2-N,E6C2-N,E6C2,Main,7,911,30.3551,ArchiveInvest manual,False,0,,matches corpus tag,matches repeated corpus observations,001000001011000000100000000000000000000000000000000001010000000010000000000001000
8,E6C2-N,E6C2-N,E6C2,Main,8,917,30.5551,ArchiveInvest manual,False,0,,matches corpus tag,matches repeated corpus observations,000001001101000000100010001000000001000001000000000000000000000000000000000000001
9,E6C2-N,E6C2-N,E6C2,Main,9,923,30.7551,ArchiveInvest manual,False,0,,matches corpus tag,matches repeated corpus observations,000000010000000001000000000000000000000000000000000000000000000010000000001001000
10,E6C2-N,E6C2-N,E6C2,Main,10,929,30.9551,ArchiveInvest manual,False,0,,matches corpus tag,matches repeated corpus observations,000000000000000000010000010000000000000000000100000000000010001000000101001000000
11,E6C2-N,E6C2-N,E6C2,Main,11,935,31.1551,ArchiveInvest manual,False,0,,matches corpus tag,matches repeated corpus observations,100001000000000000000010000000000000000000000100010001000000000000000010100101000
12,E6C2-N,E6C2-N,E6C2,Main,12,941,31.3551,ArchiveInvest manual,False,0,,matches corpus tag,matches repeated corpus observations,010000001001000001000000010000000000000000000000000000000000001001000000000000010
13,E6C2-N,E6C2-N,E6C2,Main,13,947,31.5551,ArchiveInvest manual,False,0,,matches corpus tag,matches repeated corpus observations,001000000010000100010000001000010001000000000000000001000000010100000001100001101
14,E6C2-N,E6C2-N,E6C2,Main,14,953,31.7551,ArchiveInvest manual,False,0,,matches corpus tag,matches repeated corpus observations,100000010000000000000000000000000000001010100000001000000000010100000001000001000
15,E6C2-N,E6C2-N,E6C2,Main,15,959,31.9551,ArchiveInvest manual,False,0,,matches corpus tag,matches repeated corpus observations,000001000110000100000000000100110000000101000000000000000000000000000010000000001
16,E6C2-N,E6C2-N,E6C2,Main,16,965,32.1551,ArchiveInvest manual,False,0,,matches corpus tag,matches repeated corpus observations,001000001000000101000000011000100000000000100000000000000010010100000000000000010
17,E6C2-N,E6C2-N,E6C2,Main,17,971,32.3551,ArchiveInvest manual,False,0,,matches corpus tag,matches repeated corpus observations,000000000110000000000000000100001001000010000000100000100000000000000010000000000
18,E6C2-N,E6C2-N,E6C2,Main,18,977,32.5551,ArchiveInvest manual,False,0,,matches corpus tag,matches repeated corpus observations,000000000000000100000000010000110000000001000000001001000000000100000000001000100
19,E6C2-N,E6C2-N,E6C2,Main,19,986,32.8551,ArchiveInvest manual,False,0,,matches corpus tag,matches repeated corpus observations,001001000000000000000000010000000000000000000000000001100000000101000000000101000
20,E6C2-N,E6C2-N,E6C2,Main,20,989,32.9551,ArchiveInvest manual,False,0,,matches corpus tag,matches repeated corpus observations,000001000000000000000000000100000000000000000000011000010000010000000000000000000
21,E6C2-N,E6C2-N,E6C2,Main,21,995,33.1551,ArchiveInvest manual,False,0,,matches corpus tag,matches repeated corpus observations,001000000110000000110000000000000000000100000100000000000000000100000010000000100
22,E6C2-N,E6C2-N,E6C2,Main,22,1001,33.3551,ArchiveInvest manual,False,0,,matches corpus tag,matches repeated corpus observations,000000000000000010000000000000010001000000000000100000110000000001000000000000100
23,E6C2-N,E6C2-N,E6C2,Main,23,1007,33.5551,ArchiveInvest manual,False,0,,matches corpus tag,matches repeated corpus observations,000000000001000001000000010000100001001001000000000000000000001001000000000000000
24,E6C2-N,E6C2-N,E6C2,Main,24,1013,33.7551,ArchiveInvest manual,False,0,,matches corpus tag,matches repeated corpus observations,000000000000000001000000000000100000000000000000000000000000000000000010000000001
25,E6C2-N,E6C2-N,E6C2,Main,25,1019,33.9551,ArchiveInvest manual,False,0,,matches corpus tag,matches repeated corpus observations,001000000000000000100000010000010000000011000000000001000000001001000000001100100
26,E6C2-N,E6C2-N,E6C2,Main,26,1026,34.1884,ArchiveInvest manual,False,0,,matches corpus tag,matches repeated corpus observations,000000011000000000000000000000000000001100000000000000000000010101000001000000000
27,E6C2-N,E6C2-N,E6C2,Main,27,1031,34.3551,ArchiveInvest manual,False,0,,matches corpus tag,matches repeated corpus observations,101000000100000000010000000000000000000100100000000000110010010010000000001000000
28,E6C2-N,E6C2-N,E6C2,Main,28,1037,34.5551,ArchiveInvest manual,False,0,,matches corpus tag,matches repeated corpus observations,000000000000000100000000001100100000000000000000000000100000001000000000010000000
29,E6C2-N,E6C2-N,E6C2,Main,29,1043,34.7551,ArchiveInvest manual,False,0,,matches corpus tag,matches repeated corpus observations,010000100100000000000000000000000000001000000000000000000010000001000000000000000
30,E6C2-N,E6C2-N,E6C2,Main,30,1049,34.9551,ArchiveInvest manual,False,0,,matches corpus tag,matches repeated corpus observations,000001000000000100010000000000100000000100000000000000000000000001000000001001010
31,E6C2-N,E6C2-N,E6C2,Main,31,1055,35.1551,ArchiveInvest manual,False,0,,matches corpus tag,matches repeated corpus observations,000000000000000000000000010000011001000000000000000000000000000000000001001000000
32,E6C2-N,E6C2-N,E6C2,Main,32,1061,35.3551,ArchiveInvest manual,False,0,,matches corpus tag,matches repeated corpus observations,100000000001000000000000010000000000000001000000010000010000000001000100011000101
33,E6C2-N,E6C2-N,E6C2,Main,33,1067,35.5551,ArchiveInvest manual,False,0,,matches corpus tag,matches repeated corpus observations,001001010010000100010000001000100001000000000000010000000000000101000000001000000
34,E6C2-N,E6C2-N,E6C2,Main,34,1073,35.7551,ArchiveInvest manual,False,0,,matches corpus tag,matches repeated corpus observations,000000000100000110000010001000010000001100000000001000000000000010000000001000110
35,E6C2-N,E6C2-N,E6C2,Main,35,1079,35.9551,ArchiveInvest manual,False,0,,matches corpus tag,matches repeated corpus observations,010000000010000010010010010000011000000000100000000000010000000000000000000000000
36,E6C2-N,E6C2-N,E6C2,Main,36,1085,36.1551,ArchiveInvest manual,False,0,,matches corpus tag,matches repeated corpus observations,010000010100000100000000000000000000000000000000001000000010001100000000000000100
68,E6C3-18,E6C3-18,E6C3,Sparse,1,642,21.4031,ArchiveInvest manual,False,0,,matches corpus tag,single-source corpus entry; unverified,000001011001000010010000000100001001000000000000000001100000000001000010100000100
69,E6C3-18,E6C3-18,E6C3,Sparse,2,648,21.6031,ArchiveInvest manual,False,0,,matches corpus tag,single-source corpus entry; unverified,000100001000000000000000001000010000000000000100000000000000001000000001000000001
70,E6C3-18,E6C3-18,E6C3,Sparse,3,654,21.803,ArchiveInvest manual,False,0,,matches corpus tag,single-source corpus entry; unverified,000000000001000000000000000000000000000100000100000000010000000000000100010000010
71,E6C3-18,E6C3-18,E6C3,Sparse,4,660,22.003,ArchiveInvest manual,False,0,,matches corpus tag,single-source corpus entry; unverified,000000000001000000000000001000000001001001100000011000000000000000000001000000110
72,E6C3-18,E6C3-18,E6C3,Sparse,5,661,22.0363,ArchiveInvest manual,False,0,,matches corpus tag,single-source corpus entry; unverified,010100000001000000100000000000000001000010000000100001010000000010000000001000000
73,E6C3-18,E6C3-18,E6C3,Sparse,6,672,22.403,ArchiveInvest manual,False,0,,matches corpus tag,single-source corpus entry; unverified,000001000100000000000000010000000000001000100000000000000010000000000001000000100
74,E6C3-18,E6C3-18,E6C3,Sparse,7,673,22.4363,ArchiveInvest manual,False,0,,matches corpus tag,single-source corpus entry; unverified,000100000001000010000010000100000001000000000000010000000000000010000001000000011
75,E6C3-18,E6C3-18,E6C3,Sparse,8,684,22.803,ArchiveInvest manual,False,0,,matches corpus tag,single-source corpus entry; unverified,000000001010000010000000000000011000000000000000001000110000000000000001100101100
76,E6C3-18,E6C3-18,E6C3,Sparse,9,690,23.003,ArchiveInvest manual,False,0,,matches corpus tag,single-source corpus entry; unverified,000000000000000010000000000000000000000100000000100000000000000000000000010001101
77,E6C3-18,E6C3-18,E6C3,Sparse,10,691,23.0363,ArchiveInvest manual,False,0,,matches corpus tag,single-source corpus entry; unverified,011000000000000110000000010000000001000011100000000000100000000000000101000001000
78,E6C3-18,E6C3-18,E6C3,Sparse,11,697,23.2363,ArchiveInvest manual,False,0,,matches corpus tag,single-source corpus entry; unverified,010000001100000000010010000000000001000000100000000000000000000010000001010000000
79,E6C3-18,E6C3-18,E6C3,Sparse,12,708,23.603,ArchiveInvest manual,False,0,,matches corpus tag,single-source corpus entry; unverified,111000000000000000000000000000000000000000000000100000000000000001000000000001001
80,E6C3-18,E6C3-18,E6C3,Sparse,13,709,23.6363,ArchiveInvest manual,False,0,,matches corpus tag,single-source corpus entry; unverified,010001000110000001000000000100111000001000000000000000000000000011000001010100000
81,E6C3-18,E6C3-18,E6C3,Sparse,14,715,23.8363,ArchiveInvest manual,False,0,,matches corpus tag,matches repeated corpus observations,000000000000000000000010000000010000000011000000000000100000000001000000100001000
82,E6C3-18,E6C3-18,E6C3,Sparse,15,721,24.0363,ArchiveInvest manual,False,0,,matches corpus tag,matches repeated corpus observations,001000010000000010000000001000000000000001000100000001010010000000000010000001110
83,E6C3-18,E6C3-18,E6C3,Sparse,16,727,24.2363,ArchiveInvest manual,False,0,,matches corpus tag,single-source corpus entry; unverified,010000000001000000000000000000000000000000100000000000000000011001000101000000000
84,E6C3-18,E6C3-18,E6C3,Sparse,17,733,24.4363,ArchiveInvest manual,False,0,,matches corpus tag,single-source corpus entry; unverified,000000000000000000000010010000000000000100000000010000000000010000000110000000100
85,E6C3-18,E6C3-18,E6C3,Sparse,18,738,24.603,ArchiveInvest manual,False,0,,matches corpus tag,matches repeated corpus observations,101001000010000000000010000000000000000000100000000001010000000000000000010001010
86,E6C3-18,E6C3-18,E6C3,Sparse,19,744,24.803,ArchiveInvest manual,False,0,,matches corpus tag,matches repeated corpus observations,001000000000000010000000000000000000001001000000000001000000000000000100001001000
87,E6C3-18,E6C3-18,E6C3,Sparse,20,752,25.0696,ArchiveInvest manual,False,0,,matches corpus tag,matches repeated corpus observations,000000000010000000000000010000000000000000100000001000010000000001000101000100010
88,E6C3-18,E6C3-18,E6C3,Sparse,21,757,25.2363,ArchiveInvest manual,False,0,,matches corpus tag,matches repeated corpus observations,000000000001000011000000000000000000000000000100000000000010000000000000000000000
89,E6C3-18,E6C3-18,E6C3,Sparse,22,763,25.4363,ArchiveInvest manual,False,0,,matches corpus tag,matches repeated corpus observations,000000000000000000000000000000100000000010000000010000110000011000000000000100000
90,E6C3-18,E6C3-18,E6C3,Sparse,23,769,25.6363,ArchiveInvest manual,False,0,,matches corpus tag,matches repeated corpus observations,000000000000000000000010000000000000000000000000010000000000001000000010000000000
91,E6C3-18,E6C3-18,E6C3,Sparse,24,775,25.8363,ArchiveInvest manual,False,0,,matches corpus tag,matches repeated corpus observations,000000010010000100000000000000000000000001000000000001000000000001000000000000000
92,E6C3-18,E6C3-18,E6C3,Sparse,25,781,26.0363,ArchiveInvest manual,False,0,,matches corpus tag,matches repeated corpus observations,010000110100000000000010000100000000000000100000101001000000000000000101100100100
93,E6C3-18,E6C3-18,E6C3,Sparse,26,787,26.2363,ArchiveInvest manual,False,0,,matches corpus tag,matches repeated corpus observations,001100000000000000000010000000000000000001000000000000000000000010000000011000000
94,E6C3-18,E6C3-18,E6C3,Sparse,27,794,26.4696,ArchiveInvest manual,False,0,,matches corpus tag,matches repeated corpus observations,010100000000000111000000000100001000000000000100010000000010001000000000001001100
95,E6C3-18,E6C3-18,E6C3,Sparse,28,798,26.6029,ArchiveInvest manual,False,0,,matches corpus tag,matches repeated corpus observations,100000000100000000000000000000000000000000100000000000000010000010000010000000001
96,E6C3-18,E6C3-18,E6C3,Sparse,29,804,26.8029,ArchiveInvest manual,False,0,,matches corpus tag,matches repeated corpus observations,001101000000000000010010000000000000001110100000000000000000000000000001001000010
97,E6C3-18,E6C3-18,E6C3,Sparse,30,811,27.0363,ArchiveInvest manual,False,0,,matches corpus tag,matches repeated corpus observations,000000000100000000000000000100110000000000000000010000000000010010000001100000000
98,E6C3-18,E6C3-18,E6C3,Sparse,31,816,27.2029,ArchiveInvest manual,False,0,,matches corpus tag,matches repeated corpus observations,010001000100000100000010000000001001000010000000100000010000000001000000010001001
99,E6C3-18,E6C3-18,E6C3,Sparse,32,822,27.4029,ArchiveInvest manual,False,0,,matches corpus tag,matches repeated corpus observations,000000011010000000000000000000000000000100000000000000010010000001000000100000000
100,E6C3-18,E6C3-18,E6C3,Sparse,33,828,27.6029,ArchiveInvest manual,False,0,,matches corpus tag,matches repeated corpus observations,001000010000000000000000001100001000000100000000000000110010000000000010000000001
101,E6C3-18,E6C3-18,E6C3,Sparse,34,834,27.8029,ArchiveInvest manual,False,0,,matches corpus tag,matches repeated corpus observations,000000010000000110100000000000000001000000000000100000000000000011000010100000000
102,E6C3-18,E6C3-18,E6C3,Sparse,35,841,28.0363,ArchiveInvest manual,False,0,,matches corpus tag,matches repeated corpus observations,100000000000000000000000000000010001000101000000000000000000010010000001001100000
103,E6C3-1L,E6C3-1L,E6C3,Main,1,740,24.6727,ArchiveInvest manual,False,0,,matches corpus tag,single-source corpus entry; unverified,001000101001000000000000000000000000000000000000000001000000000000000000001000100
104,E6C3-1L,E6C3-1L,E6C3,Main,2,746,24.8727,ArchiveInvest manual,False,0,,matches corpus tag,single-source corpus entry; unverified,000001001001000000000010000000000001000000000000000000000000000000000000000000001
105,E6C3-1L,E6C3-1L,E6C3,Main,3,750,25.006,ArchiveInvest manual,False,0,,matches corpus tag,single-source corpus entry; unverified,000000010000000010000000000000101000000000000000000000000000000000000000000000000
106,E6C3-1L,E6C3-1L,E6C3,Main,4,758,25.2726,ArchiveInvest manual,False,0,,matches corpus tag,single-source corpus entry; unverified,000000000000000000000000010000000000000000000100000000000000001000000101000000000
107,E6C3-1L,E6C3-1L,E6C3,Main,5,759,25.306,ArchiveInvest manual,False,0,,matches corpus tag,single-source corpus entry; unverified,000001000000000000000010000000000000000000000100000001000000000000000010000000000
12,E6C3-1L,E6C3-1L,E6C3,Main,6,770,25.6725,ArchiveInvest manual,False,0,,matches corpus tag,matches repeated corpus observations,010000001001000001000000010000000000000000000000000000000000001001000000000000010
12,E6C3-1L,E6C3-1L,E6C3,Main,7,770,25.6725,ArchiveInvest manual,False,0,,matches corpus tag,matches repeated corpus observations,010000001001000001000000010000000000000000000000000000000000001001000000000000010
108,E6C3-1L,E6C3-1L,E6C3,Main,8,776,25.8726,ArchiveInvest manual,False,0,,matches corpus tag,single-source corpus entry; unverified,001000000010000100000000000000010001000000000000000001000000010000000001100000101
109,E6C3-1L,E6C3-1L,E6C3,Main,9,782,26.0726,ArchiveInvest manual,False,0,,matches corpus tag,single-source corpus entry; unverified,100000010000000000000000000000000000001010000000000000000000010000000001000000000
110,E6C3-1L,E6C3-1L,E6C3,Main,10,789,26.3059,ArchiveInvest manual,False,0,,matches corpus tag,single-source corpus entry; unverified,000001000010000100000000000100110000000001000000000000000000000000000010000000001
111,E6C3-1L,E6C3-1L,E6C3,Main,11,795,26.5059,ArchiveInvest manual,False,0,,matches corpus tag,single-source corpus entry; unverified,001000001000000101000000011000100000000000000000000000000010010100000000000000010
17,E6C3-1L,E6C3-1L,E6C3,Main,12,801,26.7059,ArchiveInvest manual,False,0,,matches corpus tag,matches repeated corpus observations,000000000110000000000000000100001001000010000000100000100000000000000010000000000
18,E6C3-1L,E6C3-1L,E6C3,Main,13,806,26.8725,ArchiveInvest manual,False,0,,matches corpus tag,matches repeated corpus observations,000000000000000100000000010000110000000001000000001001000000000100000000001000100
19,E6C3-1L,E6C3-1L,E6C3,Main,14,812,27.0725,ArchiveInvest manual,False,0,,matches corpus tag,matches repeated corpus observations,001001000000000000000000010000000000000000000000000001100000000101000000000101000
20,E6C3-1L,E6C3-1L,E6C3,Main,15,818,27.2725,ArchiveInvest manual,False,0,,matches corpus tag,matches repeated corpus observations,000001000000000000000000000100000000000000000000011000010000010000000000000000000
21,E6C3-1L,E6C3-1L,E6C3,Main,16,819,27.3058,ArchiveInvest manual,False,0,,matches corpus tag,matches repeated corpus observations,001000000110000000110000000000000000000100000100000000000000000100000010000000100
22,E6C3-1L,E6C3-1L,E6C3,Main,17,825,27.5058,ArchiveInvest manual,False,0,,matches corpus tag,matches repeated corpus observations,000000000000000010000000000000010001000000000000100000110000000001000000000000100
23,E6C3-1L,E6C3-1L,E6C3,Main,18,836,27.8725,ArchiveInvest manual,False,0,,matches corpus tag,matches repeated corpus observations,000000000001000001000000010000100001001001000000000000000000001001000000000000000
24,E6C3-1L,E6C3-1L,E6C3,Main,19,842,28.0725,ArchiveInvest manual,False,0,,matches corpus tag,matches repeated corpus observations,000000000000000001000000000000100000000000000000000000000000000000000010000000001
25,E6C3-1L,E6C3-1L,E6C3,Main,20,848,28.2725,ArchiveInvest manual,False,0,,matches corpus tag,matches repeated corpus observations,001000000000000000100000010000010000000011000000000001000000001001000000001100100
26,E6C3-1L,E6C3-1L,E6C3,Main,21,853,28.4391,ArchiveInvest manual,False,0,,matches corpus tag,matches repeated corpus observations,000000011000000000000000000000000000001100000000000000000000010101000001000000000
27,E6C3-1L,E6C3-1L,E6C3,Main,22,860,28.6725,ArchiveInvest manual,False,0,,matches corpus tag,matches repeated corpus observations,101000000100000000010000000000000000000100100000000000110010010010000000001000000
28,E6C3-1L,E6C3-1L,E6C3,Main,23,866,28.8725,ArchiveInvest manual,False,0,,matches corpus tag,matches repeated corpus observations,000000000000000100000000001100100000000000000000000000100000001000000000010000000
29,E6C3-1L,E6C3-1L,E6C3,Main,24,870,29.0058,ArchiveInvest manual,False,0,,matches corpus tag,matches repeated corpus observations,010000100100000000000000000000000000001000000000000000000010000001000000000000000
30,E6C3-1L,E6C3-1L,E6C3,Main,25,878,29.2725,ArchiveInvest manual,False,0,,matches corpus tag,matches repeated corpus observations,000001000000000100010000000000100000000100000000000000000000000001000000001001010
31,E6C3-1L,E6C3-1L,E6C3,Main,26,879,29.3058,ArchiveInvest manual,False,0,,matches corpus tag,matches repeated corpus observations,000000000000000000000000010000011001000000000000000000000000000000000001001000000
32,E6C3-1L,E6C3-1L,E6C3,Main,27,885,29.5058,ArchiveInvest manual,False,0,,matches corpus tag,matches repeated corpus observations,100000000001000000000000010000000000000001000000010000010000000001000100011000101
33,E6C3-1L,E6C3-1L,E6C3,Main,28,891,29.7058,ArchiveInvest manual,False,0,,matches corpus tag,matches repeated corpus observations,001001010010000100010000001000100001000000000000010000000000000101000000001000000
34,E6C3-1L,E6C3-1L,E6C3,Main,29,897,29.9058,ArchiveInvest manual,False,0,,matches corpus tag,matches repeated corpus observations,000000000100000110000010001000010000001100000000001000000000000010000000001000110
35,E6C3-1L,E6C3-1L,E6C3,Main,30,903,30.1058,ArchiveInvest manual,False,0,,matches corpus tag,matches repeated corpus observations,010000000010000010010010010000011000000000100000000000010000000000000000000000000
36,E6C3-1L,E6C3-1L,E6C3,Main,31,909,30.3058,ArchiveInvest manual,False,0,,matches corpus tag,matches repeated corpus observations,010000010100000100000000000000000000000000000000001000000010001100000000000000100
1,E6C3-2,E6C3-2,E6C3,Main,1,1105,36.8339,ArchiveInvest manual,False,0,,matches corpus tag,matches repeated corpus observations,000100110100000101000010000000100000000100000000000000100000000001000010001000010
2,E6C3-2,E6C3-2,E6C3,Main,2,1110,37.0005,ArchiveInvest manual,False,0,,matches corpus tag,matches repeated corpus observations,010000000010000100000000010000000000000010100000000000010000000000000000010000001
3,E6C3-2,E6C3-2,E6C3,Main,3,1114,37.1338,ArchiveInvest manual,False,0,,matches corpus tag,matches repeated corpus observations,000000000000000000010000010000000000000100000100101001010000000011000000000000001
4,E6C3-2,E6C3-2,E6C3,Main,4,1117,37.2338,ArchiveInvest manual,False,0,,matches corpus tag,matches repeated corpus observations,000001001000000010000000000000010000000000000000000000010010000001000001000100000
5,E6C3-2,E6C3-2,E6C3,Main,5,1123,37.4338,ArchiveInvest manual,False,0,,matches corpus tag,matches repeated corpus observations,100001000000000000000000000000000000000010000000000000010000000000000000000000000
6,E6C3-2,E6C3-2,E6C3,Main,6,1129,37.6338,ArchiveInvest manual,False,0,,matches corpus tag,matches repeated corpus observations,000000000011000000000000000000000000000000100100001000010000000001000000010000000
7,E6C3-2,E6C3-2,E6C3,Main,7,1135,37.8338,ArchiveInvest manual,False,0,,matches corpus tag,matches repeated corpus observations,001000001011000000100000000000000000000000000000000001010000000010000000000001000
8,E6C3-2,E6C3-2,E6C3,Main,8,1141,38.0338,ArchiveInvest manual,False,0,,matches corpus tag,matches repeated corpus observations,000001001101000000100010001000000001000001000000000000000000000000000000000000001
9,E6C3-2,E6C3-2,E6C3,Main,9,1147,38.2338,ArchiveInvest manual,False,0,,matches corpus tag,matches repeated corpus observations,000000010000000001000000000000000000000000000000000000000000000010000000001001000
10,E6C3-2,E6C3-2,E6C3,Main,10,1153,38.4338,ArchiveInvest manual,False,0,,matches corpus tag,matches repeated corpus observations,000000000000000000010000010000000000000000000100000000000010001000000101001000000
11,E6C3-2,E6C3-2,E6C3,Main,11,1159,38.6338,ArchiveInvest manual,False,0,,matches corpus tag,matches repeated corpus observations,100001000000000000000010000000000000000000000100010001000000000000000010100101000
12,E6C3-2,E6C3-2,E6C3,Main,12,1165,38.8338,ArchiveInvest manual,False,0,,matches corpus tag,matches repeated corpus observations,010000001001000001000000010000000000000000000000000000000000001001000000000000010
13,E6C3-2,E6C3-2,E6C3,Main,13,1172,39.0672,ArchiveInvest manual,False,0,,matches corpus tag,matches repeated corpus observations,001000000010000100010000001000010001000000000000000001000000010100000001100001101
14,E6C3-2,E6C3-2,E6C3,Main,14,1177,39.2338,ArchiveInvest manual,False,0,,matches corpus tag,matches repeated corpus observations,100000010000000000000000000000000000001010100000001000000000010100000001000001000
15,E6C3-2,E6C3-2,E6C3,Main,15,1183,39.4338,ArchiveInvest manual,False,0,,matches corpus tag,matches repeated corpus observations,000001000110000100000000000100110000000101000000000000000000000000000010000000001
16,E6C3-2,E6C3-2,E6C3,Main,16,1189,39.6338,ArchiveInvest manual,False,0,,matches corpus tag,matches repeated corpus observations,001000001000000101000000011000100000000000100000000000000010010100000000000000010
17,E6C3-2,E6C3-2,E6C3,Main,17,1195,39.8338,ArchiveInvest manual,False,0,,matches corpus tag,matches repeated corpus observations,000000000110000000000000000100001001000010000000100000100000000000000010000000000
18,E6C3-2,E6C3-2,E6C3,Main,18,1201,40.0338,ArchiveInvest manual,False,0,,matches corpus tag,matches repeated corpus observations,000000000000000100000000010000110000000001000000001001000000000100000000001000100
19,E6C3-2,E6C3-2,E6C3,Main,19,1207,40.2338,ArchiveInvest manual,False,0,,matches corpus tag,matches repeated corpus observations,001001000000000000000000010000000000000000000000000001100000000101000000000101000
20,E6C3-2,E6C3-2,E6C3,Main,20,1213,40.4338,ArchiveInvest manual,False,0,,matches corpus tag,matches repeated corpus observations,000001000000000000000000000100000000000000000000011000010000010000000000000000000
21,E6C3-2,E6C3-2,E6C3,Main,21,1219,40.6338,ArchiveInvest manual,False,0,,matches corpus tag,matches repeated corpus observations,001000000110000000110000000000000000000100000100000000000000000100000010000000100
22,E6C3-2,E6C3-2,E6C3,Main,22,1225,40.8338,ArchiveInvest manual,False,0,,matches corpus tag,matches repeated corpus observations,000000000000000010000000000000010001000000000000100000110000000001000000000000100
23,E6C3-2,E6C3-2,E6C3,Main,23,1231,41.0338,ArchiveInvest manual,False,0,,matches corpus tag,matches repeated corpus observations,000000000001000001000000010000100001001001000000000000000000001001000000000000000
24,E6C3-2,E6C3-2,E6C3,Main,24,1237,41.2338,ArchiveInvest manual,False,0,,matches corpus tag,matches repeated corpus observations,000000000000000001000000000000100000000000000000000000000000000000000010000000001
25,E6C3-2,E6C3-2,E6C3,Main,25,1243,41.4338,ArchiveInvest manual,False,0,,matches corpus tag,matches repeated corpus observations,001000000000000000100000010000010000000011000000000001000000001001000000001100100
26,E6C3-2,E6C3-2,E6C3,Main,26,1249,41.6338,ArchiveInvest manual,False,0,,matches corpus tag,matches repeated corpus observations,000000011000000000000000000000000000001100000000000000000000010101000001000000000
27,E6C3-2,E6C3-2,E6C3,Main,27,1255,41.8338,ArchiveInvest manual,False,0,,matches corpus tag,matches repeated corpus observations,101000000100000000010000000000000000000100100000000000110010010010000000001000000
28,E6C3-2,E6C3-2,E6C3,Main,28,1261,42.0338,ArchiveInvest manual,False,0,,matches corpus tag,matches repeated corpus observations,000000000000000100000000001100100000000000000000000000100000001000000000010000000
29,E6C3-2,E6C3-2,E6C3,Main,29,1267,42.2338,ArchiveInvest manual,False,0,,matches corpus tag,matches repeated corpus observations,010000100100000000000000000000000000001000000000000000000010000001000000000000000
1,E6C3-9,E6C3-9,E6C3,Main,1,1037,34.559,ArchiveInvest manual,False,0,,matches corpus tag,matches repeated corpus observations,000100110100000101000010000000100000000100000000000000100000000001000010001000010
2,E6C3-9,E6C3-9,E6C3,Main,2,1043,34.759,ArchiveInvest manual,False,0,,matches corpus tag,matches repeated corpus observations,010000000010000100000000010000000000000010100000000000010000000000000000010000001
3,E6C3-9,E6C3-9,E6C3,Main,3,1049,34.959,ArchiveInvest manual,False,0,,matches corpus tag,matches repeated corpus observations,000000000000000000010000010000000000000100000100101001010000000011000000000000001
4,E6C3-9,E6C3-9,E6C3,Main,4,1056,35.1923,ArchiveInvest manual,False,0,,matches corpus tag,matches repeated corpus observations,000001001000000010000000000000010000000000000000000000010010000001000001000100000
5,E6C3-9,E6C3-9,E6C3,Main,5,1057,35.2257,ArchiveInvest manual,False,0,,matches corpus tag,matches repeated corpus observations,100001000000000000000000000000000000000010000000000000010000000000000000000000000
6,E6C3-9,E6C3-9,E6C3,Main,6,1063,35.4257,ArchiveInvest manual,False,0,,matches corpus tag,matches repeated corpus observations,000000000011000000000000000000000000000000100100001000010000000001000000010000000
7,E6C3-9,E6C3-9,E6C3,Main,7,1069,35.6257,ArchiveInvest manual,False,0,,matches corpus tag,matches repeated corpus observations,001000001011000000100000000000000000000000000000000001010000000010000000000001000
8,E6C3-9,E6C3-9,E6C3,Main,8,1074,35.7923,ArchiveInvest manual,False,0,,matches corpus tag,matches repeated corpus observations,000001001101000000100010001000000001000001000000000000000000000000000000000000001
9,E6C3-9,E6C3-9,E6C3,Main,9,1080,35.9923,ArchiveInvest manual,False,0,,matches corpus tag,matches repeated corpus observations,000000010000000001000000000000000000000000000000000000000000000010000000001001000
10,E6C3-9,E6C3-9,E6C3,Main,10,1087,36.2257,ArchiveInvest manual,False,0,,matches corpus tag,matches repeated corpus observations,000000000000000000010000010000000000000000000100000000000010001000000101001000000
11,E6C3-9,E6C3-9,E6C3,Main,11,1097,36.559,ArchiveInvest manual,False,0,,matches corpus tag,matches repeated corpus observations,100001000000000000000010000000000000000000000100010001000000000000000010100101000
12,E6C3-9,E6C3-9,E6C3,Main,12,1098,36.5923,ArchiveInvest manual,False,0,,matches corpus tag,matches repeated corpus observations,010000001001000001000000010000000000000000000000000000000000001001000000000000010
13,E6C3-9,E6C3-9,E6C3,Main,13,1104,36.7923,ArchiveInvest manual,False,0,,matches corpus tag,matches repeated corpus observations,001000000010000100010000001000010001000000000000000001000000010100000001100001101
14,E6C3-9,E6C3-9,E6C3,Main,14,1110,36.9923,ArchiveInvest manual,False,0,,matches corpus tag,matches repeated corpus observations,100000010000000000000000000000000000001010100000001000000000010100000001000001000
15,E6C3-9,E6C3-9,E6C3,Main,15,1116,37.1923,ArchiveInvest manual,False,0,,matches corpus tag,matches repeated corpus observations,000001000110000100000000000100110000000101000000000000000000000000000010000000001
16,E6C3-9,E6C3-9,E6C3,Main,16,1122,37.3923,ArchiveInvest manual,False,0,,matches corpus tag,matches repeated corpus observations,001000001000000101000000011000100000000000100000000000000010010100000000000000010
17,E6C3-9,E6C3-9,E6C3,Main,17,1128,37.5923,ArchiveInvest manual,False,0,,matches corpus tag,matches repeated corpus observations,000000000110000000000000000100001001000010000000100000100000000000000010000000000
18,E6C3-9,E6C3-9,E6C3,Main,18,1134,37.7923,ArchiveInvest manual,False,0,,matches corpus tag,matches repeated corpus observations,000000000000000100000000010000110000000001000000001001000000000100000000001000100
19,E6C3-9,E6C3-9,E6C3,Main,19,1140,37.9923,ArchiveInvest manual,False,0,,matches corpus tag,matches repeated corpus observations,001001000000000000000000010000000000000000000000000001100000000101000000000101000
20,E6C3-9,E6C3-9,E6C3,Main,20,1146,38.1923,ArchiveInvest manual,False,0,,matches corpus tag,matches repeated corpus observations,000001000000000000000000000100000000000000000000011000010000010000000000000000000
21,E6C3-9,E6C3-9,E6C3,Main,21,1152,38.3923,ArchiveInvest manual,False,0,,matches corpus tag,matches repeated corpus observations,001000000110000000110000000000000000000100000100000000000000000100000010000000100
22,E6C3-9,E6C3-9,E6C3,Main,22,1158,38.5923,ArchiveInvest manual,False,0,,matches corpus tag,matches repeated corpus observations,000000000000000010000000000000010001000000000000100000110000000001000000000000100
23,E6C3-9,E6C3-9,E6C3,Main,23,1164,38.7923,ArchiveInvest manual,False,0,,matches corpus tag,matches repeated corpus observations,000000000001000001000000010000100001001001000000000000000000001001000000000000000
24,E6C3-9,E6C3-9,E6C3,Main,24,1170,38.9923,ArchiveInvest manual,False,0,,matches corpus tag,matches repeated corpus observations,000000000000000001000000000000100000000000000000000000000000000000000010000000001
25,E6C3-9,E6C3-9,E6C3,Main,25,1176,39.1923,ArchiveInvest manual,False,0,,matches corpus tag,matches repeated corpus observations,001000000000000000100000010000010000000011000000000001000000001001000000001100100
26,E6C3-9,E6C3-9,E6C3,Main,26,1182,39.3923,ArchiveInvest manual,False,0,,matches corpus tag,matches repeated corpus observations,000000011000000000000000000000000000001100000000000000000000010101000001000000000
27,E6C3-9,E6C3-9,E6C3,Main,27,1188,39.5923,ArchiveInvest manual,False,0,,matches corpus tag,matches repeated corpus observations,101000000100000000010000000000000000000100100000000000110010010010000000001000000
28,E6C3-9,E6C3-9,E6C3,Main,28,1194,39.7923,ArchiveInvest manual,False,0,,matches corpus tag,matches repeated corpus observations,000000000000000100000000001100100000000000000000000000100000001000000000010000000
29,E6C3-9,E6C3-9,E6C3,Main,29,1200,39.9923,ArchiveInvest manual,False,0,,matches corpus tag,matches repeated corpus observations,010000100100000000000000000000000000001000000000000000000010000001000000000000000
30,E6C3-9,E6C3-9,E6C3,Main,30,1208,40.2589,ArchiveInvest manual,False,0,,matches corpus tag,matches repeated corpus observations,000001000000000100010000000000100000000100000000000000000000000001000000001001010
31,E6C3-9,E6C3-9,E6C3,Main,31,1211,40.3589,ArchiveInvest manual,False,0,,matches corpus tag,matches repeated corpus observations,000000000000000000000000010000011001000000000000000000000000000000000001001000000
32,E6C3-9,E6C3-9,E6C3,Main,32,1218,40.5923,ArchiveInvest manual,False,0,,matches corpus tag,matches repeated corpus observations,100000000001000000000000010000000000000001000000010000010000000001000100011000101
33,E6C3-9,E6C3-9,E6C3,Main,33,1225,40.8256,ArchiveInvest manual,False,0,,matches corpus tag,matches repeated corpus observations,001001010010000100010000001000100001000000000000010000000000000101000000001000000
34,E6C3-9,E6C3-9,E6C3,Main,34,1230,40.9923,ArchiveInvest manual,False,0,,matches corpus tag,matches repeated corpus observations,000000000100000110000010001000010000001100000000001000000000000010000000001000110
35,E6C3-9,E6C3-9,E6C3,Main,35,1237,41.2256,ArchiveInvest manual,False,0,,matches corpus tag,matches repeated corpus observations,010000000010000010010010010000011000000000100000000000010000000000000000000000000
36,E6C3-9,E6C3-9,E6C3,Main,36,1242,41.3923,ArchiveInvest manual,False,0,,matches corpus tag,matches repeated corpus observations,010000010100000100000000000000000000000000000000001000000010001100000000000000100
117,E6C4-13,E6C4-13,E6C4,Side,1,415,13.8416,ArchiveInvest manual,False,0,,matches corpus tag,matches repeated corpus observations,000000000011000000100000000100010000001010100000000000100000000010000100001000000
118,E6C4-13,E6C4-13,E6C4,Side,2,420,14.0082,ArchiveInvest manual,False,0,,matches corpus tag,matches repeated corpus observations,000000000000000001000000000000000000000000000000101001000000000000000110000100000
119,E6C4-13,E6C4-13,E6C4,Side,3,424,14.1415,ArchiveInvest manual,False,0,,matches corpus tag,matches repeated corpus observations,000000000001000100000000010000110000001000000100000001000000000011000000100000001
120,E6C4-13,E6C4-13,E6C4,Side,4,429,14.3082,ArchiveInvest manual,False,0,,matches corpus tag,matches repeated corpus observations,000100000100000000000010000000100000000010000000100000000000010000000000100001000
121,E6C4-13,E6C4-13,E6C4,Side,5,430,14.3415,ArchiveInvest manual,False,0,,matches corpus tag,matches repeated corpus observations,000000000101000000010000001100110000000000000100001000000000000100000000000000000
122,E6C4-13,E6C4-13,E6C4,Side,6,439,14.6415,ArchiveInvest manual,False,0,,matches corpus tag,matches repeated corpus observations,000000000000000000100010001000000000000000000000000000000000001001000010000000010
123,E6C4-13,E6C4-13,E6C4,Side,7,444,14.8082,ArchiveInvest manual,False,0,,matches corpus tag,matches repeated corpus observations,000000000000000010000000000000000000000000000000000000010000000000000000100000000
124,E6C4-13,E6C4-13,E6C4,Side,8,445,14.8415,ArchiveInvest manual,False,0,,matches corpus tag,matches repeated corpus observations,000100000100000000000000000000100001000010000000000000010010000000000000010000000
125,E6C4-13,E6C4-13,E6C4,Side,9,450,15.0082,ArchiveInvest manual,False,0,,matches corpus tag,matches repeated corpus observations,000001000000000010000000000000000000001010000000010000000010000100000000000000000
126,E6C4-13,E6C4-13,E6C4,Side,10,455,15.1748,ArchiveInvest manual,False,0,,matches corpus tag,matches repeated corpus observations,000000000000000000000000000000000000001000000000100000000000000001000010001000100
112,E6C4-13,E6C4-13,E6C4,Side,11,460,15.3415,ArchiveInvest manual,False,0,,matches corpus tag,matches repeated corpus observations,000001000000000000000000000000001000000000000100000000000010000000000100000000000
38,E6C4-13,E6C4-13,E6C4,Side,12,465,15.5081,ArchiveInvest manual,False,0,,matches corpus tag,matches repeated corpus observations,000000000000000000000000000000001000000010000000100001000000010001000000000000000
41,E6C4-13,E6C4-13,E6C4,Side,13,479,15.9748,ArchiveInvest manual,False,0,,matches corpus tag,matches repeated corpus observations,000101000010000010010000001000000000001010000100000000000000000000000010000100001
42,E6C4-13,E6C4-13,E6C4,Side,14,484,16.1415,ArchiveInvest manual,False,0,,matches corpus tag,matches repeated corpus observations,000000000101000010000000000100010000000000000000000001100000000000000000000100010
43,E6C4-13,E6C4-13,E6C4,Side,15,489,16.3081,ArchiveInvest manual,False,0,,matches corpus tag,matches repeated corpus observations,100101000000000001100000011000100000001100000000010000000000011000000010000000011
44,E6C4-13,E6C4-13,E6C4,Side,16,494,16.4748,ArchiveInvest manual,False,0,,matches corpus tag,matches repeated corpus observations,010001000110000000000000000000000000000000000000011000000000000010000000000000010
45,E6C4-13,E6C4-13,E6C4,Side,17,499,16.6415,ArchiveInvest manual,False,0,,matches corpus tag,matches repeated corpus observations,010000000000000100010000000100011001001001000000100000000000001000000000001000011
46,E6C4-13,E6C4-13,E6C4,Side,18,504,16.8081,ArchiveInvest manual,False,0,,matches corpus tag,matches repeated corpus observations,000000101100000110000000000000000000000100000000100001000000011000000000000000010
47,E6C4-13,E6C4-13,E6C4,Side,19,509,16.9748,ArchiveInvest manual,False,0,,matches corpus tag,matches repeated corpus observations,000001000011000010000000010100000000001100000000000000000010000000000001000000001
48,E6C4-13,E6C4-13,E6C4,Side,20,514,17.1415,ArchiveInvest manual,False,0,,matches corpus tag,matches repeated corpus observations,011000000000000000000010000000101000001010000000000000000000001010000000000000000
49,E6C4-13,E6C4-13,E6C4,Side,21,519,17.3081,ArchiveInvest manual,False,0,,matches corpus tag,matches repeated corpus observations,001000000000000000100000011000101000000000000000000000100000000100000101000100000
50,E6C4-13,E6C4-13,E6C4,Side,22,526,17.5414,ArchiveInvest manual,False,0,,matches corpus tag,matches repeated corpus observations,000000001100000010000000000100010000000000000000000000000000000000000000000000000
51,E6C4-13,E6C4-13,E6C4,Side,23,527,17.5748,ArchiveInvest manual,False,0,,matches corpus tag,matches repeated corpus observations,000000000001000000010000000000000000000100000000000000000000000001000000000001000
52,E6C4-13,E6C4-13,E6C4,Side,24,532,17.7414,ArchiveInvest manual,False,0,,matches corpus tag,matches repeated corpus observations,100000100001000000000000000000010000001000000000001000000000000100000000010100001
53,E6C4-13,E6C4-13,E6C4,Side,25,537,17.9081,ArchiveInvest manual,False,0,,matches corpus tag,matches repeated corpus observations,001000000001000000100000010100000000000000000000000000100000000001000000000000000
127,E6C4-16,E6C4-16,E6C4,Side,1,491,16.3626,ArchiveInvest manual,False,0,,matches corpus tag,single-source corpus entry; unverified,000000000000000000000000001000000001000111000000000000100000000000000000000100000
128,E6C4-16,E6C4-16,E6C4,Side,2,496,16.5292,ArchiveInvest manual,False,0,,matches corpus tag,matches repeated corpus observations,110000000101000000010000000000000000000000000000010000000010000001000000000000000
117,E6C4-16,E6C4-16,E6C4,Side,3,502,16.7292,ArchiveInvest manual,False,0,,matches corpus tag,matches repeated corpus observations,000000000011000000100000000100010000001010100000000000100000000010000100001000000
118,E6C4-16,E6C4-16,E6C4,Side,4,508,16.9292,ArchiveInvest manual,False,0,,matches corpus tag,matches repeated corpus observations,000000000000000001000000000000000000000000000000101001000000000000000110000100000
129,E6C4-16,E6C4-16,E6C4,Side,5,514,17.1292,ArchiveInvest manual,False,0,,matches corpus tag,single-source corpus entry; unverified,000000000001000100000000010000110000001000000100101001000000000011000110100100001
119,E6C4-16,E6C4-16,E6C4,Side,6,514,17.1292,ArchiveInvest manual,False,0,,matches corpus tag,matches repeated corpus observations,000000000001000100000000010000110000001000000100000001000000000011000000100000001
120,E6C4-16,E6C4-16,E6C4,Side,7,520,17.3292,ArchiveInvest manual,False,0,,matches corpus tag,matches repeated corpus observations,000100000100000000000010000000100000000010000000100000000000010000000000100001000
121,E6C4-16,E6C4-16,E6C4,Side,8,526,17.5291,ArchiveInvest manual,False,0,,matches corpus tag,matches repeated corpus observations,000000000101000000010000001100110000000000000100001000000000000100000000000000000
122,E6C4-16,E6C4-16,E6C4,Side,9,532,17.7291,ArchiveInvest manual,False,0,,matches corpus tag,matches repeated corpus observations,000000000000000000100010001000000000000000000000000000000000001001000010000000010
123,E6C4-16,E6C4-16,E6C4,Side,10,538,17.9291,ArchiveInvest manual,False,0,,matches corpus tag,matches repeated corpus observations,000000000000000010000000000000000000000000000000000000010000000000000000100000000
124,E6C4-16,E6C4-16,E6C4,Side,11,544,18.1291,ArchiveInvest manual,False,0,,matches corpus tag,matches repeated corpus observations,000100000100000000000000000000100001000010000000000000010010000000000000010000000
125,E6C4-16,E6C4-16,E6C4,Side,12,545,18.1624,ArchiveInvest manual,False,0,,matches corpus tag,matches repeated corpus observations,000001000000000010000000000000000000001010000000010000000010000100000000000000000
126,E6C4-16,E6C4-16,E6C4,Side,13,556,18.5291,ArchiveInvest manual,False,0,,matches corpus tag,matches repeated corpus observations,000000000000000000000000000000000000001000000000100000000000000001000010001000100
112,E6C4-16,E6C4-16,E6C4,Side,14,562,18.7291,ArchiveInvest manual,False,0,,matches corpus tag,matches repeated corpus observations,000001000000000000000000000000001000000000000100000000000010000000000100000000000
38,E6C4-16,E6C4-16,E6C4,Side,15,568,18.9291,ArchiveInvest manual,False,0,,matches corpus tag,matches repeated corpus observations,000000000000000000000000000000001000000010000000100001000000010001000000000000000
39,E6C4-16,E6C4-16,E6C4,Side,16,574,19.1291,ArchiveInvest manual,False,0,,matches corpus tag,matches repeated corpus observations,000101000001000000010000000100000000000000100100000000000000000000000001000000001
40,E6C4-16,E6C4-16,E6C4,Side,17,575,19.1624,ArchiveInvest manual,False,0,,matches corpus tag,matches repeated corpus observations,100000000000000001000000000000000000000001000100000000000000000010000000000001011
41,E6C4-16,E6C4-16,E6C4,Side,18,581,19.3624,ArchiveInvest manual,False,0,,matches corpus tag,matches repeated corpus observations,000101000010000010010000001000000000001010000100000000000000000000000010000100001
42,E6C4-16,E6C4-16,E6C4,Side,19,592,19.7291,ArchiveInvest manual,False,0,,matches corpus tag,matches repeated corpus observations,000000000101000010000000000100010000000000000000000001100000000000000000000100010
43,E6C4-16,E6C4-16,E6C4,Side,20,593,19.7624,ArchiveInvest manual,False,0,,matches corpus tag,matches repeated corpus observations,100101000000000001100000011000100000001100000000010000000000011000000010000000011
44,E6C4-16,E6C4-16,E6C4,Side,21,604,20.1291,ArchiveInvest manual,False,0,,matches corpus tag,matches repeated corpus observations,010001000110000000000000000000000000000000000000011000000000000010000000000000010
45,E6C4-16,E6C4-16,E6C4,Side,22,605,20.1624,ArchiveInvest manual,False,0,,matches corpus tag,matches repeated corpus observations,010000000000000100010000000100011001001001000000100000000000001000000000001000011
46,E6C4-16,E6C4-16,E6C4,Side,23,611,20.3624,ArchiveInvest manual,False,0,,matches corpus tag,matches repeated corpus observations,000000101100000110000000000000000000000100000000100001000000011000000000000000010
47,E6C4-16,E6C4-16,E6C4,Side,24,617,20.5624,ArchiveInvest manual,False,0,,matches corpus tag,matches repeated corpus observations,000001000011000010000000010100000000001100000000000000000010000000000001000000001
48,E6C4-16,E6C4-16,E6C4,Side,25,623,20.7624,ArchiveInvest manual,False,0,,matches corpus tag,matches repeated corpus observations,011000000000000000000010000000101000001010000000000000000000001010000000000000000
49,E6C4-16,E6C4-16,E6C4,Side,26,629,20.9624,ArchiveInvest manual,False,0,,matches corpus tag,matches repeated corpus observations,001000000000000000100000011000101000000000000000000000100000000100000101000100000
50,E6C4-16,E6C4-16,E6C4,Side,27,636,21.1957,ArchiveInvest manual,False,0,,matches corpus tag,matches repeated corpus observations,000000001100000010000000000100010000000000000000000000000000000000000000000000000
51,E6C4-16,E6C4-16,E6C4,Side,28,641,21.3624,ArchiveInvest manual,False,0,,matches corpus tag,matches repeated corpus observations,000000000001000000010000000000000000000100000000000000000000000001000000000001000
52,E6C4-16,E6C4-16,E6C4,Side,29,647,21.5624,ArchiveInvest manual,False,0,,matches corpus tag,matches repeated corpus observations,100000100001000000000000000000010000001000000000001000000000000100000000010100001
53,E6C4-16,E6C4-16,E6C4,Side,30,653,21.7624,ArchiveInvest manual,False,0,,matches corpus tag,matches repeated corpus observations,001000000001000000100000010100000000000000000000000000100000000001000000000000000
54,E6C4-16,E6C4-16,E6C4,Side,31,708,23.5957,ArchiveInvest manual,False,0,,matches corpus tag,matches repeated corpus observations,000001000010000000000000010000100000001000000000100000010000000000000010001000111
124,E6C4-17,E6C4-17,E6C4,Side,1,856,28.5478,ArchiveInvest manual,False,0,,matches corpus tag,matches repeated corpus observations,000100000100000000000000000000100001000010000000000000010010000000000000010000000
124,E6C4-17,E6C4-17,E6C4,Side,2,856,28.5478,ArchiveInvest manual,False,0,,matches corpus tag,matches repeated corpus observations,000100000100000000000000000000100001000010000000000000010010000000000000010000000
125,E6C4-17,E6C4-17,E6C4,Side,3,862,28.7477,ArchiveInvest manual,False,0,,matches corpus tag,matches repeated corpus observations,000001000000000010000000000000000000001010000000010000000010000100000000000000000
126,E6C4-17,E6C4-17,E6C4,Side,4,863,28.7811,ArchiveInvest manual,False,0,,matches corpus tag,matches repeated corpus observations,000000000000000000000000000000000000001000000000100000000000000001000010001000100
112,E6C4-17,E6C4-17,E6C4,Side,5,874,29.1477,ArchiveInvest manual,False,0,,matches corpus tag,matches repeated corpus observations,000001000000000000000000000000001000000000000100000000000010000000000100000000000
38,E6C4-17,E6C4-17,E6C4,Side,6,881,29.381,ArchiveInvest manual,False,0,,matches corpus tag,matches repeated corpus observations,000000000000000000000000000000001000000010000000100001000000010001000000000000000
130,E6C4-17,E6C4-17,E6C4,Side,7,887,29.581,ArchiveInvest manual,False,0,,matches corpus tag,multi-source audited,000001000001000000010000000100000000000000100100000000000000000000000001000000001
131,E6C4-17,E6C4-17,E6C4,Side,8,893,29.781,ArchiveInvest manual,False,0,,matches corpus tag,matches repeated corpus observations,100000000000000000000000000000000000000001000100000000000000000010000000000001011
132,E6C4-17,E6C4-17,E6C4,Side,9,899,29.981,ArchiveInvest manual,False,0,,matches corpus tag,single-source corpus entry; unverified,000001000010000000010000000000000000001010000100000000000000000000000010000100001
42,E6C4-17,E6C4-17,E6C4,Side,10,905,30.181,ArchiveInvest manual,False,0,,matches corpus tag,matches repeated corpus observations,000000000101000010000000000100010000000000000000000001100000000000000000000100010
43,E6C4-17,E6C4-17,E6C4,Side,11,911,30.381,ArchiveInvest manual,False,0,,matches corpus tag,matches repeated corpus observations,100101000000000001100000011000100000001100000000010000000000011000000010000000011
44,E6C4-17,E6C4-17,E6C4,Side,12,917,30.581,ArchiveInvest manual,False,0,,matches corpus tag,matches repeated corpus observations,010001000110000000000000000000000000000000000000011000000000000010000000000000010
45,E6C4-17,E6C4-17,E6C4,Side,13,918,30.6143,ArchiveInvest manual,False,0,,matches corpus tag,matches repeated corpus observations,010000000000000100010000000100011001001001000000100000000000001000000000001000011
46,E6C4-17,E6C4-17,E6C4,Side,14,924,30.8143,ArchiveInvest manual,False,0,,matches corpus tag,matches repeated corpus observations,000000101100000110000000000000000000000100000000100001000000011000000000000000010
47,E6C4-17,E6C4-17,E6C4,Side,15,930,31.0143,ArchiveInvest manual,False,0,,matches corpus tag,matches repeated corpus observations,000001000011000010000000010100000000001100000000000000000010000000000001000000001
48,E6C4-17,E6C4-17,E6C4,Side,16,936,31.2143,ArchiveInvest manual,False,0,,matches corpus tag,matches repeated corpus observations,011000000000000000000010000000101000001010000000000000000000001010000000000000000
49,E6C4-17,E6C4-17,E6C4,Side,17,942,31.4143,ArchiveInvest manual,False,0,,matches corpus tag,matches repeated corpus observations,001000000000000000100000011000101000000000000000000000100000000100000101000100000
50,E6C4-17,E6C4-17,E6C4,Side,18,948,31.6143,ArchiveInvest manual,False,0,,matches corpus tag,matches repeated corpus observations,000000001100000010000000000100010000000000000000000000000000000000000000000000000
51,E6C4-17,E6C4-17,E6C4,Side,19,954,31.8143,ArchiveInvest manual,False,0,,matches corpus tag,matches repeated corpus observations,000000000001000000010000000000000000000100000000000000000000000001000000000001000
120,E6C4-18,E6C4-18,E6C4,Side,1,744,24.7897,ArchiveInvest manual,False,0,,matches corpus tag,matches repeated corpus observations,000100000100000000000010000000100000000010000000100000000000010000000000100001000
121,E6C4-18,E6C4-18,E6C4,Side,2,745,24.823,ArchiveInvest manual,False,0,,matches corpus tag,matches repeated corpus observations,000000000101000000010000001100110000000000000100001000000000000100000000000000000
122,E6C4-18,E6C4-18,E6C4,Side,3,751,25.023,ArchiveInvest manual,False,0,,matches corpus tag,matches repeated corpus observations,000000000000000000100010001000000000000000000000000000000000001001000010000000010
123,E6C4-18,E6C4-18,E6C4,Side,4,757,25.223,ArchiveInvest manual,False,0,,matches corpus tag,matches repeated corpus observations,000000000000000010000000000000000000000000000000000000010000000000000000100000000
124,E6C4-18,E6C4-18,E6C4,Side,5,763,25.423,ArchiveInvest manual,False,0,,matches corpus tag,matches repeated corpus observations,000100000100000000000000000000100001000010000000000000010010000000000000010000000
124,E6C4-18,E6C4-18,E6C4,Side,6,768,25.5897,ArchiveInvest manual,False,0,,matches corpus tag,matches repeated corpus observations,000100000100000000000000000000100001000010000000000000010010000000000000010000000
125,E6C4-18,E6C4-18,E6C4,Side,7,769,25.623,ArchiveInvest manual,False,0,,matches corpus tag,matches repeated corpus observations,000001000000000010000000000000000000001010000000010000000010000100000000000000000
126,E6C4-18,E6C4-18,E6C4,Side,8,775,25.823,ArchiveInvest manual,False,0,,matches corpus tag,matches repeated corpus observations,000000000000000000000000000000000000001000000000100000000000000001000010001000100
112,E6C4-18,E6C4-18,E6C4,Side,9,781,26.023,ArchiveInvest manual,False,0,,matches corpus tag,matches repeated corpus observations,000001000000000000000000000000001000000000000100000000000010000000000100000000000
38,E6C4-18,E6C4-18,E6C4,Side,10,787,26.223,ArchiveInvest manual,False,0,,matches corpus tag,matches repeated corpus observations,000000000000000000000000000000001000000010000000100001000000010001000000000000000
39,E6C4-18,E6C4-18,E6C4,Side,11,793,26.423,ArchiveInvest manual,False,0,,matches corpus tag,matches repeated corpus observations,000101000001000000010000000100000000000000100100000000000000000000000001000000001
40,E6C4-18,E6C4-18,E6C4,Side,12,799,26.623,ArchiveInvest manual,False,0,,matches corpus tag,matches repeated corpus observations,100000000000000001000000000000000000000001000100000000000000000010000000000001011
41,E6C4-18,E6C4-18,E6C4,Side,13,805,26.823,ArchiveInvest manual,False,0,,matches corpus tag,matches repeated corpus observations,000101000010000010010000001000000000001010000100000000000000000000000010000100001
42,E6C4-18,E6C4-18,E6C4,Side,14,811,27.023,ArchiveInvest manual,False,0,,matches corpus tag,matches repeated corpus observations,000000000101000010000000000100010000000000000000000001100000000000000000000100010
43,E6C4-18,E6C4-18,E6C4,Side,15,817,27.223,ArchiveInvest manual,False,0,,matches corpus tag,matches repeated corpus observations,100101000000000001100000011000100000001100000000010000000000011000000010000000011
44,E6C4-18,E6C4-18,E6C4,Side,16,823,27.423,ArchiveInvest manual,False,0,,matches corpus tag,matches repeated corpus observations,010001000110000000000000000000000000000000000000011000000000000010000000000000010
45,E6C4-18,E6C4-18,E6C4,Side,17,829,27.623,ArchiveInvest manual,False,0,,matches corpus tag,matches repeated corpus observations,010000000000000100010000000100011001001001000000100000000000001000000000001000011
46,E6C4-18,E6C4-18,E6C4,Side,18,835,27.823,ArchiveInvest manual,False,0,,matches corpus tag,matches repeated corpus observations,000000101100000110000000000000000000000100000000100001000000011000000000000000010
47,E6C4-18,E6C4-18,E6C4,Side,19,842,28.0563,ArchiveInvest manual,False,0,,matches corpus tag,matches repeated corpus observations,000001000011000010000000010100000000001100000000000000000010000000000001000000001
48,E6C4-18,E6C4-18,E6C4,Side,20,847,28.223,ArchiveInvest manual,False,0,,matches corpus tag,matches repeated corpus observations,011000000000000000000010000000101000001010000000000000000000001010000000000000000
49,E6C4-18,E6C4-18,E6C4,Side,21,853,28.423,ArchiveInvest manual,False,0,,matches corpus tag,matches repeated corpus observations,001000000000000000100000011000101000000000000000000000100000000100000101000100000
50,E6C4-18,E6C4-18,E6C4,Side,22,859,28.623,ArchiveInvest manual,False,0,,matches corpus tag,matches repeated corpus observations,000000001100000010000000000100010000000000000000000000000000000000000000000000000
51,E6C4-18,E6C4-18,E6C4,Side,23,865,28.823,ArchiveInvest manual,False,0,,matches corpus tag,matches repeated corpus observations,000000000001000000010000000000000000000100000000000000000000000001000000000001000
123,E6C4-19,E6C4-19,E6C4,Side,1,682,22.7328,ArchiveInvest manual,False,0,,matches corpus tag,matches repeated corpus observations,000000000000000010000000000000000000000000000000000000010000000000000000100000000
124,E6C4-19,E6C4-19,E6C4,Side,2,687,22.8995,ArchiveInvest manual,False,0,,matches corpus tag,matches repeated corpus observations,000100000100000000000000000000100001000010000000000000010010000000000000010000000
125,E6C4-19,E6C4-19,E6C4,Side,3,694,23.1328,ArchiveInvest manual,False,0,,matches corpus tag,matches repeated corpus observations,000001000000000010000000000000000000001010000000010000000010000100000000000000000
126,E6C4-19,E6C4-19,E6C4,Side,4,700,23.3328,ArchiveInvest manual,False,0,,matches corpus tag,matches repeated corpus observations,000000000000000000000000000000000000001000000000100000000000000001000010001000100
112,E6C4-19,E6C4-19,E6C4,Side,5,706,23.5328,ArchiveInvest manual,False,0,,matches corpus tag,matches repeated corpus observations,000001000000000000000000000000001000000000000100000000000010000000000100000000000
38,E6C4-19,E6C4-19,E6C4,Side,6,712,23.7328,ArchiveInvest manual,False,0,,matches corpus tag,matches repeated corpus observations,000000000000000000000000000000001000000010000000100001000000010001000000000000000
39,E6C4-19,E6C4-19,E6C4,Side,7,718,23.9328,ArchiveInvest manual,False,0,,matches corpus tag,matches repeated corpus observations,000101000001000000010000000100000000000000100100000000000000000000000001000000001
40,E6C4-19,E6C4-19,E6C4,Side,8,724,24.1328,ArchiveInvest manual,False,0,,matches corpus tag,matches repeated corpus observations,100000000000000001000000000000000000000001000100000000000000000010000000000001011
41,E6C4-19,E6C4-19,E6C4,Side,9,730,24.3328,ArchiveInvest manual,False,0,,matches corpus tag,matches repeated corpus observations,000101000010000010010000001000000000001010000100000000000000000000000010000100001
42,E6C4-19,E6C4-19,E6C4,Side,10,736,24.5328,ArchiveInvest manual,False,0,,matches corpus tag,matches repeated corpus observations,000000000101000010000000000100010000000000000000000001100000000000000000000100010
43,E6C4-19,E6C4-19,E6C4,Side,11,742,24.7328,ArchiveInvest manual,False,0,,matches corpus tag,matches repeated corpus observations,100101000000000001100000011000100000001100000000010000000000011000000010000000011
44,E6C4-19,E6C4-19,E6C4,Side,12,749,24.9661,ArchiveInvest manual,False,0,,matches corpus tag,matches repeated corpus observations,010001000110000000000000000000000000000000000000011000000000000010000000000000010
45,E6C4-19,E6C4-19,E6C4,Side,13,754,25.1328,ArchiveInvest manual,False,0,,matches corpus tag,matches repeated corpus observations,010000000000000100010000000100011001001001000000100000000000001000000000001000011
46,E6C4-19,E6C4-19,E6C4,Side,14,760,25.3328,ArchiveInvest manual,False,0,,matches corpus tag,matches repeated corpus observations,000000101100000110000000000000000000000100000000100001000000011000000000000000010
47,E6C4-19,E6C4-19,E6C4,Side,15,766,25.5328,ArchiveInvest manual,False,0,,matches corpus tag,matches repeated corpus observations,000001000011000010000000010100000000001100000000000000000010000000000001000000001
48,E6C4-19,E6C4-19,E6C4,Side,16,772,25.7328,ArchiveInvest manual,False,0,,matches corpus tag,matches repeated corpus observations,011000000000000000000010000000101000001010000000000000000000001010000000000000000
49,E6C4-19,E6C4-19,E6C4,Side,17,778,25.9328,ArchiveInvest manual,False,0,,matches corpus tag,matches repeated corpus observations,001000000000000000100000011000101000000000000000000000100000000100000101000100000
50,E6C4-19,E6C4-19,E6C4,Side,18,786,26.1995,ArchiveInvest manual,False,0,,matches corpus tag,matches repeated corpus observations,000000001100000010000000000100010000000000000000000000000000000000000000000000000
51,E6C4-19,E6C4-19,E6C4,Side,19,791,26.3661,ArchiveInvest manual,False,0,,matches corpus tag,matches repeated corpus observations,000000000001000000010000000000000000000100000000000000000000000001000000000001000
52,E6C4-19,E6C4-19,E6C4,Side,20,796,26.5328,ArchiveInvest manual,False,0,,matches corpus tag,matches repeated corpus observations,100000100001000000000000000000010000001000000000001000000000000100000000010100001
117,E6C4-1G,E6C4-1G,E6C4,Side,1,774,25.7927,ArchiveInvest manual,False,0,,matches corpus tag,matches repeated corpus observations,000000000011000000100000000100010000001010100000000000100000000010000100001000000
118,E6C4-1G,E6C4-1G,E6C4,Side,2,775,25.826,ArchiveInvest manual,False,0,,matches corpus tag,matches repeated corpus observations,000000000000000001000000000000000000000000000000101001000000000000000110000100000
119,E6C4-1G,E6C4-1G,E6C4,Side,3,781,26.026,ArchiveInvest manual,False,0,,matches corpus tag,matches repeated corpus observations,000000000001000100000000010000110000001000000100000001000000000011000000100000001
120,E6C4-1G,E6C4-1G,E6C4,Side,4,787,26.226,ArchiveInvest manual,False,0,,matches corpus tag,matches repeated corpus observations,000100000100000000000010000000100000000010000000100000000000010000000000100001000
121,E6C4-1G,E6C4-1G,E6C4,Side,5,793,26.426,ArchiveInvest manual,False,0,,matches corpus tag,matches repeated corpus observations,000000000101000000010000001100110000000000000100001000000000000100000000000000000
122,E6C4-1G,E6C4-1G,E6C4,Side,6,799,26.626,ArchiveInvest manual,False,0,,matches corpus tag,matches repeated corpus observations,000000000000000000100010001000000000000000000000000000000000001001000010000000010
123,E6C4-1G,E6C4-1G,E6C4,Side,7,805,26.826,ArchiveInvest manual,False,0,,matches corpus tag,matches repeated corpus observations,000000000000000010000000000000000000000000000000000000010000000000000000100000000
124,E6C4-1G,E6C4-1G,E6C4,Side,8,811,27.026,ArchiveInvest manual,False,0,,matches corpus tag,matches repeated corpus observations,000100000100000000000000000000100001000010000000000000010010000000000000010000000
125,E6C4-1G,E6C4-1G,E6C4,Side,9,817,27.226,ArchiveInvest manual,False,0,,matches corpus tag,matches repeated corpus observations,000001000000000010000000000000000000001010000000010000000010000100000000000000000
126,E6C4-1G,E6C4-1G,E6C4,Side,10,823,27.426,ArchiveInvest manual,False,0,,matches corpus tag,matches repeated corpus observations,000000000000000000000000000000000000001000000000100000000000000001000010001000100
112,E6C4-1G,E6C4-1G,E6C4,Side,11,829,27.626,ArchiveInvest manual,False,0,,matches corpus tag,matches repeated corpus observations,000001000000000000000000000000001000000000000100000000000010000000000100000000000
38,E6C4-1G,E6C4-1G,E6C4,Side,12,835,27.826,ArchiveInvest manual,False,0,,matches corpus tag,matches repeated corpus observations,000000000000000000000000000000001000000010000000100001000000010001000000000000000
39,E6C4-1G,E6C4-1G,E6C4,Side,13,841,28.026,ArchiveInvest manual,False,0,,matches corpus tag,matches repeated corpus observations,000101000001000000010000000100000000000000100100000000000000000000000001000000001
40,E6C4-1G,E6C4-1G,E6C4,Side,14,847,28.226,ArchiveInvest manual,False,0,,matches corpus tag,matches repeated corpus observations,100000000000000001000000000000000000000001000100000000000000000010000000000001011
41,E6C4-1G,E6C4-1G,E6C4,Side,15,853,28.426,ArchiveInvest manual,False,0,,matches corpus tag,matches repeated corpus observations,000101000010000010010000001000000000001010000100000000000000000000000010000100001
42,E6C4-1G,E6C4-1G,E6C4,Side,16,859,28.626,ArchiveInvest manual,False,0,,matches corpus tag,matches repeated corpus observations,000000000101000010000000000100010000000000000000000001100000000000000000000100010
43,E6C4-1G,E6C4-1G,E6C4,Side,17,865,28.826,ArchiveInvest manual,False,0,,matches corpus tag,matches repeated corpus observations,100101000000000001100000011000100000001100000000010000000000011000000010000000011
44,E6C4-1G,E6C4-1G,E6C4,Side,18,870,28.9927,ArchiveInvest manual,False,0,,matches corpus tag,matches repeated corpus observations,010001000110000000000000000000000000000000000000011000000000000010000000000000010
45,E6C4-1G,E6C4-1G,E6C4,Side,19,877,29.226,ArchiveInvest manual,False,0,,matches corpus tag,matches repeated corpus observations,010000000000000100010000000100011001001001000000100000000000001000000000001000011
46,E6C4-1G,E6C4-1G,E6C4,Side,20,883,29.426,ArchiveInvest manual,False,0,,matches corpus tag,matches repeated corpus observations,000000101100000110000000000000000000000100000000100001000000011000000000000000010
47,E6C4-1G,E6C4-1G,E6C4,Side,21,889,29.626,ArchiveInvest manual,False,0,,matches corpus tag,matches repeated corpus observations,000001000011000010000000010100000000001100000000000000000010000000000001000000001
48,E6C4-1G,E6C4-1G,E6C4,Side,22,895,29.826,ArchiveInvest manual,False,0,,matches corpus tag,matches repeated corpus observations,011000000000000000000010000000101000001010000000000000000000001010000000000000000
49,E6C4-1G,E6C4-1G,E6C4,Side,23,901,30.026,ArchiveInvest manual,False,0,,matches corpus tag,matches repeated corpus observations,001000000000000000100000011000101000000000000000000000100000000100000101000100000
50,E6C4-1G,E6C4-1G,E6C4,Side,24,907,30.226,ArchiveInvest manual,False,0,,matches corpus tag,matches repeated corpus observations,000000001100000010000000000100010000000000000000000000000000000000000000000000000
51,E6C4-1G,E6C4-1G,E6C4,Side,25,913,30.426,ArchiveInvest manual,False,0,,matches corpus tag,matches repeated corpus observations,000000000001000000010000000000000000000100000000000000000000000001000000000001000
133,E6C4-1G,E6C4-1G,E6C4,Side,26,919,30.626,ArchiveInvest manual,False,0,,matches corpus tag,matches repeated corpus observations,100000100001000000000000000000010000001000000000001000000000000100000000010100000
119,E6C4-1H,E6C4-1H,E6C4,Side,1,844,28.1262,ArchiveInvest manual,False,0,,matches corpus tag,matches repeated corpus observations,000000000001000100000000010000110000001000000100000001000000000011000000100000001
120,E6C4-1H,E6C4-1H,E6C4,Side,2,845,28.1596,ArchiveInvest manual,False,0,,matches corpus tag,matches repeated corpus observations,000100000100000000000010000000100000000010000000100000000000010000000000100001000
121,E6C4-1H,E6C4-1H,E6C4,Side,3,851,28.3596,ArchiveInvest manual,False,0,,matches corpus tag,matches repeated corpus observations,000000000101000000010000001100110000000000000100001000000000000100000000000000000
122,E6C4-1H,E6C4-1H,E6C4,Side,4,857,28.5596,ArchiveInvest manual,False,0,,matches corpus tag,matches repeated corpus observations,000000000000000000100010001000000000000000000000000000000000001001000010000000010
123,E6C4-1H,E6C4-1H,E6C4,Side,5,864,28.7929,ArchiveInvest manual,False,0,,matches corpus tag,matches repeated corpus observations,000000000000000010000000000000000000000000000000000000010000000000000000100000000
124,E6C4-1H,E6C4-1H,E6C4,Side,6,870,28.9929,ArchiveInvest manual,False,0,,matches corpus tag,matches repeated corpus observations,000100000100000000000000000000100001000010000000000000010010000000000000010000000
125,E6C4-1H,E6C4-1H,E6C4,Side,7,875,29.1595,ArchiveInvest manual,False,0,,matches corpus tag,matches repeated corpus observations,000001000000000010000000000000000000001010000000010000000010000100000000000000000
126,E6C4-1H,E6C4-1H,E6C4,Side,8,881,29.3595,ArchiveInvest manual,False,0,,matches corpus tag,matches repeated corpus observations,000000000000000000000000000000000000001000000000100000000000000001000010001000100
112,E6C4-1H,E6C4-1H,E6C4,Side,9,887,29.5595,ArchiveInvest manual,False,0,,matches corpus tag,matches repeated corpus observations,000001000000000000000000000000001000000000000100000000000010000000000100000000000
38,E6C4-1H,E6C4-1H,E6C4,Side,10,893,29.7595,ArchiveInvest manual,False,0,,matches corpus tag,matches repeated corpus observations,000000000000000000000000000000001000000010000000100001000000010001000000000000000
39,E6C4-1H,E6C4-1H,E6C4,Side,11,899,29.9595,ArchiveInvest manual,False,0,,matches corpus tag,matches repeated corpus observations,000101000001000000010000000100000000000000100100000000000000000000000001000000001
40,E6C4-1H,E6C4-1H,E6C4,Side,12,906,30.1929,ArchiveInvest manual,False,0,,matches corpus tag,matches repeated corpus observations,100000000000000001000000000000000000000001000100000000000000000010000000000001011
41,E6C4-1H,E6C4-1H,E6C4,Side,13,912,30.3929,ArchiveInvest manual,False,0,,matches corpus tag,matches repeated corpus observations,000101000010000010010000001000000000001010000100000000000000000000000010000100001
42,E6C4-1H,E6C4-1H,E6C4,Side,14,918,30.5929,ArchiveInvest manual,False,0,,matches corpus tag,matches repeated corpus observations,000000000101000010000000000100010000000000000000000001100000000000000000000100010
43,E6C4-1H,E6C4-1H,E6C4,Side,15,924,30.7929,ArchiveInvest manual,False,0,,matches corpus tag,matches repeated corpus observations,100101000000000001100000011000100000001100000000010000000000011000000010000000011
44,E6C4-1H,E6C4-1H,E6C4,Side,16,930,30.9929,ArchiveInvest manual,False,0,,matches corpus tag,matches repeated corpus observations,010001000110000000000000000000000000000000000000011000000000000010000000000000010
45,E6C4-1H,E6C4-1H,E6C4,Side,17,936,31.1929,ArchiveInvest manual,False,0,,matches corpus tag,matches repeated corpus observations,010000000000000100010000000100011001001001000000100000000000001000000000001000011
46,E6C4-1H,E6C4-1H,E6C4,Side,18,942,31.3929,ArchiveInvest manual,False,0,,matches corpus tag,matches repeated corpus observations,000000101100000110000000000000000000000100000000100001000000011000000000000000010
47,E6C4-1H,E6C4-1H,E6C4,Side,19,948,31.5929,ArchiveInvest manual,False,0,,matches corpus tag,matches repeated corpus observations,000001000011000010000000010100000000001100000000000000000010000000000001000000001
48,E6C4-1H,E6C4-1H,E6C4,Side,20,954,31.7929,ArchiveInvest manual,False,0,,matches corpus tag,matches repeated corpus observations,011000000000000000000010000000101000001010000000000000000000001010000000000000000
49,E6C4-1H,E6C4-1H,E6C4,Side,21,960,31.9929,ArchiveInvest manual,False,0,,matches corpus tag,matches repeated corpus observations,001000000000000000100000011000101000000000000000000000100000000100000101000100000
50,E6C4-1H,E6C4-1H,E6C4,Side,22,966,32.1928,ArchiveInvest manual,False,0,,matches corpus tag,matches repeated corpus observations,000000001100000010000000000100010000000000000000000000000000000000000000000000000
51,E6C4-1H,E6C4-1H,E6C4,Side,23,972,32.3928,ArchiveInvest manual,False,0,,matches corpus tag,matches repeated corpus observations,000000000001000000010000000000000000000100000000000000000000000001000000000001000
52,E6C4-1H,E6C4-1H,E6C4,Side,24,978,32.5928,ArchiveInvest manual,False,0,,matches corpus tag,matches repeated corpus observations,100000100001000000000000000000010000001000000000001000000000000100000000010100001
134,E6C4-2T,E6C4-2T,E6C4,Side,1,865,28.8174,ArchiveInvest manual,False,0,,matches corpus tag,matches repeated corpus observations,110000000000000000000000001000000001000111000000000000100000000000000000000100000
128,E6C4-2T,E6C4-2T,E6C4,Side,2,866,28.8507,ArchiveInvest manual,False,0,,matches corpus tag,matches repeated corpus observations,110000000101000000010000000000000000000000000000010000000010000001000000000000000
117,E6C4-2T,E6C4-2T,E6C4,Side,3,872,29.0507,ArchiveInvest manual,False,0,,matches corpus tag,matches repeated corpus observations,000000000011000000100000000100010000001010100000000000100000000010000100001000000
118,E6C4-2T,E6C4-2T,E6C4,Side,4,880,29.3173,ArchiveInvest manual,False,0,,matches corpus tag,matches repeated corpus observations,000000000000000001000000000000000000000000000000101001000000000000000110000100000
119,E6C4-2T,E6C4-2T,E6C4,Side,5,884,29.4507,ArchiveInvest manual,False,0,,matches corpus tag,matches repeated corpus observations,000000000001000100000000010000110000001000000100000001000000000011000000100000001
120,E6C4-2T,E6C4-2T,E6C4,Side,6,890,29.6507,ArchiveInvest manual,False,0,,matches corpus tag,matches repeated corpus observations,000100000100000000000010000000100000000010000000100000000000010000000000100001000
121,E6C4-2T,E6C4-2T,E6C4,Side,7,896,29.8506,ArchiveInvest manual,False,0,,matches corpus tag,matches repeated corpus observations,000000000101000000010000001100110000000000000100001000000000000100000000000000000
122,E6C4-2T,E6C4-2T,E6C4,Side,8,902,30.0506,ArchiveInvest manual,False,0,,matches corpus tag,matches repeated corpus observations,000000000000000000100010001000000000000000000000000000000000001001000010000000010
122,E6C4-2T,E6C4-2T,E6C4,Side,9,902,30.0506,ArchiveInvest manual,False,0,,matches corpus tag,matches repeated corpus observations,000000000000000000100010001000000000000000000000000000000000001001000010000000010
123,E6C4-2T,E6C4-2T,E6C4,Side,10,908,30.2506,ArchiveInvest manual,False,0,,matches corpus tag,matches repeated corpus observations,000000000000000010000000000000000000000000000000000000010000000000000000100000000
124,E6C4-2T,E6C4-2T,E6C4,Side,11,914,30.4506,ArchiveInvest manual,False,0,,matches corpus tag,matches repeated corpus observations,000100000100000000000000000000100001000010000000000000010010000000000000010000000
126,E6C4-2T,E6C4-2T,E6C4,Side,12,926,30.8506,ArchiveInvest manual,False,0,,matches corpus tag,matches repeated corpus observations,000000000000000000000000000000000000001000000000100000000000000001000010001000100
112,E6C4-2T,E6C4-2T,E6C4,Side,13,932,31.0506,ArchiveInvest manual,False,0,,matches corpus tag,matches repeated corpus observations,000001000000000000000000000000001000000000000100000000000010000000000100000000000
38,E6C4-2T,E6C4-2T,E6C4,Side,14,938,31.2506,ArchiveInvest manual,False,0,,matches corpus tag,matches repeated corpus observations,000000000000000000000000000000001000000010000000100001000000010001000000000000000
39,E6C4-2T,E6C4-2T,E6C4,Side,15,944,31.4506,ArchiveInvest manual,False,0,,matches corpus tag,matches repeated corpus observations,000101000001000000010000000100000000000000100100000000000000000000000001000000001
40,E6C4-2T,E6C4-2T,E6C4,Side,16,950,31.6506,ArchiveInvest manual,False,0,,matches corpus tag,matches repeated corpus observations,100000000000000001000000000000000000000001000100000000000000000010000000000001011
41,E6C4-2T,E6C4-2T,E6C4,Side,17,956,31.8506,ArchiveInvest manual,False,0,,matches corpus tag,matches repeated corpus observations,000101000010000010010000001000000000001010000100000000000000000000000010000100001
42,E6C4-2T,E6C4-2T,E6C4,Side,18,962,32.0506,ArchiveInvest manual,False,0,,matches corpus tag,matches repeated corpus observations,000000000101000010000000000100010000000000000000000001100000000000000000000100010
43,E6C4-2T,E6C4-2T,E6C4,Side,19,968,32.2506,ArchiveInvest manual,False,0,,matches corpus tag,matches repeated corpus observations,100101000000000001100000011000100000001100000000010000000000011000000010000000011
44,E6C4-2T,E6C4-2T,E6C4,Side,20,974,32.4506,ArchiveInvest manual,False,0,,matches corpus tag,matches repeated corpus observations,010001000110000000000000000000000000000000000000011000000000000010000000000000010
45,E6C4-2T,E6C4-2T,E6C4,Side,21,980,32.6506,ArchiveInvest manual,False,0,,matches corpus tag,matches repeated corpus observations,010000000000000100010000000100011001001001000000100000000000001000000000001000011
46,E6C4-2T,E6C4-2T,E6C4,Side,22,986,32.8506,ArchiveInvest manual,False,0,,matches corpus tag,matches repeated corpus observations,000000101100000110000000000000000000000100000000100001000000011000000000000000010
47,E6C4-2T,E6C4-2T,E6C4,Side,23,992,33.0506,ArchiveInvest manual,False,0,,matches corpus tag,matches repeated corpus observations,000001000011000010000000010100000000001100000000000000000010000000000001000000001
48,E6C4-2T,E6C4-2T,E6C4,Side,24,998,33.2506,ArchiveInvest manual,False,0,,matches corpus tag,matches repeated corpus observations,011000000000000000000010000000101000001010000000000000000000001010000000000000000
49,E6C4-2T,E6C4-2T,E6C4,Side,25,1004,33.4506,ArchiveInvest manual,False,0,,matches corpus tag,matches repeated corpus observations,001000000000000000100000011000101000000000000000000000100000000100000101000100000
50,E6C4-2T,E6C4-2T,E6C4,Side,26,1010,33.6506,ArchiveInvest manual,False,0,,matches corpus tag,matches repeated corpus observations,000000001100000010000000000100010000000000000000000000000000000000000000000000000
51,E6C4-2T,E6C4-2T,E6C4,Side,27,1017,33.8839,ArchiveInvest manual,False,0,,matches corpus tag,matches repeated corpus observations,000000000001000000010000000000000000000100000000000000000000000001000000000001000
52,E6C4-2T,E6C4-2T,E6C4,Side,28,1022,34.0506,ArchiveInvest manual,False,0,,matches corpus tag,matches repeated corpus observations,100000100001000000000000000000010000001000000000001000000000000100000000010100001
117,E6C4-2T [local capture],E6C4-2T,E6C4,Side,1,884,29.4667,FFmpeg automatic extraction,True,2,0.1796,automatic nearest glyph,provisional automatic read,000000000011000000100000000000010000001010100000000000000000000010000100001000000
118,E6C4-2T [local capture],E6C4-2T,E6C4,Side,2,890,29.6667,FFmpeg automatic extraction,True,1,0.1936,automatic nearest glyph,provisional automatic read,000000000000000000000000000000000000000000000000101001000000000000000110000100000
119,E6C4-2T [local capture],E6C4-2T,E6C4,Side,3,896,29.8667,FFmpeg automatic extraction,True,3,0.2064,automatic nearest glyph,provisional automatic read,000000000001000100000000010000110000001000000000000001000000000011000000000000000
120,E6C4-2T [local capture],E6C4-2T,E6C4,Side,4,902,30.0667,FFmpeg automatic extraction,True,2,0.2131,automatic nearest glyph,provisional automatic read,000100000000000000000010000000100000000010000000100000000000010000000000000001000
121,E6C4-2T [local capture],E6C4-2T,E6C4,Side,5,908,30.2667,FFmpeg automatic extraction,True,1,0.1384,automatic nearest glyph,provisional automatic read,000000000101000000010000001100110000000000000100001000000000000000000000000000000
122,E6C4-2T [local capture],E6C4-2T,E6C4,Side,6,914,30.4667,FFmpeg automatic extraction,True,1,0.2231,automatic nearest glyph,provisional automatic read,000000000000000000100010001000000000000000000000000000000000001001000010000000000
123,E6C4-2T [local capture],E6C4-2T,E6C4,Side,7,920,30.6667,FFmpeg automatic extraction,True,0,0.2074,automatic nearest glyph,provisional automatic read,000000000000000010000000000000000000000000000000000000010000000000000000100000000
124,E6C4-2T [local capture],E6C4-2T,E6C4,Side,8,926,30.8667,FFmpeg automatic extraction,True,2,0.1704,automatic nearest glyph,provisional automatic read,000100000000000000000000000000100001000010000000000000010010000000000000000000000
125,E6C4-2T [local capture],E6C4-2T,E6C4,Side,9,932,31.0667,FFmpeg automatic extraction,True,0,0.1971,automatic nearest glyph,provisional automatic read,000001000000000010000000000000000000001010000000010000000010000100000000000000000
126,E6C4-2T [local capture],E6C4-2T,E6C4,Side,10,938,31.2667,FFmpeg automatic extraction,True,0,0.2066,automatic nearest glyph,provisional automatic read,000000000000000000000000000000000000001000000000100000000000000001000010001000100
112,E6C4-2T [local capture],E6C4-2T,E6C4,Side,11,944,31.4667,FFmpeg automatic extraction,True,0,0.2026,automatic nearest glyph,provisional automatic read,000001000000000000000000000000001000000000000100000000000010000000000100000000000
38,E6C4-2T [local capture],E6C4-2T,E6C4,Side,12,950,31.6667,FFmpeg automatic extraction,True,0,0.2115,automatic nearest glyph,provisional automatic read,000000000000000000000000000000001000000010000000100001000000010001000000000000000
39,E6C4-2T [local capture],E6C4-2T,E6C4,Side,13,956,31.8667,FFmpeg automatic extraction,True,2,0.1985,automatic nearest glyph,provisional automatic read,000101000001000000010000000100000000000000100100000000000000000000000000000000000
131,E6C4-2T [local capture],E6C4-2T,E6C4,Side,14,962,32.0667,FFmpeg automatic extraction,True,2,0.1897,automatic nearest glyph,provisional automatic read,100000000000000000000000000000000000000001000100000000000000000010000000000001000
41,E6C4-2T [local capture],E6C4-2T,E6C4,Side,15,968,32.2667,FFmpeg automatic extraction,True,1,0.2003,automatic nearest glyph,provisional automatic read,000101000010000010010000001000000000001010000100000000000000000000000010000100000
42,E6C4-2T [local capture],E6C4-2T,E6C4,Side,16,974,32.4667,FFmpeg automatic extraction,True,1,0.179,automatic nearest glyph,provisional automatic read,000000000101000010000000000100010000000000000000000001100000000000000000000100000
43,E6C4-2T [local capture],E6C4-2T,E6C4,Side,17,980,32.6667,FFmpeg automatic extraction,True,2,0.1832,automatic nearest glyph,provisional automatic read,100101000000000000100000011000100000001100000000010000000000011000000010000000010
44,E6C4-2T [local capture],E6C4-2T,E6C4,Side,18,986,32.8667,FFmpeg automatic extraction,True,2,0.2072,automatic nearest glyph,provisional automatic read,010001000010000000000000000000000000000000000000011000000000000010000000000000000
45,E6C4-2T [local capture],E6C4-2T,E6C4,Side,19,992,33.0667,FFmpeg automatic extraction,True,2,0.2066,automatic nearest glyph,provisional automatic read,010000000000000100010000000100011001001001000000100000000000001000000000001000000
46,E6C4-2T [local capture],E6C4-2T,E6C4,Side,20,998,33.2667,FFmpeg automatic extraction,True,0,0.1694,automatic nearest glyph,provisional automatic read,000000101100000110000000000000000000000100000000100001000000011000000000000000010
47,E6C4-2T [local capture],E6C4-2T,E6C4,Side,21,1004,33.4667,FFmpeg automatic extraction,True,1,0.1877,automatic nearest glyph,provisional automatic read,000001000011000010000000010100000000001100000000000000000010000000000001000000000
48,E6C4-2T [local capture],E6C4-2T,E6C4,Side,22,1010,33.6667,FFmpeg automatic extraction,True,0,0.2022,automatic nearest glyph,provisional automatic read,011000000000000000000010000000101000001010000000000000000000001010000000000000000
49,E6C4-2T [local capture],E6C4-2T,E6C4,Side,23,1016,33.8667,FFmpeg automatic extraction,True,2,0.1675,automatic nearest glyph,provisional automatic read,001000000000000000100000011000101000000000000000000000100000000000000100000100000
50,E6C4-2T [local capture],E6C4-2T,E6C4,Side,24,1022,34.0667,FFmpeg automatic extraction,True,0,0.1903,automatic nearest glyph,provisional automatic read,000000001100000010000000000100010000000000000000000000000000000000000000000000000
51,E6C4-2T [local capture],E6C4-2T,E6C4,Side,25,1028,34.2667,FFmpeg automatic extraction,True,0,0.1975,automatic nearest glyph,provisional automatic read,000000000001000000010000000000000000000100000000000000000000000001000000000001000
52,E6C4-2T [local capture],E6C4-2T,E6C4,Side,26,1031,34.3667,FFmpeg automatic extraction,True,0,0.179,automatic nearest glyph,provisional automatic read,100000100001000000000000000000010000001000000000001000000000000100000000010100001
134,E6C4-30,E6C4-30,E6C4,Side,1,743,24.7629,ArchiveInvest manual,False,0,,matches corpus tag,matches repeated corpus observations,110000000000000000000000001000000001000111000000000000100000000000000000000100000
128,E6C4-30,E6C4-30,E6C4,Side,2,749,24.9629,ArchiveInvest manual,False,0,,matches corpus tag,matches repeated corpus observations,110000000101000000010000000000000000000000000000010000000010000001000000000000000
117,E6C4-30,E6C4-30,E6C4,Side,3,750,24.9962,ArchiveInvest manual,False,0,,matches corpus tag,matches repeated corpus observations,000000000011000000100000000100010000001010100000000000100000000010000100001000000
118,E6C4-30,E6C4-30,E6C4,Side,4,756,25.1962,ArchiveInvest manual,False,0,,matches corpus tag,matches repeated corpus observations,000000000000000001000000000000000000000000000000101001000000000000000110000100000
118,E6C4-30,E6C4-30,E6C4,Side,5,756,25.1962,ArchiveInvest manual,False,0,,matches corpus tag,matches repeated corpus observations,000000000000000001000000000000000000000000000000101001000000000000000110000100000
119,E6C4-30,E6C4-30,E6C4,Side,6,767,25.5628,ArchiveInvest manual,False,0,,matches corpus tag,matches repeated corpus observations,000000000001000100000000010000110000001000000100000001000000000011000000100000001
120,E6C4-30,E6C4-30,E6C4,Side,7,773,25.7628,ArchiveInvest manual,False,0,,matches corpus tag,matches repeated corpus observations,000100000100000000000010000000100000000010000000100000000000010000000000100001000
121,E6C4-30,E6C4-30,E6C4,Side,8,775,25.8295,ArchiveInvest manual,False,0,,matches corpus tag,matches repeated corpus observations,000000000101000000010000001100110000000000000100001000000000000100000000000000000
122,E6C4-30,E6C4-30,E6C4,Side,9,780,25.9962,ArchiveInvest manual,False,0,,matches corpus tag,matches repeated corpus observations,000000000000000000100010001000000000000000000000000000000000001001000010000000010
123,E6C4-30,E6C4-30,E6C4,Side,10,786,26.1961,ArchiveInvest manual,False,0,,matches corpus tag,matches repeated corpus observations,000000000000000010000000000000000000000000000000000000010000000000000000100000000
124,E6C4-30,E6C4-30,E6C4,Side,11,792,26.3961,ArchiveInvest manual,False,0,,matches corpus tag,matches repeated corpus observations,000100000100000000000000000000100001000010000000000000010010000000000000010000000
125,E6C4-30,E6C4-30,E6C4,Side,12,798,26.5961,ArchiveInvest manual,False,0,,matches corpus tag,matches repeated corpus observations,000001000000000010000000000000000000001010000000010000000010000100000000000000000
126,E6C4-30,E6C4-30,E6C4,Side,13,804,26.7961,ArchiveInvest manual,False,0,,matches corpus tag,matches repeated corpus observations,000000000000000000000000000000000000001000000000100000000000000001000010001000100
112,E6C4-30,E6C4-30,E6C4,Side,14,810,26.9961,ArchiveInvest manual,False,0,,matches corpus tag,matches repeated corpus observations,000001000000000000000000000000001000000000000100000000000010000000000100000000000
38,E6C4-30,E6C4-30,E6C4,Side,15,816,27.1961,ArchiveInvest manual,False,0,,matches corpus tag,matches repeated corpus observations,000000000000000000000000000000001000000010000000100001000000010001000000000000000
39,E6C4-30,E6C4-30,E6C4,Side,16,822,27.3961,ArchiveInvest manual,False,0,,matches corpus tag,matches repeated corpus observations,000101000001000000010000000100000000000000100100000000000000000000000001000000001
40,E6C4-30,E6C4-30,E6C4,Side,17,828,27.5961,ArchiveInvest manual,False,0,,matches corpus tag,matches repeated corpus observations,100000000000000001000000000000000000000001000100000000000000000010000000000001011
41,E6C4-30,E6C4-30,E6C4,Side,18,834,27.7961,ArchiveInvest manual,False,0,,matches corpus tag,matches repeated corpus observations,000101000010000010010000001000000000001010000100000000000000000000000010000100001
42,E6C4-30,E6C4-30,E6C4,Side,19,840,27.9961,ArchiveInvest manual,False,0,,matches corpus tag,matches repeated corpus observations,000000000101000010000000000100010000000000000000000001100000000000000000000100010
43,E6C4-30,E6C4-30,E6C4,Side,20,846,28.1961,ArchiveInvest manual,False,0,,matches corpus tag,matches repeated corpus observations,100101000000000001100000011000100000001100000000010000000000011000000010000000011
44,E6C4-30,E6C4-30,E6C4,Side,21,852,28.3961,ArchiveInvest manual,False,0,,matches corpus tag,matches repeated corpus observations,010001000110000000000000000000000000000000000000011000000000000010000000000000010
45,E6C4-30,E6C4-30,E6C4,Side,22,858,28.5961,ArchiveInvest manual,False,0,,matches corpus tag,matches repeated corpus observations,010000000000000100010000000100011001001001000000100000000000001000000000001000011
46,E6C4-30,E6C4-30,E6C4,Side,23,864,28.7961,ArchiveInvest manual,False,0,,matches corpus tag,matches repeated corpus observations,000000101100000110000000000000000000000100000000100001000000011000000000000000010
47,E6C4-30,E6C4-30,E6C4,Side,24,869,28.9628,ArchiveInvest manual,False,0,,matches corpus tag,matches repeated corpus observations,000001000011000010000000010100000000001100000000000000000010000000000001000000001
48,E6C4-30,E6C4-30,E6C4,Side,25,876,29.1961,ArchiveInvest manual,False,0,,matches corpus tag,matches repeated corpus observations,011000000000000000000010000000101000001010000000000000000000001010000000000000000
49,E6C4-30,E6C4-30,E6C4,Side,26,882,29.3961,ArchiveInvest manual,False,0,,matches corpus tag,matches repeated corpus observations,001000000000000000100000011000101000000000000000000000100000000100000101000100000
50,E6C4-30,E6C4-30,E6C4,Side,27,888,29.5961,ArchiveInvest manual,False,0,,matches corpus tag,matches repeated corpus observations,000000001100000010000000000100010000000000000000000000000000000000000000000000000
51,E6C4-30,E6C4-30,E6C4,Side,28,894,29.7961,ArchiveInvest manual,False,0,,matches corpus tag,matches repeated corpus observations,000000000001000000010000000000000000000100000000000000000000000001000000000001000
52,E6C4-30,E6C4-30,E6C4,Side,29,900,29.9961,ArchiveInvest manual,False,0,,matches corpus tag,matches repeated corpus observations,100000100001000000000000000000010000001000000000001000000000000100000000010100001
67,E6C4-30 [local capture],E6C4-30,E6C4,Side,1,756,25.2,FFmpeg automatic extraction,True,3,0.2056,automatic nearest glyph,provisional automatic read,000000000000000000000000000000000000000000000000000000000000000000000100000000000
67,E6C4-30 [local capture],E6C4-30,E6C4,Side,2,762,25.4,FFmpeg automatic extraction,True,6,0.2225,automatic nearest glyph,provisional automatic read,000000000000000000000000010000110000001000000000000000000000000011000000000000000
120,E6C4-30 [local capture],E6C4-30,E6C4,Side,3,768,25.6,FFmpeg automatic extraction,True,3,0.2301,automatic nearest glyph,provisional automatic read,000100000000000000000010000000100000000000000000100000000000010000000000000001000
121,E6C4-30 [local capture],E6C4-30,E6C4,Side,4,774,25.8,FFmpeg automatic extraction,True,2,0.1612,automatic nearest glyph,provisional automatic read,000000000001000000010000001100110000000000000100000000000000000100000000000000000
122,E6C4-30 [local capture],E6C4-30,E6C4,Side,5,780,26.0,FFmpeg automatic extraction,True,2,0.2323,automatic nearest glyph,provisional automatic read,000000000000000000100010001000000000000000000000000000000000000001000010000000000
123,E6C4-30 [local capture],E6C4-30,E6C4,Side,6,786,26.2,FFmpeg automatic extraction,True,2,0.2009,automatic nearest glyph,provisional automatic read,000000000000000000000000000000000000000000000000000000010000000000000000000000000
124,E6C4-30 [local capture],E6C4-30,E6C4,Side,7,792,26.4,FFmpeg automatic extraction,True,3,0.182,automatic nearest glyph,provisional automatic read,000100000000000000000000000000100001000010000000000000010000000000000000000000000
125,E6C4-30 [local capture],E6C4-30,E6C4,Side,8,798,26.6,FFmpeg automatic extraction,True,1,0.1985,automatic nearest glyph,provisional automatic read,000001000000000010000000000000000000001010000000010000000010000000000000000000000
126,E6C4-30 [local capture],E6C4-30,E6C4,Side,9,804,26.8,FFmpeg automatic extraction,True,0,0.2131,automatic nearest glyph,provisional automatic read,000000000000000000000000000000000000001000000000100000000000000001000010001000100
112,E6C4-30 [local capture],E6C4-30,E6C4,Side,10,810,27.0,FFmpeg automatic extraction,True,0,0.2042,automatic nearest glyph,provisional automatic read,000001000000000000000000000000001000000000000100000000000010000000000100000000000
38,E6C4-30 [local capture],E6C4-30,E6C4,Side,11,816,27.2,FFmpeg automatic extraction,True,0,0.2127,automatic nearest glyph,provisional automatic read,000000000000000000000000000000001000000010000000100001000000010001000000000000000
39,E6C4-30 [local capture],E6C4-30,E6C4,Side,12,822,27.4,FFmpeg automatic extraction,True,2,0.1946,automatic nearest glyph,provisional automatic read,000101000001000000010000000100000000000000100100000000000000000000000000000000000
40,E6C4-30 [local capture],E6C4-30,E6C4,Side,13,828,27.6,FFmpeg automatic extraction,True,2,0.1832,automatic nearest glyph,provisional automatic read,100000000000000001000000000000000000000001000100000000000000000010000000000001000
41,E6C4-30 [local capture],E6C4-30,E6C4,Side,14,834,27.8,FFmpeg automatic extraction,True,1,0.1936,automatic nearest glyph,provisional automatic read,000101000010000010010000001000000000001010000100000000000000000000000010000100000
42,E6C4-30 [local capture],E6C4-30,E6C4,Side,15,840,28.0,FFmpeg automatic extraction,True,1,0.1696,automatic nearest glyph,provisional automatic read,000000000101000010000000000100010000000000000000000001100000000000000000000100000
43,E6C4-30 [local capture],E6C4-30,E6C4,Side,16,846,28.2,FFmpeg automatic extraction,True,3,0.173,automatic nearest glyph,provisional automatic read,100101000000000000100000011000100000001100000000010000000000011000000010000000000
44,E6C4-30 [local capture],E6C4-30,E6C4,Side,17,852,28.4,FFmpeg automatic extraction,True,2,0.1899,automatic nearest glyph,provisional automatic read,000001000110000000000000000000000000000000000000011000000000000010000000000000000
45,E6C4-30 [local capture],E6C4-30,E6C4,Side,18,858,28.6,FFmpeg automatic extraction,True,2,0.192,automatic nearest glyph,provisional automatic read,010000000000000100010000000100011001001001000000100000000000001000000000001000000
46,E6C4-30 [local capture],E6C4-30,E6C4,Side,19,864,28.8,FFmpeg automatic extraction,True,1,0.1627,automatic nearest glyph,provisional automatic read,000000101100000110000000000000000000000100000000100001000000011000000000000000000
47,E6C4-30 [local capture],E6C4-30,E6C4,Side,20,870,29.0,FFmpeg automatic extraction,True,1,0.1942,automatic nearest glyph,provisional automatic read,000001000011000010000000010100000000001100000000000000000010000000000000000000001
48,E6C4-30 [local capture],E6C4-30,E6C4,Side,21,876,29.2,FFmpeg automatic extraction,True,0,0.1806,automatic nearest glyph,provisional automatic read,011000000000000000000010000000101000001010000000000000000000001010000000000000000
49,E6C4-30 [local capture],E6C4-30,E6C4,Side,22,882,29.4,FFmpeg automatic extraction,True,2,0.1804,automatic nearest glyph,provisional automatic read,001000000000000000100000011000101000000000000000000000100000000000000100000100000
50,E6C4-30 [local capture],E6C4-30,E6C4,Side,23,888,29.6,FFmpeg automatic extraction,True,0,0.1989,automatic nearest glyph,provisional automatic read,000000001100000010000000000100010000000000000000000000000000000000000000000000000
51,E6C4-30 [local capture],E6C4-30,E6C4,Side,24,894,29.8,FFmpeg automatic extraction,True,0,0.191,automatic nearest glyph,provisional automatic read,000000000001000000010000000000000000000100000000000000000000000001000000000001000
133,E6C4-30 [local capture],E6C4-30,E6C4,Side,25,897,29.9,FFmpeg automatic extraction,True,1,0.1716,automatic nearest glyph,provisional automatic read,100000100001000000000000000000010000001000000000001000000000000000000000010100000
125,E6C4-35,E6C4-35,E6C4,Bridge,1,57,1.9039,ArchiveInvest manual,False,0,,matches corpus tag,matches repeated corpus observations,000001000000000010000000000000000000001010000000010000000010000100000000000000000
126,E6C4-35,E6C4-35,E6C4,Bridge,2,58,1.9373,ArchiveInvest manual,False,0,,matches corpus tag,matches repeated corpus observations,000000000000000000000000000000000000001000000000100000000000000001000010001000100
112,E6C4-35,E6C4-35,E6C4,Bridge,3,69,2.3038,ArchiveInvest manual,False,0,,matches corpus tag,matches repeated corpus observations,000001000000000000000000000000001000000000000100000000000010000000000100000000000
38,E6C4-35,E6C4-35,E6C4,Bridge,4,69,2.3038,ArchiveInvest manual,False,0,,matches corpus tag,matches repeated corpus observations,000000000000000000000000000000001000000010000000100001000000010001000000000000000
39,E6C4-35,E6C4-35,E6C4,Bridge,5,75,2.5038,ArchiveInvest manual,False,0,,matches corpus tag,matches repeated corpus observations,000101000001000000010000000100000000000000100100000000000000000000000001000000001
40,E6C4-35,E6C4-35,E6C4,Bridge,6,81,2.7037,ArchiveInvest manual,False,0,,matches corpus tag,matches repeated corpus observations,100000000000000001000000000000000000000001000100000000000000000010000000000001011
41,E6C4-35,E6C4-35,E6C4,Bridge,7,88,2.9371,ArchiveInvest manual,False,0,,matches corpus tag,matches repeated corpus observations,000101000010000010010000001000000000001010000100000000000000000000000010000100001
42,E6C4-35,E6C4-35,E6C4,Bridge,8,94,3.1371,ArchiveInvest manual,False,0,,matches corpus tag,matches repeated corpus observations,000000000101000010000000000100010000000000000000000001100000000000000000000100010
43,E6C4-35,E6C4-35,E6C4,Bridge,9,102,3.4037,ArchiveInvest manual,False,0,,matches corpus tag,matches repeated corpus observations,100101000000000001100000011000100000001100000000010000000000011000000010000000011
44,E6C4-35,E6C4-35,E6C4,Bridge,10,105,3.5037,ArchiveInvest manual,False,0,,matches corpus tag,matches repeated corpus observations,010001000110000000000000000000000000000000000000011000000000000010000000000000010
45,E6C4-35,E6C4-35,E6C4,Bridge,11,112,3.737,ArchiveInvest manual,False,0,,matches corpus tag,matches repeated corpus observations,010000000000000100010000000100011001001001000000100000000000001000000000001000011
46,E6C4-35,E6C4-35,E6C4,Bridge,12,118,3.937,ArchiveInvest manual,False,0,,matches corpus tag,matches repeated corpus observations,000000101100000110000000000000000000000100000000100001000000011000000000000000010
47,E6C4-35,E6C4-35,E6C4,Bridge,13,123,4.1037,ArchiveInvest manual,False,0,,matches corpus tag,matches repeated corpus observations,000001000011000010000000010100000000001100000000000000000010000000000001000000001
48,E6C4-35,E6C4-35,E6C4,Bridge,14,129,4.3037,ArchiveInvest manual,False,0,,matches corpus tag,matches repeated corpus observations,011000000000000000000010000000101000001010000000000000000000001010000000000000000
49,E6C4-35,E6C4-35,E6C4,Bridge,15,135,4.5037,ArchiveInvest manual,False,0,,matches corpus tag,matches repeated corpus observations,001000000000000000100000011000101000000000000000000000100000000100000101000100000
50,E6C4-35,E6C4-35,E6C4,Bridge,16,141,4.7037,ArchiveInvest manual,False,0,,matches corpus tag,matches repeated corpus observations,000000001100000010000000000100010000000000000000000000000000000000000000000000000
51,E6C4-35,E6C4-35,E6C4,Bridge,17,148,4.937,ArchiveInvest manual,False,0,,matches corpus tag,matches repeated corpus observations,000000000001000000010000000000000000000100000000000000000000000001000000000001000
52,E6C4-35,E6C4-35,E6C4,Bridge,18,154,5.137,ArchiveInvest manual,False,0,,matches corpus tag,matches repeated corpus observations,100000100001000000000000000000010000001000000000001000000000000100000000010100001
53,E6C4-35,E6C4-35,E6C4,Bridge,19,159,5.3037,ArchiveInvest manual,False,0,,matches corpus tag,matches repeated corpus observations,001000000001000000100000010100000000000000000000000000100000000001000000000000000
54,E6C4-35,E6C4-35,E6C4,Bridge,20,165,5.5037,ArchiveInvest manual,False,0,,matches corpus tag,matches repeated corpus observations,000001000010000000000000010000100000001000000000100000010000000000000010001000111
55,E6C4-35,E6C4-35,E6C4,Bridge,21,171,5.7037,ArchiveInvest manual,False,0,,matches corpus tag,matches repeated corpus observations,000000000000000000000000001100010000000000000000000000000000000000000000011000100
56,E6C4-35,E6C4-35,E6C4,Bridge,22,179,5.9703,ArchiveInvest manual,False,0,,matches corpus tag,matches repeated corpus observations,000000100000000001100000001000000000000100000000000000100000000010000000001000000
58,E6C4-35,E6C4-35,E6C4,Bridge,23,190,6.337,ArchiveInvest manual,False,0,,matches corpus tag,matches repeated corpus observations,001001000000000001000000000000110000000000000100010000000000000000000000000000011
59,E6C4-35,E6C4-35,E6C4,Bridge,24,196,6.537,ArchiveInvest manual,False,0,,matches corpus tag,matches repeated corpus observations,001000000001000010000000001000000000000000100000000000000000000000000000000000000
60,E6C4-35,E6C4-35,E6C4,Bridge,25,201,6.7037,ArchiveInvest manual,False,0,,matches corpus tag,matches repeated corpus observations,000000000000000001000000000100110000000000000000010000100000010000000000000001010
61,E6C4-35,E6C4-35,E6C4,Bridge,26,207,6.9037,ArchiveInvest manual,False,0,,matches corpus tag,matches repeated corpus observations,000100100000000000000000000000101000000010000000000000000010000100000000001000100
62,E6C4-35,E6C4-35,E6C4,Bridge,27,214,7.137,ArchiveInvest manual,False,0,,matches corpus tag,matches repeated corpus observations,000100101000000000010010000000001000001010100100100000000000010000000000000000010
63,E6C4-35,E6C4-35,E6C4,Bridge,28,219,7.3036,ArchiveInvest manual,False,0,,matches corpus tag,matches repeated corpus observations,000100000010000000010010001000010000000001000000010000000000000000000000110000001
64,E6C4-35,E6C4-35,E6C4,Bridge,29,225,7.5036,ArchiveInvest manual,False,0,,matches corpus tag,matches repeated corpus observations,000000100000000000000000000100100000000000100000000000000010010000000101010000100
65,E6C4-35,E6C4-35,E6C4,Bridge,30,232,7.737,ArchiveInvest manual,False,0,,matches corpus tag,matches repeated corpus observations,000000000000000001100000001000001000000000100000100000000000000000000010001100000
66,E6C4-35,E6C4-35,E6C4,Bridge,31,238,7.937,ArchiveInvest manual,False,0,,matches corpus tag,matches repeated corpus observations,000001100101000001000000000000010000001000000000001000000000000010000001000000010
67,E6C4-35,E6C4-35,E6C4,Bridge,32,243,8.1036,ArchiveInvest manual,False,0,,matches corpus tag,matches repeated corpus observations,000000000000000000000000000000010000000000000100000000000000000000000000000000000
135,E6C4-35,E6C4-35,E6C4,Bridge,33,249,8.3036,ArchiveInvest manual,False,0,,matches corpus tag,matches repeated corpus observations,000000000001000000000010000100000001000000000000000000000000000001000000010001000
136,E6C4-35,E6C4-35,E6C4,Bridge,34,255,8.5036,ArchiveInvest manual,False,0,,matches corpus tag,matches repeated corpus observations,000000000100000000110010001100000000000000000000000000100000000000000001100001100
137,E6C4-35,E6C4-35,E6C4,Bridge,35,261,8.7036,ArchiveInvest manual,False,0,,matches corpus tag,matches repeated corpus observations,000001000001000010000000001000101001000010000000000000000000000010000100000000101
138,E6C4-35,E6C4-35,E6C4,Bridge,36,268,8.937,ArchiveInvest manual,False,0,,matches corpus tag,matches repeated corpus observations,000000000000000010000000000000000000000010000100100000000000000000000010000000000
139,E6C4-35,E6C4-35,E6C4,Bridge,37,272,9.0703,ArchiveInvest manual,False,0,,matches corpus tag,matches repeated corpus observations,000100100000000000000000000000011000000110000000000000100000000000000000000000100
140,E6C4-35,E6C4-35,E6C4,Bridge,38,280,9.337,ArchiveInvest manual,False,0,,matches corpus tag,multi-frame audited,010000001000000000010010000000001000000010000000001000100000010001000000000000000
141,E6C4-35,E6C4-35,E6C4,Bridge,39,286,9.537,ArchiveInvest manual,False,0,,matches corpus tag,matches repeated corpus observations,000000001000000010000010000000000000000010000100000000100000000000000000001000000
142,E6C4-35,E6C4-35,E6C4,Bridge,40,292,9.737,ArchiveInvest manual,False,0,,matches corpus tag,matches repeated corpus observations,000000000000000010010010001100000000000000100000011000000000001000000100000000000
143,E6C4-35,E6C4-35,E6C4,Bridge,41,298,9.9369,ArchiveInvest manual,False,0,,matches corpus tag,matches repeated corpus observations,000000000100000110000000000000100000001000000000010000100000000110000101100000101
144,E6C4-35,E6C4-35,E6C4,Bridge,42,303,10.1036,ArchiveInvest manual,False,0,,matches corpus tag,matches repeated corpus observations,000000000000000100010000000100010000001000100000000000010000000010000000010000010
145,E6C4-35,E6C4-35,E6C4,Bridge,43,310,10.3369,ArchiveInvest manual,False,0,,matches corpus tag,single-source corpus entry; unverified,000000000000000000100010000000100000000000000000000000010000001100000001100000100
1,E6C4-35,E6C4-35,E6C4,Bridge,44,316,10.5369,ArchiveInvest manual,False,0,,matches corpus tag,matches repeated corpus observations,000100110100000101000010000000100000000100000000000000100000000001000010001000010
2,E6C4-35,E6C4-35,E6C4,Bridge,45,321,10.7036,ArchiveInvest manual,False,0,,matches corpus tag,matches repeated corpus observations,010000000010000100000000010000000000000010100000000000010000000000000000010000001
3,E6C4-35,E6C4-35,E6C4,Bridge,46,328,10.9369,ArchiveInvest manual,False,0,,matches corpus tag,matches repeated corpus observations,000000000000000000010000010000000000000100000100101001010000000011000000000000001
4,E6C4-35,E6C4-35,E6C4,Bridge,47,334,11.1369,ArchiveInvest manual,False,0,,matches corpus tag,matches repeated corpus observations,000001001000000010000000000000010000000000000000000000010010000001000001000100000
5,E6C4-35,E6C4-35,E6C4,Bridge,48,340,11.3369,ArchiveInvest manual,False,0,,matches corpus tag,matches repeated corpus observations,100001000000000000000000000000000000000010000000000000010000000000000000000000000
81,E6C4-V,E6C4-V,E6C4,Sparse,1,636,21.216,ArchiveInvest manual,False,0,,matches corpus tag,matches repeated corpus observations,000000000000000000000010000000010000000011000000000000100000000001000000100001000
82,E6C4-V,E6C4-V,E6C4,Sparse,2,642,21.416,ArchiveInvest manual,False,0,,matches corpus tag,matches repeated corpus observations,001000010000000010000000001000000000000001000100000001010010000000000010000001110
113,E6C4-V,E6C4-V,E6C4,Sparse,3,643,21.4493,ArchiveInvest manual,False,0,,matches corpus tag,single-source corpus entry; unverified,000000000001000000000000000000000000000000100000000000000000011001000101000000000
114,E6C4-V,E6C4-V,E6C4,Sparse,4,654,21.816,ArchiveInvest manual,False,0,,matches corpus tag,single-source corpus entry; unverified,000000000000000000000010010000000000000100000000010000000000010000000110000000000
85,E6C4-V,E6C4-V,E6C4,Sparse,5,655,21.8493,ArchiveInvest manual,False,0,,matches corpus tag,matches repeated corpus observations,101001000010000000000010000000000000000000100000000001010000000000000000010001010
86,E6C4-V,E6C4-V,E6C4,Sparse,6,665,22.1826,ArchiveInvest manual,False,0,,matches corpus tag,matches repeated corpus observations,001000000000000010000000000000000000001001000000000001000000000000000100001001000
87,E6C4-V,E6C4-V,E6C4,Sparse,7,671,22.3826,ArchiveInvest manual,False,0,,matches corpus tag,matches repeated corpus observations,000000000010000000000000010000000000000000100000001000010000000001000101000100010
88,E6C4-V,E6C4-V,E6C4,Sparse,8,677,22.5826,ArchiveInvest manual,False,0,,matches corpus tag,matches repeated corpus observations,000000000001000011000000000000000000000000000100000000000010000000000000000000000
89,E6C4-V,E6C4-V,E6C4,Sparse,9,678,22.616,ArchiveInvest manual,False,0,,matches corpus tag,matches repeated corpus observations,000000000000000000000000000000100000000010000000010000110000011000000000000100000
90,E6C4-V,E6C4-V,E6C4,Sparse,10,689,22.9826,ArchiveInvest manual,False,0,,matches corpus tag,matches repeated corpus observations,000000000000000000000010000000000000000000000000010000000000001000000010000000000
91,E6C4-V,E6C4-V,E6C4,Sparse,11,690,23.0159,ArchiveInvest manual,False,0,,matches corpus tag,matches repeated corpus observations,000000010010000100000000000000000000000001000000000001000000000001000000000000000
92,E6C4-V,E6C4-V,E6C4,Sparse,12,696,23.2159,ArchiveInvest manual,False,0,,matches corpus tag,matches repeated corpus observations,010000110100000000000010000100000000000000100000101001000000000000000101100100100
93,E6C4-V,E6C4-V,E6C4,Sparse,13,707,23.5826,ArchiveInvest manual,False,0,,matches corpus tag,matches repeated corpus observations,001100000000000000000010000000000000000001000000000000000000000010000000011000000
94,E6C4-V,E6C4-V,E6C4,Sparse,14,708,23.6159,ArchiveInvest manual,False,0,,matches corpus tag,matches repeated corpus observations,010100000000000111000000000100001000000000000100010000000010001000000000001001100
95,E6C4-V,E6C4-V,E6C4,Sparse,15,717,23.9159,ArchiveInvest manual,False,0,,matches corpus tag,matches repeated corpus observations,100000000100000000000000000000000000000000100000000000000010000010000010000000001
96,E6C4-V,E6C4-V,E6C4,Sparse,16,720,24.0159,ArchiveInvest manual,False,0,,matches corpus tag,matches repeated corpus observations,001101000000000000010010000000000000001110100000000000000000000000000001001000010
97,E6C4-V,E6C4-V,E6C4,Sparse,17,728,24.2826,ArchiveInvest manual,False,0,,matches corpus tag,matches repeated corpus observations,000000000100000000000000000100110000000000000000010000000000010010000001100000000
98,E6C4-V,E6C4-V,E6C4,Sparse,18,732,24.4159,ArchiveInvest manual,False,0,,matches corpus tag,matches repeated corpus observations,010001000100000100000010000000001001000010000000100000010000000001000000010001001
99,E6C4-V,E6C4-V,E6C4,Sparse,19,738,24.6159,ArchiveInvest manual,False,0,,matches corpus tag,matches repeated corpus observations,000000011010000000000000000000000000000100000000000000010010000001000000100000000
100,E6C4-V,E6C4-V,E6C4,Sparse,20,744,24.8159,ArchiveInvest manual,False,0,,matches corpus tag,matches repeated corpus observations,001000010000000000000000001100001000000100000000000000110010000000000010000000001
101,E6C4-V,E6C4-V,E6C4,Sparse,21,751,25.0492,ArchiveInvest manual,False,0,,matches corpus tag,matches repeated corpus observations,000000010000000110100000000000000001000000000000100000000000000011000010100000000
102,E6C4-V,E6C4-V,E6C4,Sparse,22,756,25.2159,ArchiveInvest manual,False,0,,matches corpus tag,matches repeated corpus observations,100000000000000000000000000000010001000101000000000000000000010010000001001100000
115,E6C4-V,E6C4-V,E6C4,Sparse,23,762,25.4159,ArchiveInvest manual,False,0,,matches corpus tag,single-source corpus entry; unverified,000000011000000000000010000000000001000100000100100000000000000010000000000000001
116,E6C4-V,E6C4-V,E6C4,Sparse,24,768,25.6159,ArchiveInvest manual,False,0,,matches corpus tag,single-source corpus entry; unverified,110100000000000000000000000000001000000001000000000000100000011000000001101001110
42,E6C5-13,E6C5-13,E6C5,Side,1,1054,35.1333,FFmpeg automatic extraction,True,3,0.1561,automatic nearest glyph,provisional automatic read,000000000001000000000000000100010000000000000000000001100000000000000000000100000
43,E6C5-13,E6C5-13,E6C5,Side,2,1060,35.3333,FFmpeg automatic extraction,True,3,0.2044,automatic nearest glyph,provisional automatic read,100101000000000000100000011000100000001100000000010000000000011000000010000000000
44,E6C5-13,E6C5-13,E6C5,Side,3,1066,35.5333,FFmpeg automatic extraction,True,5,0.1993,sequence consensus,provisional automatic read,000001000010000000000000000000000000000000000000000000000000000010000000000000000
45,E6C5-13,E6C5-13,E6C5,Side,4,1072,35.7333,FFmpeg automatic extraction,True,4,0.2142,automatic nearest glyph,provisional automatic read,000000000000000000010000000100011001001001000000100000000000001000000000001000000
46,E6C5-13,E6C5-13,E6C5,Side,5,1078,35.9333,FFmpeg automatic extraction,True,2,0.2189,automatic nearest glyph,provisional automatic read,000000101000000110000000000000000000000100000000100001000000011000000000000000000
47,E6C5-13,E6C5-13,E6C5,Side,6,1084,36.1333,FFmpeg automatic extraction,True,1,0.1967,automatic nearest glyph,provisional automatic read,000001000011000010000000010100000000001100000000000000000010000000000000000000001
48,E6C5-13,E6C5-13,E6C5,Side,7,1090,36.3333,FFmpeg automatic extraction,True,0,0.2197,automatic nearest glyph,provisional automatic read,011000000000000000000010000000101000001010000000000000000000001010000000000000000
49,E6C5-13,E6C5-13,E6C5,Side,8,1096,36.5333,FFmpeg automatic extraction,True,0,0.1745,automatic nearest glyph,provisional automatic read,001000000000000000100000011000101000000000000000000000100000000100000101000100000
50,E6C5-13,E6C5-13,E6C5,Side,9,1102,36.7333,FFmpeg automatic extraction,True,1,0.205,automatic nearest glyph,provisional automatic read,000000001000000010000000000100010000000000000000000000000000000000000000000000000
51,E6C5-13,E6C5-13,E6C5,Side,10,1108,36.9333,FFmpeg automatic extraction,True,0,0.2024,automatic nearest glyph,provisional automatic read,000000000001000000010000000000000000000100000000000000000000000001000000000001000
133,E6C5-13,E6C5-13,E6C5,Side,11,1114,37.1333,FFmpeg automatic extraction,True,1,0.2125,automatic nearest glyph,provisional automatic read,100000100001000000000000000000010000001000000000001000000000000100000000000100000
53,E6C5-13,E6C5-13,E6C5,Side,12,1120,37.3333,FFmpeg automatic extraction,True,0,0.2325,automatic nearest glyph,provisional automatic read,001000000001000000100000010100000000000000000000000000100000000001000000000000000
54,E6C5-13,E6C5-13,E6C5,Side,13,1126,37.5333,FFmpeg automatic extraction,True,2,0.1952,automatic nearest glyph,provisional automatic read,000001000010000000000000010000100000001000000000100000010000000000000010001000100
119,E6C5-2J,E6C5-2J,E6C5,Side,1,1432,47.7333,FFmpeg automatic extraction,True,2,0.1682,automatic nearest glyph,provisional automatic read,000000000001000100000000010000110000001000000100000001000000000011000000000000000
120,E6C5-2J,E6C5-2J,E6C5,Side,2,1438,47.9333,FFmpeg automatic extraction,True,1,0.1853,automatic nearest glyph,provisional automatic read,000100000100000000000010000000100000000010000000100000000000010000000000000001000
121,E6C5-2J,E6C5-2J,E6C5,Side,3,1444,48.1333,FFmpeg automatic extraction,True,1,0.1893,automatic nearest glyph,provisional automatic read,000000000001000000010000001100110000000000000100001000000000000100000000000000000
122,E6C5-2J,E6C5-2J,E6C5,Side,4,1450,48.3333,FFmpeg automatic extraction,True,1,0.2274,automatic nearest glyph,provisional automatic read,000000000000000000100010001000000000000000000000000000000000001001000010000000000
123,E6C5-2J,E6C5-2J,E6C5,Side,5,1456,48.5333,FFmpeg automatic extraction,True,1,0.1981,automatic nearest glyph,provisional automatic read,000000000000000010000000000000000000000000000000000000010000000000000000000000000
124,E6C5-2J,E6C5-2J,E6C5,Side,6,1462,48.7333,FFmpeg automatic extraction,True,1,0.2156,automatic nearest glyph,provisional automatic read,000100000000000000000000000000100001000010000000000000010010000000000000010000000
125,E6C5-2J,E6C5-2J,E6C5,Side,7,1468,48.9333,FFmpeg automatic extraction,True,1,0.239,automatic nearest glyph,provisional automatic read,000001000000000010000000000000000000001010000000010000000010000000000000000000000
126,E6C5-2J,E6C5-2J,E6C5,Side,8,1474,49.1333,FFmpeg automatic extraction,True,0,0.2111,automatic nearest glyph,provisional automatic read,000000000000000000000000000000000000001000000000100000000000000001000010001000100
112,E6C5-2J,E6C5-2J,E6C5,Side,9,1480,49.3333,FFmpeg automatic extraction,True,0,0.1881,automatic nearest glyph,provisional automatic read,000001000000000000000000000000001000000000000100000000000010000000000100000000000
38,E6C5-2J,E6C5-2J,E6C5,Side,10,1486,49.5333,FFmpeg automatic extraction,True,0,0.1954,automatic nearest glyph,provisional automatic read,000000000000000000000000000000001000000010000000100001000000010001000000000000000
39,E6C5-2J,E6C5-2J,E6C5,Side,11,1492,49.7333,FFmpeg automatic extraction,True,2,0.202,automatic nearest glyph,provisional automatic read,000101000001000000010000000100000000000000100100000000000000000000000000000000000
131,E6C5-2J,E6C5-2J,E6C5,Side,12,1498,49.9333,FFmpeg automatic extraction,True,1,0.1879,automatic nearest glyph,provisional automatic read,100000000000000000000000000000000000000001000100000000000000000010000000000001001
41,E6C5-2J,E6C5-2J,E6C5,Side,13,1504,50.1333,FFmpeg automatic extraction,True,1,0.2066,automatic nearest glyph,provisional automatic read,000101000010000010010000001000000000001010000100000000000000000000000010000100000
42,E6C5-2J,E6C5-2J,E6C5,Side,14,1510,50.3333,FFmpeg automatic extraction,True,2,0.1963,automatic nearest glyph,provisional automatic read,000000000001000010000000000100010000000000000000000001100000000000000000000100000
43,E6C5-2J,E6C5-2J,E6C5,Side,15,1516,50.5333,FFmpeg automatic extraction,True,3,0.1743,automatic nearest glyph,provisional automatic read,100101000000000000100000011000100000001100000000010000000000011000000010000000000
44,E6C5-2J,E6C5-2J,E6C5,Side,16,1522,50.7333,FFmpeg automatic extraction,True,3,0.1787,automatic nearest glyph,provisional automatic read,010000000010000000000000000000000000000000000000011000000000000010000000000000000
45,E6C5-2J,E6C5-2J,E6C5,Side,17,1528,50.9333,FFmpeg automatic extraction,True,2,0.1832,automatic nearest glyph,provisional automatic read,000000000000000100010000000100011001001001000000100000000000001000000000001000001
46,E6C5-2J,E6C5-2J,E6C5,Side,18,1534,51.1333,FFmpeg automatic extraction,True,1,0.2024,automatic nearest glyph,provisional automatic read,000000101100000110000000000000000000000100000000100001000000011000000000000000000
47,E6C5-2J,E6C5-2J,E6C5,Side,19,1540,51.3333,FFmpeg automatic extraction,True,1,0.1873,automatic nearest glyph,provisional automatic read,000001000011000010000000010100000000001100000000000000000010000000000000000000001
48,E6C5-2J,E6C5-2J,E6C5,Side,20,1546,51.5333,FFmpeg automatic extraction,True,0,0.1942,automatic nearest glyph,provisional automatic read,011000000000000000000010000000101000001010000000000000000000001010000000000000000
49,E6C5-2J,E6C5-2J,E6C5,Side,21,1552,51.7333,FFmpeg automatic extraction,True,2,0.1847,automatic nearest glyph,provisional automatic read,001000000000000000100000011000101000000000000000000000100000000000000100000100000
50,E6C5-2J,E6C5-2J,E6C5,Side,22,1558,51.9333,FFmpeg automatic extraction,True,0,0.1928,automatic nearest glyph,provisional automatic read,000000001100000010000000000100010000000000000000000000000000000000000000000000000
51,E6C5-2J,E6C5-2J,E6C5,Side,23,1564,52.1333,FFmpeg automatic extraction,True,0,0.1979,automatic nearest glyph,provisional automatic read,000000000001000000010000000000000000000100000000000000000000000001000000000001000
120,E6C5-3L,E6C5-3L,E6C5,Unknown,1,995,33.1667,FFmpeg automatic extraction,True,3,0.2357,automatic nearest glyph,provisional automatic read,000100000000000000000000000000100000000000000000100000000000010000000000100001000
55,E6C5-3L,E6C5-3L,E6C5,Unknown,2,1001,33.3667,FFmpeg automatic extraction,True,5,0.2323,automatic nearest glyph,provisional automatic read,000000000001000000000000001100110000000000000000000000000000000000000000000000000
122,E6C5-3L,E6C5-3L,E6C5,Unknown,3,1007,33.5667,FFmpeg automatic extraction,True,3,0.2417,automatic nearest glyph,provisional automatic read,000000000000000000000010001000000000000000000000000000000000001001000000000000000
123,E6C5-3L,E6C5-3L,E6C5,Unknown,4,1013,33.7667,FFmpeg automatic extraction,True,2,0.2581,automatic nearest glyph,provisional automatic read,000000000000000000000000000000000000000000000000000000010000000000000000000000000
124,E6C5-3L,E6C5-3L,E6C5,Unknown,5,1019,33.9667,FFmpeg automatic extraction,True,3,0.2472,automatic nearest glyph,provisional automatic read,000100000000000000000000000000100001000000000000000000010010000000000000000000000
125,E6C5-3L,E6C5-3L,E6C5,Unknown,6,1025,34.1667,FFmpeg automatic extraction,True,2,0.2164,automatic nearest glyph,provisional automatic read,000001000000000010000000000000000000001000000000010000000010000000000000000000000
126,E6C5-3L,E6C5-3L,E6C5,Unknown,7,1031,34.3667,FFmpeg automatic extraction,True,0,0.2015,automatic nearest glyph,provisional automatic read,000000000000000000000000000000000000001000000000100000000000000001000010001000100
112,E6C5-3L,E6C5-3L,E6C5,Unknown,8,1037,34.5667,FFmpeg automatic extraction,True,0,0.2028,automatic nearest glyph,provisional automatic read,000001000000000000000000000000001000000000000100000000000010000000000100000000000
38,E6C5-3L,E6C5-3L,E6C5,Unknown,9,1043,34.7667,FFmpeg automatic extraction,True,0,0.2321,automatic nearest glyph,provisional automatic read,000000000000000000000000000000001000000010000000100001000000010001000000000000000
39,E6C5-3L,E6C5-3L,E6C5,Unknown,10,1049,34.9667,FFmpeg automatic extraction,True,1,0.2335,automatic nearest glyph,provisional automatic read,000101000001000000010000000100000000000000100100000000000000000000000000000000001
131,E6C5-3L,E6C5-3L,E6C5,Unknown,11,1055,35.1667,FFmpeg automatic extraction,True,2,0.2081,automatic nearest glyph,provisional automatic read,100000000000000000000000000000000000000001000100000000000000000010000000000001000
41,E6C5-3L,E6C5-3L,E6C5,Unknown,12,1061,35.3667,FFmpeg automatic extraction,True,0,0.1904,automatic nearest glyph,provisional automatic read,000101000010000010010000001000000000001010000100000000000000000000000010000100001
42,E6C5-3L,E6C5-3L,E6C5,Unknown,13,1067,35.5667,FFmpeg automatic extraction,True,2,0.1794,automatic nearest glyph,provisional automatic read,000000000001000010000000000100010000000000000000000001100000000000000000000100000
43,E6C5-3L,E6C5-3L,E6C5,Unknown,14,1073,35.7667,FFmpeg automatic extraction,True,3,0.203,automatic nearest glyph,provisional automatic read,100101000000000000100000011000100000001100000000010000000000011000000010000000000
44,E6C5-3L,E6C5-3L,E6C5,Unknown,15,1079,35.9667,FFmpeg automatic extraction,True,2,0.1993,automatic nearest glyph,provisional automatic read,000001000110000000000000000000000000000000000000011000000000000010000000000000000
45,E6C5-3L,E6C5-3L,E6C5,Unknown,16,1085,36.1667,FFmpeg automatic extraction,True,1,0.2211,automatic nearest glyph,provisional automatic read,010000000000000100010000000100011001001001000000100000000000001000000000001000001
46,E6C5-3L,E6C5-3L,E6C5,Unknown,17,1091,36.3667,FFmpeg automatic extraction,True,1,0.2223,automatic nearest glyph,provisional automatic read,000000101100000110000000000000000000000100000000100001000000011000000000000000000
47,E6C5-3L,E6C5-3L,E6C5,Unknown,18,1097,36.5667,FFmpeg automatic extraction,True,1,0.1936,automatic nearest glyph,provisional automatic read,000001000011000010000000010100000000001100000000000000000010000000000000000000001
48,E6C5-3L,E6C5-3L,E6C5,Unknown,19,1103,36.7667,FFmpeg automatic extraction,True,0,0.2136,automatic nearest glyph,provisional automatic read,011000000000000000000010000000101000001010000000000000000000001010000000000000000
49,E6C5-3L,E6C5-3L,E6C5,Unknown,20,1109,36.9667,FFmpeg automatic extraction,True,2,0.2005,automatic nearest glyph,provisional automatic read,001000000000000000100000011000101000000000000000000000100000000000000100000100000
50,E6C5-3L,E6C5-3L,E6C5,Unknown,21,1115,37.1667,FFmpeg automatic extraction,True,0,0.2075,automatic nearest glyph,provisional automatic read,000000001100000010000000000100010000000000000000000000000000000000000000000000000
51,E6C5-3L,E6C5-3L,E6C5,Unknown,22,1121,37.3667,FFmpeg automatic extraction,True,0,0.2341,automatic nearest glyph,provisional automatic read,000000000001000000010000000000000000000100000000000000000000000001000000000001000
133,E6C5-3L,E6C5-3L,E6C5,Unknown,23,1127,37.5667,FFmpeg automatic extraction,True,2,0.1804,automatic nearest glyph,provisional automatic read,100000100001000000000000000000010000001000000000001000000000000000000000000100000
112,E6C5-N,E6C5-N,E6C5,Side,1,1105,36.8446,ArchiveInvest manual,False,0,,matches corpus tag,matches repeated corpus observations,000001000000000000000000000000001000000000000100000000000010000000000100000000000
38,E6C5-N,E6C5-N,E6C5,Side,2,1107,36.9113,ArchiveInvest manual,False,0,,matches corpus tag,matches repeated corpus observations,000000000000000000000000000000001000000010000000100001000000010001000000000000000
39,E6C5-N,E6C5-N,E6C5,Side,3,1112,37.078,ArchiveInvest manual,False,0,,matches corpus tag,matches repeated corpus observations,000101000001000000010000000100000000000000100100000000000000000000000001000000001
40,E6C5-N,E6C5-N,E6C5,Side,4,1118,37.278,ArchiveInvest manual,False,0,,matches corpus tag,matches repeated corpus observations,100000000000000001000000000000000000000001000100000000000000000010000000000001011
41,E6C5-N,E6C5-N,E6C5,Side,5,1124,37.478,ArchiveInvest manual,False,0,,matches corpus tag,matches repeated corpus observations,000101000010000010010000001000000000001010000100000000000000000000000010000100001
42,E6C5-N,E6C5-N,E6C5,Side,6,1130,37.678,ArchiveInvest manual,False,0,,matches corpus tag,matches repeated corpus observations,000000000101000010000000000100010000000000000000000001100000000000000000000100010
43,E6C5-N,E6C5-N,E6C5,Side,7,1136,37.8779,ArchiveInvest manual,False,0,,matches corpus tag,matches repeated corpus observations,100101000000000001100000011000100000001100000000010000000000011000000010000000011
44,E6C5-N,E6C5-N,E6C5,Side,8,1142,38.0779,ArchiveInvest manual,False,0,,matches corpus tag,matches repeated corpus observations,010001000110000000000000000000000000000000000000011000000000000010000000000000010
45,E6C5-N,E6C5-N,E6C5,Side,9,1148,38.2779,ArchiveInvest manual,False,0,,matches corpus tag,matches repeated corpus observations,010000000000000100010000000100011001001001000000100000000000001000000000001000011
46,E6C5-N,E6C5-N,E6C5,Side,10,1154,38.4779,ArchiveInvest manual,False,0,,matches corpus tag,matches repeated corpus observations,000000101100000110000000000000000000000100000000100001000000011000000000000000010
47,E6C5-N,E6C5-N,E6C5,Side,11,1160,38.6779,ArchiveInvest manual,False,0,,matches corpus tag,matches repeated corpus observations,000001000011000010000000010100000000001100000000000000000010000000000001000000001
48,E6C5-N,E6C5-N,E6C5,Side,12,1166,38.8779,ArchiveInvest manual,False,0,,matches corpus tag,matches repeated corpus observations,011000000000000000000010000000101000001010000000000000000000001010000000000000000
49,E6C5-N,E6C5-N,E6C5,Side,13,1173,39.1113,ArchiveInvest manual,False,0,,matches corpus tag,matches repeated corpus observations,001000000000000000100000011000101000000000000000000000100000000100000101000100000
50,E6C5-N,E6C5-N,E6C5,Side,14,1178,39.2779,ArchiveInvest manual,False,0,,matches corpus tag,matches repeated corpus observations,000000001100000010000000000100010000000000000000000000000000000000000000000000000
51,E6C5-N,E6C5-N,E6C5,Side,15,1184,39.4779,ArchiveInvest manual,False,0,,matches corpus tag,matches repeated corpus observations,000000000001000000010000000000000000000100000000000000000000000001000000000001000
52,E6C5-N,E6C5-N,E6C5,Side,16,1190,39.6779,ArchiveInvest manual,False,0,,matches corpus tag,matches repeated corpus observations,100000100001000000000000000000010000001000000000001000000000000100000000010100001
67,E6C6-1,E6C6-1,E6C6,Unknown,1,1295,43.1667,FFmpeg automatic extraction,True,5,0.2767,automatic nearest glyph,provisional automatic read,000000000000000100000000000000000000000000000000000000000000000011000000000000000
67,E6C6-1,E6C6-1,E6C6,Unknown,2,1301,43.3667,FFmpeg automatic extraction,True,4,0.295,automatic nearest glyph,provisional automatic read,000100000000000000000000000000000000000000000000000000000000000000000000000001000
67,E6C6-1,E6C6-1,E6C6,Unknown,3,1307,43.5667,FFmpeg automatic extraction,True,2,0.2339,automatic nearest glyph,provisional automatic read,000000000000000000000000000000000000000000000000000000000000000000000000000000000
24,E6C6-1,E6C6-1,E6C6,Unknown,4,1313,43.7667,FFmpeg automatic extraction,True,4,0.2484,automatic nearest glyph,provisional automatic read,000000000000000000000000000000000000000000000000000000000000000001000010000000000
123,E6C6-1,E6C6-1,E6C6,Unknown,5,1319,43.9667,FFmpeg automatic extraction,True,2,0.2551,automatic nearest glyph,provisional automatic read,000000000000000000000000000000000000000000000000000000010000000000000000000000000
123,E6C6-1,E6C6-1,E6C6,Unknown,6,1325,44.1667,FFmpeg automatic extraction,True,4,0.2246,automatic nearest glyph,provisional automatic read,000100000000000000000000000000100000000000000000000000010000000000000000000000000
112,E6C6-1,E6C6-1,E6C6,Unknown,7,1331,44.3667,FFmpeg automatic extraction,True,4,0.2207,automatic nearest glyph,provisional automatic read,000001000000000000000000000000000000001000000000000000000010000000000000000000000
126,E6C6-1,E6C6-1,E6C6,Unknown,8,1337,44.5667,FFmpeg automatic extraction,True,0,0.2414,automatic nearest glyph,provisional automatic read,000000000000000000000000000000000000001000000000100000000000000001000010001000100
112,E6C6-1,E6C6-1,E6C6,Unknown,9,1343,44.7667,FFmpeg automatic extraction,True,0,0.2252,automatic nearest glyph,provisional automatic read,000001000000000000000000000000001000000000000100000000000010000000000100000000000
38,E6C6-1,E6C6-1,E6C6,Unknown,10,1349,44.9667,FFmpeg automatic extraction,True,0,0.2309,automatic nearest glyph,provisional automatic read,000000000000000000000000000000001000000010000000100001000000010001000000000000000
39,E6C6-1,E6C6-1,E6C6,Unknown,11,1355,45.1667,FFmpeg automatic extraction,True,3,0.2117,automatic nearest glyph,provisional automatic read,000101000001000000010000000000000000000000100100000000000000000000000000000000000
131,E6C6-1,E6C6-1,E6C6,Unknown,12,1361,45.3667,FFmpeg automatic extraction,True,3,0.1596,automatic nearest glyph,provisional automatic read,000000000000000000000000000000000000000001000100000000000000000010000000000001000
41,E6C6-1,E6C6-1,E6C6,Unknown,13,1367,45.5667,FFmpeg automatic extraction,True,1,0.1934,automatic nearest glyph,provisional automatic read,000101000010000010010000001000000000001010000100000000000000000000000010000100000
42,E6C6-1,E6C6-1,E6C6,Unknown,14,1373,45.7667,FFmpeg automatic extraction,True,2,0.2062,automatic nearest glyph,provisional automatic read,000000000001000010000000000100010000000000000000000001100000000000000000000100000
43,E6C6-1,E6C6-1,E6C6,Unknown,15,1379,45.9667,FFmpeg automatic extraction,True,3,0.2243,automatic nearest glyph,provisional automatic read,100101000000000000100000011000100000001100000000010000000000011000000010000000000
44,E6C6-1,E6C6-1,E6C6,Unknown,16,1385,46.1667,FFmpeg automatic extraction,True,2,0.1977,automatic nearest glyph,provisional automatic read,010001000010000000000000000000000000000000000000011000000000000010000000000000000
45,E6C6-1,E6C6-1,E6C6,Unknown,17,1391,46.3667,FFmpeg automatic extraction,True,2,0.182,automatic nearest glyph,provisional automatic read,010000000000000100010000000100011001001001000000100000000000001000000000001000000
46,E6C6-1,E6C6-1,E6C6,Unknown,18,1397,46.5667,FFmpeg automatic extraction,True,1,0.2062,automatic nearest glyph,provisional automatic read,000000101100000110000000000000000000000100000000100001000000011000000000000000000
47,E6C6-1,E6C6-1,E6C6,Unknown,19,1403,46.7667,FFmpeg automatic extraction,True,2,0.1961,automatic nearest glyph,provisional automatic read,000001000011000010000000010100000000001100000000000000000010000000000000000000000
48,E6C6-1,E6C6-1,E6C6,Unknown,20,1409,46.9667,FFmpeg automatic extraction,True,0,0.2013,automatic nearest glyph,provisional automatic read,011000000000000000000010000000101000001010000000000000000000001010000000000000000
49,E6C6-1,E6C6-1,E6C6,Unknown,21,1415,47.1667,FFmpeg automatic extraction,True,1,0.1987,automatic nearest glyph,provisional automatic read,001000000000000000100000011000101000000000000000000000100000000000000101000100000
50,E6C6-1,E6C6-1,E6C6,Unknown,22,1421,47.3667,FFmpeg automatic extraction,True,0,0.2042,automatic nearest glyph,provisional automatic read,000000001100000010000000000100010000000000000000000000000000000000000000000000000
51,E6C6-1,E6C6-1,E6C6,Unknown,23,1427,47.5667,FFmpeg automatic extraction,True,0,0.2315,automatic nearest glyph,provisional automatic read,000000000001000000010000000000000000000100000000000000000000000001000000000001000
117,E6C6-11,E6C6-11,E6C6,Side,1,418,13.9333,FFmpeg automatic extraction,True,0,0.2349,automatic nearest glyph,provisional automatic read,000000000011000000100000000100010000001010100000000000100000000010000100001000000
118,E6C6-11,E6C6-11,E6C6,Side,2,424,14.1333,FFmpeg automatic extraction,True,0,0.2427,automatic nearest glyph,provisional automatic read,000000000000000001000000000000000000000000000000101001000000000000000110000100000
119,E6C6-11,E6C6-11,E6C6,Side,3,430,14.3333,FFmpeg automatic extraction,True,1,0.2028,automatic nearest glyph,provisional automatic read,000000000001000100000000010000110000001000000100000001000000000011000000100000000
120,E6C6-11,E6C6-11,E6C6,Side,4,436,14.5333,FFmpeg automatic extraction,True,0,0.1985,automatic nearest glyph,provisional automatic read,000100000100000000000010000000100000000010000000100000000000010000000000100001000
121,E6C6-11,E6C6-11,E6C6,Side,5,442,14.7333,FFmpeg automatic extraction,True,3,0.2213,automatic nearest glyph,provisional automatic read,000000000000000000010000001100110000000000000100001000000000000000000000000000000
122,E6C6-11,E6C6-11,E6C6,Side,6,448,14.9333,FFmpeg automatic extraction,True,1,0.2107,automatic nearest glyph,provisional automatic read,000000000000000000100010001000000000000000000000000000000000001001000010000000000
123,E6C6-11,E6C6-11,E6C6,Side,7,454,15.1333,FFmpeg automatic extraction,True,0,0.2188,automatic nearest glyph,provisional automatic read,000000000000000010000000000000000000000000000000000000010000000000000000100000000
124,E6C6-11,E6C6-11,E6C6,Side,8,460,15.3333,FFmpeg automatic extraction,True,1,0.2042,automatic nearest glyph,provisional automatic read,000100000000000000000000000000100001000010000000000000010010000000000000010000000
125,E6C6-11,E6C6-11,E6C6,Side,9,466,15.5333,FFmpeg automatic extraction,True,0,0.2182,automatic nearest glyph,provisional automatic read,000001000000000010000000000000000000001010000000010000000010000100000000000000000
126,E6C6-11,E6C6-11,E6C6,Side,10,472,15.7333,FFmpeg automatic extraction,True,0,0.202,automatic nearest glyph,provisional automatic read,000000000000000000000000000000000000001000000000100000000000000001000010001000100
112,E6C6-11,E6C6-11,E6C6,Side,11,478,15.9333,FFmpeg automatic extraction,True,0,0.2335,automatic nearest glyph,provisional automatic read,000001000000000000000000000000001000000000000100000000000010000000000100000000000
38,E6C6-11,E6C6-11,E6C6,Side,12,484,16.1333,FFmpeg automatic extraction,True,0,0.237,automatic nearest glyph,provisional automatic read,000000000000000000000000000000001000000010000000100001000000010001000000000000000
39,E6C6-11,E6C6-11,E6C6,Side,13,490,16.3333,FFmpeg automatic extraction,True,1,0.1629,automatic nearest glyph,provisional automatic read,000101000001000000010000000100000000000000100100000000000000000000000001000000000
131,E6C6-11,E6C6-11,E6C6,Side,14,496,16.5333,FFmpeg automatic extraction,True,2,0.1916,automatic nearest glyph,provisional automatic read,100000000000000000000000000000000000000001000100000000000000000010000000000001000
41,E6C6-11,E6C6-11,E6C6,Side,15,502,16.7333,FFmpeg automatic extraction,True,0,0.216,automatic nearest glyph,provisional automatic read,000101000010000010010000001000000000001010000100000000000000000000000010000100001
42,E6C6-11,E6C6-11,E6C6,Side,16,508,16.9333,FFmpeg automatic extraction,True,2,0.2298,automatic nearest glyph,provisional automatic read,000000000001000010000000000100010000000000000000000001100000000000000000000100000
43,E6C6-11,E6C6-11,E6C6,Side,17,514,17.1333,FFmpeg automatic extraction,True,2,0.1906,automatic nearest glyph,provisional automatic read,100101000000000001100000011000100000001100000000010000000000011000000010000000000
44,E6C6-11,E6C6-11,E6C6,Side,18,520,17.3333,FFmpeg automatic extraction,True,1,0.1865,automatic nearest glyph,provisional automatic read,010001000110000000000000000000000000000000000000011000000000000010000000000000000
45,E6C6-11,E6C6-11,E6C6,Side,19,526,17.5333,FFmpeg automatic extraction,True,2,0.2081,automatic nearest glyph,provisional automatic read,010000000000000100010000000100011001001001000000100000000000001000000000001000000
46,E6C6-11,E6C6-11,E6C6,Side,20,532,17.7333,FFmpeg automatic extraction,True,1,0.1883,automatic nearest glyph,provisional automatic read,000000101100000110000000000000000000000100000000100001000000011000000000000000000
47,E6C6-11,E6C6-11,E6C6,Side,21,538,17.9333,FFmpeg automatic extraction,True,1,0.2011,automatic nearest glyph,provisional automatic read,000001000011000010000000010100000000001100000000000000000010000000000000000000001
48,E6C6-11,E6C6-11,E6C6,Side,22,544,18.1333,FFmpeg automatic extraction,True,0,0.2036,automatic nearest glyph,provisional automatic read,011000000000000000000010000000101000001010000000000000000000001010000000000000000
49,E6C6-11,E6C6-11,E6C6,Side,23,550,18.3333,FFmpeg automatic extraction,True,2,0.2068,automatic nearest glyph,provisional automatic read,001000000000000000100000011000101000000000000000000000100000000000000100000100000
50,E6C6-11,E6C6-11,E6C6,Side,24,556,18.5333,FFmpeg automatic extraction,True,1,0.2162,automatic nearest glyph,provisional automatic read,000000001000000010000000000100010000000000000000000000000000000000000000000000000
51,E6C6-11,E6C6-11,E6C6,Side,25,562,18.7333,FFmpeg automatic extraction,True,0,0.2437,automatic nearest glyph,provisional automatic read,000000000001000000010000000000000000000100000000000000000000000001000000000001000
133,E6C6-11,E6C6-11,E6C6,Side,26,565,18.8333,FFmpeg automatic extraction,True,1,0.2311,automatic nearest glyph,provisional automatic read,100000100001000000000000000000010000001000000000001000000000000100000000000100000
119,E6C6-1R,E6C6-1R,E6C6,Side,1,484,16.1333,FFmpeg automatic extraction,True,0,0.2199,automatic nearest glyph,provisional automatic read,000000000001000100000000010000110000001000000100000001000000000011000000100000001
120,E6C6-1R,E6C6-1R,E6C6,Side,2,490,16.3333,FFmpeg automatic extraction,True,0,0.2286,automatic nearest glyph,provisional automatic read,000100000100000000000010000000100000000010000000100000000000010000000000100001000
121,E6C6-1R,E6C6-1R,E6C6,Side,3,496,16.5333,FFmpeg automatic extraction,True,2,0.18,automatic nearest glyph,provisional automatic read,000000000001000000010000001100110000000000000100001000000000000000000000000000000
122,E6C6-1R,E6C6-1R,E6C6,Side,4,502,16.7333,FFmpeg automatic extraction,True,1,0.1977,automatic nearest glyph,provisional automatic read,000000000000000000100010001000000000000000000000000000000000001001000010000000000
123,E6C6-1R,E6C6-1R,E6C6,Side,5,508,16.9333,FFmpeg automatic extraction,True,1,0.2003,automatic nearest glyph,provisional automatic read,000000000000000010000000000000000000000000000000000000010000000000000000000000000
124,E6C6-1R,E6C6-1R,E6C6,Side,6,514,17.1333,FFmpeg automatic extraction,True,0,0.2009,automatic nearest glyph,provisional automatic read,000100000100000000000000000000100001000010000000000000010010000000000000010000000
125,E6C6-1R,E6C6-1R,E6C6,Side,7,520,17.3333,FFmpeg automatic extraction,True,1,0.202,automatic nearest glyph,provisional automatic read,000001000000000010000000000000000000001010000000010000000010000000000000000000000
126,E6C6-1R,E6C6-1R,E6C6,Side,8,526,17.5333,FFmpeg automatic extraction,True,0,0.2217,automatic nearest glyph,provisional automatic read,000000000000000000000000000000000000001000000000100000000000000001000010001000100
112,E6C6-1R,E6C6-1R,E6C6,Side,9,532,17.7333,FFmpeg automatic extraction,True,0,0.1971,automatic nearest glyph,provisional automatic read,000001000000000000000000000000001000000000000100000000000010000000000100000000000
38,E6C6-1R,E6C6-1R,E6C6,Side,10,538,17.9333,FFmpeg automatic extraction,True,0,0.228,automatic nearest glyph,provisional automatic read,000000000000000000000000000000001000000010000000100001000000010001000000000000000
39,E6C6-1R,E6C6-1R,E6C6,Side,11,544,18.1333,FFmpeg automatic extraction,True,0,0.2186,automatic nearest glyph,provisional automatic read,000101000001000000010000000100000000000000100100000000000000000000000001000000001
40,E6C6-1R,E6C6-1R,E6C6,Side,12,550,18.3333,FFmpeg automatic extraction,True,1,0.1494,automatic nearest glyph,provisional automatic read,100000000000000001000000000000000000000001000100000000000000000010000000000001010
41,E6C6-1R,E6C6-1R,E6C6,Side,13,556,18.5333,FFmpeg automatic extraction,True,1,0.1934,automatic nearest glyph,provisional automatic read,000101000010000010010000001000000000001010000100000000000000000000000010000100000
42,E6C6-1R,E6C6-1R,E6C6,Side,14,562,18.7333,FFmpeg automatic extraction,True,2,0.2172,automatic nearest glyph,provisional automatic read,000000000001000010000000000100010000000000000000000001100000000000000000000100000
43,E6C6-1R,E6C6-1R,E6C6,Side,15,568,18.9333,FFmpeg automatic extraction,True,3,0.2018,automatic nearest glyph,provisional automatic read,100101000000000000100000011000100000001100000000010000000000011000000010000000000
44,E6C6-1R,E6C6-1R,E6C6,Side,16,574,19.1333,FFmpeg automatic extraction,True,2,0.2052,automatic nearest glyph,provisional automatic read,010001000010000000000000000000000000000000000000011000000000000010000000000000000
45,E6C6-1R,E6C6-1R,E6C6,Side,17,580,19.3333,FFmpeg automatic extraction,True,1,0.192,automatic nearest glyph,provisional automatic read,010000000000000100010000000100011001001001000000100000000000001000000000001000010
46,E6C6-1R,E6C6-1R,E6C6,Side,18,586,19.5333,FFmpeg automatic extraction,True,1,0.1781,automatic nearest glyph,provisional automatic read,000000101100000110000000000000000000000100000000100001000000011000000000000000000
47,E6C6-1R,E6C6-1R,E6C6,Side,19,592,19.7333,FFmpeg automatic extraction,True,1,0.2072,automatic nearest glyph,provisional automatic read,000001000011000010000000010100000000001100000000000000000010000000000000000000001
48,E6C6-1R,E6C6-1R,E6C6,Side,20,598,19.9333,FFmpeg automatic extraction,True,0,0.2011,automatic nearest glyph,provisional automatic read,011000000000000000000010000000101000001010000000000000000000001010000000000000000
49,E6C6-1R,E6C6-1R,E6C6,Side,21,604,20.1333,FFmpeg automatic extraction,True,0,0.2048,automatic nearest glyph,provisional automatic read,001000000000000000100000011000101000000000000000000000100000000100000101000100000
50,E6C6-1R,E6C6-1R,E6C6,Side,22,610,20.3333,FFmpeg automatic extraction,True,0,0.2125,automatic nearest glyph,provisional automatic read,000000001100000010000000000100010000000000000000000000000000000000000000000000000
51,E6C6-1R,E6C6-1R,E6C6,Side,23,615,20.5,FFmpeg automatic extraction,True,0,0.2311,automatic nearest glyph,provisional automatic read,000000000001000000010000000000000000000100000000000000000000000001000000000001000
119,E6C6-21,E6C6-21,E6C6,Side,1,499,16.6333,FFmpeg automatic extraction,True,2,0.2323,automatic nearest glyph,provisional automatic read,000000000001000100000000010000110000001000000100000001000000000011000000000000000
120,E6C6-21,E6C6-21,E6C6,Side,2,505,16.8333,FFmpeg automatic extraction,True,2,0.2388,automatic nearest glyph,provisional automatic read,000100000000000000000010000000100000000010000000100000000000010000000000000001000
121,E6C6-21,E6C6-21,E6C6,Side,3,511,17.0333,FFmpeg automatic extraction,True,2,0.1794,automatic nearest glyph,provisional automatic read,000000000001000000010000001100110000000000000100001000000000000000000000000000000
122,E6C6-21,E6C6-21,E6C6,Side,4,517,17.2333,FFmpeg automatic extraction,True,1,0.2024,automatic nearest glyph,provisional automatic read,000000000000000000100010001000000000000000000000000000000000001001000010000000000
123,E6C6-21,E6C6-21,E6C6,Side,5,523,17.4333,FFmpeg automatic extraction,True,1,0.2109,automatic nearest glyph,provisional automatic read,000000000000000010000000000000000000000000000000000000010000000000000000000000000
124,E6C6-21,E6C6-21,E6C6,Side,6,529,17.6333,FFmpeg automatic extraction,True,2,0.1999,automatic nearest glyph,provisional automatic read,000100000000000000000000000000100001000010000000000000010010000000000000000000000
125,E6C6-21,E6C6-21,E6C6,Side,7,535,17.8333,FFmpeg automatic extraction,True,1,0.1889,automatic nearest glyph,provisional automatic read,000001000000000010000000000000000000001010000000010000000010000000000000000000000
126,E6C6-21,E6C6-21,E6C6,Side,8,541,18.0333,FFmpeg automatic extraction,True,0,0.2136,automatic nearest glyph,provisional automatic read,000000000000000000000000000000000000001000000000100000000000000001000010001000100
112,E6C6-21,E6C6-21,E6C6,Side,9,547,18.2333,FFmpeg automatic extraction,True,0,0.1769,automatic nearest glyph,provisional automatic read,000001000000000000000000000000001000000000000100000000000010000000000100000000000
38,E6C6-21,E6C6-21,E6C6,Side,10,553,18.4333,FFmpeg automatic extraction,True,0,0.2054,automatic nearest glyph,provisional automatic read,000000000000000000000000000000001000000010000000100001000000010001000000000000000
39,E6C6-21,E6C6-21,E6C6,Side,11,559,18.6333,FFmpeg automatic extraction,True,0,0.2079,automatic nearest glyph,provisional automatic read,000101000001000000010000000100000000000000100100000000000000000000000001000000001
131,E6C6-21,E6C6-21,E6C6,Side,12,565,18.8333,FFmpeg automatic extraction,True,2,0.1307,automatic nearest glyph,provisional automatic read,100000000000000000000000000000000000000001000100000000000000000010000000000001000
41,E6C6-21,E6C6-21,E6C6,Side,13,571,19.0333,FFmpeg automatic extraction,True,1,0.1716,automatic nearest glyph,provisional automatic read,000101000010000010010000001000000000001010000100000000000000000000000010000100000
42,E6C6-21,E6C6-21,E6C6,Side,14,577,19.2333,FFmpeg automatic extraction,True,0,0.2105,automatic nearest glyph,provisional automatic read,000000000101000010000000000100010000000000000000000001100000000000000000000100010
43,E6C6-21,E6C6-21,E6C6,Side,15,583,19.4333,FFmpeg automatic extraction,True,1,0.1912,automatic nearest glyph,provisional automatic read,100101000000000001100000011000100000001100000000010000000000011000000010000000010
44,E6C6-21,E6C6-21,E6C6,Side,16,589,19.6333,FFmpeg automatic extraction,True,2,0.184,automatic nearest glyph,provisional automatic read,010001000010000000000000000000000000000000000000011000000000000010000000000000000
45,E6C6-21,E6C6-21,E6C6,Side,17,595,19.8333,FFmpeg automatic extraction,True,2,0.1861,automatic nearest glyph,provisional automatic read,010000000000000100010000000100011001001001000000100000000000001000000000001000000
46,E6C6-21,E6C6-21,E6C6,Side,18,601,20.0333,FFmpeg automatic extraction,True,1,0.1718,automatic nearest glyph,provisional automatic read,000000101100000110000000000000000000000100000000100001000000011000000000000000000
47,E6C6-21,E6C6-21,E6C6,Side,19,607,20.2333,FFmpeg automatic extraction,True,0,0.1922,automatic nearest glyph,provisional automatic read,000001000011000010000000010100000000001100000000000000000010000000000001000000001
48,E6C6-21,E6C6-21,E6C6,Side,20,613,20.4333,FFmpeg automatic extraction,True,0,0.1938,automatic nearest glyph,provisional automatic read,011000000000000000000010000000101000001010000000000000000000001010000000000000000
49,E6C6-21,E6C6-21,E6C6,Side,21,619,20.6333,FFmpeg automatic extraction,True,0,0.1942,automatic nearest glyph,provisional automatic read,001000000000000000100000011000101000000000000000000000100000000100000101000100000
50,E6C6-21,E6C6-21,E6C6,Side,22,625,20.8333,FFmpeg automatic extraction,True,1,0.1983,automatic nearest glyph,provisional automatic read,000000001000000010000000000100010000000000000000000000000000000000000000000000000
51,E6C6-21,E6C6-21,E6C6,Side,23,631,21.0333,FFmpeg automatic extraction,True,0,0.2229,automatic nearest glyph,provisional automatic read,000000000001000000010000000000000000000100000000000000000000000001000000000001000
55,E6C6-D,E6C6-D,E6C6,Alternate / bridge,1,822,27.4,FFmpeg automatic extraction,True,1,0.2374,automatic nearest glyph,provisional automatic read,000000000000000000000000001100010000000000000000000000000000000000000000001000100
56,E6C6-D,E6C6-D,E6C6,Alternate / bridge,2,828,27.6,FFmpeg automatic extraction,True,2,0.2239,automatic nearest glyph,provisional automatic read,000000100000000000100000001000000000000100000000000000110000000010000000001000000
57,E6C6-D,E6C6-D,E6C6,Alternate / bridge,3,834,27.8,FFmpeg automatic extraction,True,0,0.1364,automatic nearest glyph,provisional automatic read,010000000101000000000000000000001000000010000000000001000000000001000010000000000
58,E6C6-D,E6C6-D,E6C6,Alternate / bridge,4,840,28.0,FFmpeg automatic extraction,True,2,0.2056,automatic nearest glyph,provisional automatic read,001001000000000000000000000000110000000000000100010000000000000000000000000000001
59,E6C6-D,E6C6-D,E6C6,Alternate / bridge,5,846,28.2,FFmpeg automatic extraction,True,0,0.207,automatic nearest glyph,provisional automatic read,001000000001000010000000001000000000000000100000000000000000000000000000000000000
60,E6C6-D,E6C6-D,E6C6,Alternate / bridge,6,852,28.4,FFmpeg automatic extraction,True,2,0.2136,automatic nearest glyph,provisional automatic read,000000000000000000000000000100110000000000000000010000100000010000000000000001000
61,E6C6-D,E6C6-D,E6C6,Alternate / bridge,7,858,28.6,FFmpeg automatic extraction,True,0,0.2052,automatic nearest glyph,provisional automatic read,000100100000000000000000000000101000000010000000000000000010000100000000001000100
62,E6C6-D,E6C6-D,E6C6,Alternate / bridge,8,864,28.8,FFmpeg automatic extraction,True,0,0.2036,automatic nearest glyph,provisional automatic read,000100101000000000010010000000001000001010100100100000000000010000000000000000010
63,E6C6-D,E6C6-D,E6C6,Alternate / bridge,9,869,28.9667,FFmpeg automatic extraction,True,2,0.2184,automatic nearest glyph,provisional automatic read,000100000010000000010010001000010000000001000000010000000000000000000000010000000
64,E6C6-D,E6C6-D,E6C6,Alternate / bridge,10,876,29.2,FFmpeg automatic extraction,True,1,0.2097,automatic nearest glyph,provisional automatic read,000000100000000000000000000100100000000000100000000000000010010000000101000000100
65,E6C6-D,E6C6-D,E6C6,Alternate / bridge,11,882,29.4,FFmpeg automatic extraction,True,1,0.2125,automatic nearest glyph,provisional automatic read,000000000000000000100000001000001000000000100000100000000000000000000010001100000
66,E6C6-D,E6C6-D,E6C6,Alternate / bridge,12,888,29.6,FFmpeg automatic extraction,True,1,0.1883,automatic nearest glyph,provisional automatic read,000001100101000001000000000000010000001000000000001000000000000010000001000000000
67,E6C6-D,E6C6-D,E6C6,Alternate / bridge,13,894,29.8,FFmpeg automatic extraction,True,0,0.2229,automatic nearest glyph,provisional automatic read,000000000000000000000000000000010000000000000100000000000000000000000000000000000
135,E6C6-D,E6C6-D,E6C6,Alternate / bridge,14,900,30.0,FFmpeg automatic extraction,True,0,0.184,automatic nearest glyph,provisional automatic read,000000000001000000000010000100000001000000000000000000000000000001000000010001000
136,E6C6-D,E6C6-D,E6C6,Alternate / bridge,15,906,30.2,FFmpeg automatic extraction,True,1,0.2034,automatic nearest glyph,provisional automatic read,000000000100000000110010001100000000000000000000000000100000000000000000100001100
137,E6C6-D,E6C6-D,E6C6,Alternate / bridge,16,912,30.4,FFmpeg automatic extraction,True,0,0.2105,automatic nearest glyph,provisional automatic read,000001000001000010000000001000101001000010000000000000000000000010000100000000101
138,E6C6-D,E6C6-D,E6C6,Alternate / bridge,17,917,30.5667,FFmpeg automatic extraction,True,0,0.2227,automatic nearest glyph,provisional automatic read,000000000000000010000000000000000000000010000100100000000000000000000010000000000
139,E6C6-D,E6C6-D,E6C6,Alternate / bridge,18,924,30.8,FFmpeg automatic extraction,True,0,0.2243,automatic nearest glyph,provisional automatic read,000100100000000000000000000000011000000110000000000000100000000000000000000000100
146,E6C6-D,E6C6-D,E6C6,Alternate / bridge,19,930,31.0,FFmpeg automatic extraction,True,0,0.1938,automatic nearest glyph,provisional automatic read,010000001000000000010010000000001000000010000000101000100000010001000000000000000
141,E6C6-D,E6C6-D,E6C6,Alternate / bridge,20,936,31.2,FFmpeg automatic extraction,True,0,0.169,automatic nearest glyph,provisional automatic read,000000001000000010000010000000000000000010000100000000100000000000000000001000000
142,E6C6-D,E6C6-D,E6C6,Alternate / bridge,21,941,31.3667,FFmpeg automatic extraction,True,0,0.2298,automatic nearest glyph,provisional automatic read,000000000000000010010010001100000000000000100000011000000000001000000100000000000
143,E6C6-D,E6C6-D,E6C6,Alternate / bridge,22,945,31.5,FFmpeg automatic extraction,True,3,0.1838,automatic nearest glyph,provisional automatic read,000000000000000110000000000000100000001000000000010000100000000010000101100000100
119,E6C6-N,E6C6-N,E6C6,Unknown,1,347,11.5667,FFmpeg automatic extraction,True,2,0.2107,automatic nearest glyph,provisional automatic read,000000000001000100000000010000110000001000000100000001000000000011000000000000000
120,E6C6-N,E6C6-N,E6C6,Unknown,2,353,11.7667,FFmpeg automatic extraction,True,1,0.2158,automatic nearest glyph,provisional automatic read,000100000000000000000010000000100000000010000000100000000000010000000000100001000
121,E6C6-N,E6C6-N,E6C6,Unknown,3,359,11.9667,FFmpeg automatic extraction,True,1,0.1991,automatic nearest glyph,provisional automatic read,000000000101000000010000001100110000000000000100001000000000000000000000000000000
122,E6C6-N,E6C6-N,E6C6,Unknown,4,365,12.1667,FFmpeg automatic extraction,True,1,0.1901,automatic nearest glyph,provisional automatic read,000000000000000000100010001000000000000000000000000000000000001001000010000000000
123,E6C6-N,E6C6-N,E6C6,Unknown,5,371,12.3667,FFmpeg automatic extraction,True,0,0.2148,automatic nearest glyph,provisional automatic read,000000000000000010000000000000000000000000000000000000010000000000000000100000000
124,E6C6-N,E6C6-N,E6C6,Unknown,6,377,12.5667,FFmpeg automatic extraction,True,2,0.1914,automatic nearest glyph,provisional automatic read,000100000000000000000000000000100001000010000000000000010010000000000000000000000
125,E6C6-N,E6C6-N,E6C6,Unknown,7,383,12.7667,FFmpeg automatic extraction,True,1,0.1926,automatic nearest glyph,provisional automatic read,000001000000000010000000000000000000001010000000010000000010000000000000000000000
126,E6C6-N,E6C6-N,E6C6,Unknown,8,389,12.9667,FFmpeg automatic extraction,True,0,0.2172,automatic nearest glyph,provisional automatic read,000000000000000000000000000000000000001000000000100000000000000001000010001000100
112,E6C6-N,E6C6-N,E6C6,Unknown,9,395,13.1667,FFmpeg automatic extraction,True,0,0.2174,automatic nearest glyph,provisional automatic read,000001000000000000000000000000001000000000000100000000000010000000000100000000000
38,E6C6-N,E6C6-N,E6C6,Unknown,10,401,13.3667,FFmpeg automatic extraction,True,0,0.2134,automatic nearest glyph,provisional automatic read,000000000000000000000000000000001000000010000000100001000000010001000000000000000
39,E6C6-N,E6C6-N,E6C6,Unknown,11,407,13.5667,FFmpeg automatic extraction,True,2,0.206,automatic nearest glyph,provisional automatic read,000101000001000000010000000000000000000000100100000000000000000000000001000000000
131,E6C6-N,E6C6-N,E6C6,Unknown,12,413,13.7667,FFmpeg automatic extraction,True,2,0.1602,automatic nearest glyph,provisional automatic read,100000000000000000000000000000000000000001000100000000000000000010000000000001000
41,E6C6-N,E6C6-N,E6C6,Unknown,13,419,13.9667,FFmpeg automatic extraction,True,1,0.1891,automatic nearest glyph,provisional automatic read,000101000010000010010000001000000000001010000100000000000000000000000010000100000
42,E6C6-N,E6C6-N,E6C6,Unknown,14,425,14.1667,FFmpeg automatic extraction,True,0,0.2034,automatic nearest glyph,provisional automatic read,000000000101000010000000000100010000000000000000000001100000000000000000000100010
43,E6C6-N,E6C6-N,E6C6,Unknown,15,431,14.3667,FFmpeg automatic extraction,True,2,0.2156,automatic nearest glyph,provisional automatic read,100101000000000001100000011000100000001100000000010000000000011000000010000000000
44,E6C6-N,E6C6-N,E6C6,Unknown,16,437,14.5667,FFmpeg automatic extraction,True,0,0.2028,automatic nearest glyph,provisional automatic read,010001000110000000000000000000000000000000000000011000000000000010000000000000010
45,E6C6-N,E6C6-N,E6C6,Unknown,17,443,14.7667,FFmpeg automatic extraction,True,3,0.1802,automatic nearest glyph,provisional automatic read,000000000000000100010000000100011001001001000000100000000000001000000000001000000
46,E6C6-N,E6C6-N,E6C6,Unknown,18,449,14.9667,FFmpeg automatic extraction,True,2,0.2107,automatic nearest glyph,provisional automatic read,000000101000000110000000000000000000000100000000100001000000011000000000000000000
47,E6C6-N,E6C6-N,E6C6,Unknown,19,455,15.1667,FFmpeg automatic extraction,True,2,0.1932,automatic nearest glyph,provisional automatic read,000001000011000010000000010100000000001100000000000000000010000000000000000000000
48,E6C6-N,E6C6-N,E6C6,Unknown,20,461,15.3667,FFmpeg automatic extraction,True,0,0.1922,automatic nearest glyph,provisional automatic read,011000000000000000000010000000101000001010000000000000000000001010000000000000000
49,E6C6-N,E6C6-N,E6C6,Unknown,21,467,15.5667,FFmpeg automatic extraction,True,0,0.1904,automatic nearest glyph,provisional automatic read,001000000000000000100000011000101000000000000000000000100000000100000101000100000
62,Youtube_1,Youtube_1,Era 5 legacy,Unknown,1,49,1.6462,ArchiveInvest manual,False,0,,matches corpus tag,matches repeated corpus observations,000100101000000000010010000000001000001010100100100000000000010000000000000000010
63,Youtube_1,Youtube_1,Era 5 legacy,Unknown,2,53,1.7795,ArchiveInvest manual,False,0,,matches corpus tag,matches repeated corpus observations,000100000010000000010010001000010000000001000000010000000000000000000000110000001
64,Youtube_1,Youtube_1,Era 5 legacy,Unknown,3,54,1.8128,ArchiveInvest manual,False,0,,matches corpus tag,matches repeated corpus observations,000000100000000000000000000100100000000000100000000000000010010000000101010000100
65,Youtube_1,Youtube_1,Era 5 legacy,Unknown,4,59,1.9795,ArchiveInvest manual,False,0,,matches corpus tag,matches repeated corpus observations,000000000000000001100000001000001000000000100000100000000000000000000010001100000
66,Youtube_1,Youtube_1,Era 5 legacy,Unknown,5,64,2.1461,ArchiveInvest manual,False,0,,matches corpus tag,matches repeated corpus observations,000001100101000001000000000000010000001000000000001000000000000010000001000000010
67,Youtube_1,Youtube_1,Era 5 legacy,Unknown,6,67,2.2461,ArchiveInvest manual,False,0,,matches corpus tag,matches repeated corpus observations,000000000000000000000000000000010000000000000100000000000000000000000000000000000
135,Youtube_1,Youtube_1,Era 5 legacy,Unknown,7,72,2.4128,ArchiveInvest manual,False,0,,matches corpus tag,matches repeated corpus observations,000000000001000000000010000100000001000000000000000000000000000001000000010001000
136,Youtube_1,Youtube_1,Era 5 legacy,Unknown,8,78,2.6128,ArchiveInvest manual,False,0,,matches corpus tag,matches repeated corpus observations,000000000100000000110010001100000000000000000000000000100000000000000001100001100
137,Youtube_1,Youtube_1,Era 5 legacy,Unknown,9,81,2.7128,ArchiveInvest manual,False,0,,matches corpus tag,matches repeated corpus observations,000001000001000010000000001000101001000010000000000000000000000010000100000000101
138,Youtube_1,Youtube_1,Era 5 legacy,Unknown,10,86,2.8794,ArchiveInvest manual,False,0,,matches corpus tag,matches repeated corpus observations,000000000000000010000000000000000000000010000100100000000000000000000010000000000
139,Youtube_1,Youtube_1,Era 5 legacy,Unknown,11,92,3.0794,ArchiveInvest manual,False,0,,matches corpus tag,matches repeated corpus observations,000100100000000000000000000000011000000110000000000000100000000000000000000000100
146,Youtube_1,Youtube_1,Era 5 legacy,Unknown,12,95,3.1794,ArchiveInvest manual,False,0,,matches corpus tag,matches repeated corpus observations,010000001000000000010010000000001000000010000000101000100000010001000000000000000
141,Youtube_1,Youtube_1,Era 5 legacy,Unknown,13,101,3.3794,ArchiveInvest manual,False,0,,matches corpus tag,matches repeated corpus observations,000000001000000010000010000000000000000010000100000000100000000000000000001000000
142,Youtube_1,Youtube_1,Era 5 legacy,Unknown,14,105,3.5128,ArchiveInvest manual,False,0,,matches corpus tag,matches repeated corpus observations,000000000000000010010010001100000000000000100000011000000000001000000100000000000
143,Youtube_1,Youtube_1,Era 5 legacy,Unknown,15,109,3.6461,ArchiveInvest manual,False,0,,matches corpus tag,matches repeated corpus observations,000000000100000110000000000000100000001000000000010000100000000110000101100000101
144,Youtube_1,Youtube_1,Era 5 legacy,Unknown,16,115,3.8461,ArchiveInvest manual,False,0,,matches corpus tag,matches repeated corpus observations,000000000000000100010000000100010000001000100000000000010000000010000000010000010
