recording,ordinal,frame,source_video,source_sha256,method,review_status,overlay_enabled,corpus_fingerprint,detected_fingerprint,hamming_to_corpus,detector_separation,comparison,center_x,center_y,pitch_x,pitch_y,fit_score_x,fit_score_y
E6C2-11,1,621,E6C2-11.mp4,f3e315472d4fc703857cc217e622fed1087fd87c5d2c3edaa37d4ada4c0c9389,independent-grid-line-plus-ring-read-v1,pending,False,010000000010000100000000010000000000000010100000000000010000000000000000010000001,111101111111000101110000010100100001001011000000001001000010011100000111110001111,32,0.1608,disagreement,266.0,253.0,28.5,22.5,20.2498,20.8687
E6C2-11,2,626,E6C2-11.mp4,f3e315472d4fc703857cc217e622fed1087fd87c5d2c3edaa37d4ada4c0c9389,independent-grid-line-plus-ring-read-v1,pending,False,000000000000000000010000010000000000000100000100101000010000000011000000000000000,000000000000000011010010011000000000000110000100111001010010011011000000000000001,11,0.137,disagreement,238.0,280.0,30.0,30.0,24.521,27.8073
E6C2-11,3,630,E6C2-11.mp4,f3e315472d4fc703857cc217e622fed1087fd87c5d2c3edaa37d4ada4c0c9389,independent-grid-line-plus-ring-read-v1,pending,False,000001001000000010000000000000010000000000000000000000010010000001000001000100000,000001011000000101100000011000100001001111000000000001100000011010000011001000001,26,0.1338,disagreement,269.0,273.0,32.0,32.0,27.7196,38.3481
E6C2-11,4,634,E6C2-11.mp4,f3e315472d4fc703857cc217e622fed1087fd87c5d2c3edaa37d4ada4c0c9389,independent-grid-line-plus-ring-read-v1,pending,False,100001000000000000000000000000000000000010000000000000010000000000000000000000000,011000001110000101100000011000000001000100000000000001100000001000000001000000001,21,0.1128,disagreement,270.0,273.0,34.0,33.5,39.5683,28.9538
E6C2-11,5,640,E6C2-11.mp4,f3e315472d4fc703857cc217e622fed1087fd87c5d2c3edaa37d4ada4c0c9389,independent-grid-line-plus-ring-read-v1,pending,False,000000000011000000000000000000000000000000100100001000010000000001000000010000000,000000000011000000000000001000000000000000100100001000010010001001000101000000000,6,0.0881,disagreement,236.0,273.0,34.0,34.5,32.456,33.76
E6C2-11,6,646,E6C2-11.mp4,f3e315472d4fc703857cc217e622fed1087fd87c5d2c3edaa37d4ada4c0c9389,independent-grid-line-plus-ring-read-v1,pending,False,001000001011000000100000000000000000000000000000000001010000000010000000000001000,010000011110000001000000011000100001000100000000100001100000011110000111001001001,23,0.1156,disagreement,270.0,273.0,34.0,34.5,32.2542,33.2183
E6C2-11,7,652,E6C2-11.mp4,f3e315472d4fc703857cc217e622fed1087fd87c5d2c3edaa37d4ada4c0c9389,independent-grid-line-plus-ring-read-v1,pending,False,000001001101000000100010001000000001000001000000000000000000000000000000000000001,000001001001000000100010001000000001000001000000000000000010001000000101000000100,7,0.0877,disagreement,236.0,273.0,34.0,34.5,33.7046,33.0531
E6C2-11,8,658,E6C2-11.mp4,f3e315472d4fc703857cc217e622fed1087fd87c5d2c3edaa37d4ada4c0c9389,independent-grid-line-plus-ring-read-v1,pending,False,000000010000000001000000000000000000000000000000000000000000000010000000001001000,000000101000000001000000011000100001000100000000100001000000011110000111011001001,18,0.1022,disagreement,270.0,273.0,34.0,34.5,33.4752,34.1658
E6C2-11,9,664,E6C2-11.mp4,f3e315472d4fc703857cc217e622fed1087fd87c5d2c3edaa37d4ada4c0c9389,independent-grid-line-plus-ring-read-v1,pending,False,000000000000000000010000010000000000000000000100000000000010001000000101001000000,000000000000000000010000011000000000000000000100000000000010001000000101001000100,2,0.0912,near support,236.0,273.0,34.0,34.5,33.5825,33.7604
E6C2-11,10,670,E6C2-11.mp4,f3e315472d4fc703857cc217e622fed1087fd87c5d2c3edaa37d4ada4c0c9389,independent-grid-line-plus-ring-read-v1,pending,False,100001000000000000000010000000000000000000000100010001000000000000000010100101000,000000001000000001000000011000100001001000000000100001000000011010000111001001001,22,0.1128,disagreement,270.0,273.0,34.0,34.5,33.2225,32.961
E6C2-11,11,676,E6C2-11.mp4,f3e315472d4fc703857cc217e622fed1087fd87c5d2c3edaa37d4ada4c0c9389,independent-grid-line-plus-ring-read-v1,pending,False,010000001001000001000000010000000000000000000000000000000000001001000000000000010,000000011010000001000000011000100001001000000000100001000000011010000111000001101,20,0.1053,disagreement,270.0,273.0,34.0,34.5,33.179,34.0888
E6C2-11,12,682,E6C2-11.mp4,f3e315472d4fc703857cc217e622fed1087fd87c5d2c3edaa37d4ada4c0c9389,independent-grid-line-plus-ring-read-v1,pending,False,001000000010000100010000001000010001000000000000000001000000010100000001100001101,010000001100000001100000011000100001000100000000100001000000011000000011000001001,19,0.1165,disagreement,270.0,273.0,34.0,34.5,32.996,32.741
E6C2-11,13,688,E6C2-11.mp4,f3e315472d4fc703857cc217e622fed1087fd87c5d2c3edaa37d4ada4c0c9389,independent-grid-line-plus-ring-read-v1,pending,False,100000010000000000000000000000000000001010100000001000000000010100000001000001000,100000010000000000000000001000000000001010100000001000000010011000000101000001110,7,0.0924,disagreement,236.0,273.0,34.0,34.5,32.7529,32.7796
E6C2-11,14,694,E6C2-11.mp4,f3e315472d4fc703857cc217e622fed1087fd87c5d2c3edaa37d4ada4c0c9389,independent-grid-line-plus-ring-read-v1,pending,False,000001000110000100000000000100110000000101000000000000000000000000000010000000001,000001000010000100000000001000110000000101000000000000000010001000000111000000110,10,0.09,disagreement,236.0,273.0,34.0,34.5,32.4917,32.734
E6C2-11,15,700,E6C2-11.mp4,f3e315472d4fc703857cc217e622fed1087fd87c5d2c3edaa37d4ada4c0c9389,independent-grid-line-plus-ring-read-v1,pending,False,001000001000000101000000011000100000000000100000000000000010010100000000000000010,001000101000000100000000011000100000000000100000000000000010011000000101000000110,7,0.0947,disagreement,236.0,273.0,34.0,34.5,33.2021,33.0515
E6C2-11,16,706,E6C2-11.mp4,f3e315472d4fc703857cc217e622fed1087fd87c5d2c3edaa37d4ada4c0c9389,independent-grid-line-plus-ring-read-v1,pending,False,000000000110000000000000000100001001000010000000100000100000000000000010000000000,000000000010000000000000001100001001000010000000100000100010001000000111000000110,8,0.0985,disagreement,236.0,273.0,34.0,34.5,33.2179,34.3308
E6C2-11,17,712,E6C2-11.mp4,f3e315472d4fc703857cc217e622fed1087fd87c5d2c3edaa37d4ada4c0c9389,independent-grid-line-plus-ring-read-v1,pending,False,000000000000000100000000010000110000000001000000001001000000000100000000001000100,000000000000000100000000011000110000000001000000001001000010001000000110001000100,6,0.0943,disagreement,236.0,273.0,34.0,34.5,32.8413,33.8037
E6C2-11,18,719,E6C2-11.mp4,f3e315472d4fc703857cc217e622fed1087fd87c5d2c3edaa37d4ada4c0c9389,independent-grid-line-plus-ring-read-v1,pending,False,001001000000000000000000010000000000000000000000000001100000000101000000000101000,001001000000000000000000011000000000000000000000000001100010001001000110000101100,7,0.0865,disagreement,236.0,273.0,34.0,34.5,32.5594,33.4463
E6C2-11,19,723,E6C2-11.mp4,f3e315472d4fc703857cc217e622fed1087fd87c5d2c3edaa37d4ada4c0c9389,independent-grid-line-plus-ring-read-v1,pending,False,000001000000000000000000000100000000000000000000011000010000010000000000000000000,000000001000000001000000011000100001000100000000110001100000011000000101001001001,20,0.1114,disagreement,270.0,273.0,34.0,34.5,33.3227,33.9779
E6C2-11,20,729,E6C2-11.mp4,f3e315472d4fc703857cc217e622fed1087fd87c5d2c3edaa37d4ada4c0c9389,independent-grid-line-plus-ring-read-v1,pending,False,001000000110000000110000000000000000000100000100000000000000000100000010000000100,001000000010000000110000001000000000000100000100000000000010001000000111000000100,7,0.0869,disagreement,236.0,273.0,34.0,34.5,33.0158,33.3819
E6C2-11,21,736,E6C2-11.mp4,f3e315472d4fc703857cc217e622fed1087fd87c5d2c3edaa37d4ada4c0c9389,independent-grid-line-plus-ring-read-v1,pending,False,000000000000000010000000000000010001000000000000100000110000000001000000000000100,000000001000000101000000011000100001000100000000100001100000011010000111001001001,22,0.1165,disagreement,270.0,273.0,34.0,34.5,33.4517,34.1715
E6C2-11,22,742,E6C2-11.mp4,f3e315472d4fc703857cc217e622fed1087fd87c5d2c3edaa37d4ada4c0c9389,independent-grid-line-plus-ring-read-v1,pending,False,000000000001000001000000010000100001001001000000000000000000001001000000000000000,000000000001000000000000011000100001001001000000000000000010001001000101000000100,6,0.0859,disagreement,236.0,273.0,34.0,34.5,32.8758,33.9769
E6C2-11,23,748,E6C2-11.mp4,f3e315472d4fc703857cc217e622fed1087fd87c5d2c3edaa37d4ada4c0c9389,independent-grid-line-plus-ring-read-v1,pending,False,000000000000000001000000000000100000000000000000000000000000000000000010000000001,000000000000000000000000001000100000000000000000000000000010001000000111000000100,8,0.0727,disagreement,236.0,273.0,34.0,34.5,34.4306,34.9077
E6C2-11,24,754,E6C2-11.mp4,f3e315472d4fc703857cc217e622fed1087fd87c5d2c3edaa37d4ada4c0c9389,independent-grid-line-plus-ring-read-v1,pending,False,001000000000000000100000010000010000000011000000000001000000001001000000001100100,001000000000000000100000011000010000000011000000000001000010001001000101001100100,4,0.105,disagreement,236.0,273.0,34.0,34.5,32.7223,32.879
E6C2-11,25,760,E6C2-11.mp4,f3e315472d4fc703857cc217e622fed1087fd87c5d2c3edaa37d4ada4c0c9389,independent-grid-line-plus-ring-read-v1,pending,False,000000011000000000000000000000000000001100000000000000000000010101000001000000000,000000111000000001000000011000100001001100000000100001000000011010000111001001001,17,0.1081,disagreement,270.0,273.0,34.0,34.5,33.265,33.9696
E6C2-11,26,766,E6C2-11.mp4,f3e315472d4fc703857cc217e622fed1087fd87c5d2c3edaa37d4ada4c0c9389,independent-grid-line-plus-ring-read-v1,pending,False,101000000100000000010000000000000000000100100000000000110010010010000000001000000,101000000000000000010000001000000000000100100000000000110010011010000101001000100,6,0.102,disagreement,236.0,273.0,34.0,34.5,31.9712,33.3081
E6C2-11,27,772,E6C2-11.mp4,f3e315472d4fc703857cc217e622fed1087fd87c5d2c3edaa37d4ada4c0c9389,independent-grid-line-plus-ring-read-v1,pending,False,000000000000000100000000001100100000000000000000000000100000001000000000010000000,000000000000000100000000001100100000000000000000000000100010001000000101000000100,5,0.0896,disagreement,236.0,273.0,34.0,34.5,34.1571,34.3812
E6C2-11,28,778,E6C2-11.mp4,f3e315472d4fc703857cc217e622fed1087fd87c5d2c3edaa37d4ada4c0c9389,independent-grid-line-plus-ring-read-v1,pending,False,010000100100000000000000000000000000001000000000000000000010000001000000000000000,000001001000000001000000011000100001000100000000100001000000011010000101001001001,24,0.1103,disagreement,270.0,273.0,34.0,34.5,33.1613,33.7379
E6C2-11,29,784,E6C2-11.mp4,f3e315472d4fc703857cc217e622fed1087fd87c5d2c3edaa37d4ada4c0c9389,independent-grid-line-plus-ring-read-v1,pending,False,000001000000000100010000000000100000000100000000000000000000000001000000001001010,000000001000000001100000011000100001001100000000100001000000011010000101011001101,22,0.116,disagreement,270.0,273.0,34.0,34.5,31.5133,33.3177
E6C2-11,30,790,E6C2-11.mp4,f3e315472d4fc703857cc217e622fed1087fd87c5d2c3edaa37d4ada4c0c9389,independent-grid-line-plus-ring-read-v1,pending,False,000000000000000000000000010000011001000000000000000000000000000000000001001000000,000000000000000000000000011000011001000000000000000000000010001000000101001000100,5,0.0831,disagreement,236.0,273.0,34.0,34.5,33.3721,34.5808
E6C2-11,31,795,E6C2-11.mp4,f3e315472d4fc703857cc217e622fed1087fd87c5d2c3edaa37d4ada4c0c9389,independent-grid-line-plus-ring-read-v1,pending,False,100000000001000000000000010000000000000001000000010000010000000001000100011000101,000000000000000000000000011000011001000000000000000000000010001000000101001000100,15,0.0841,disagreement,236.0,273.0,34.0,34.5,33.4898,34.6848
E6C2-11,32,801,E6C2-11.mp4,f3e315472d4fc703857cc217e622fed1087fd87c5d2c3edaa37d4ada4c0c9389,independent-grid-line-plus-ring-read-v1,pending,False,001001010010000100010000001000100001000000000000010000000000000101000000001000000,001001010010000100010000001000100001000000000000010000000010001001000101001000100,6,0.102,disagreement,236.0,273.0,34.0,34.5,31.5302,32.0702
E6C2-1K,1,226,E6C2-1K zoomed.mp4,678cbc8989d975d610dfa69ff33385a02037ca794807a4aedda5e330a7f02325,independent-grid-line-plus-ring-read-v1,pending,False,000000000000000000000000000000001000000010000000100001000000010001000000000000000,111101111111000111110010011100000001000000000100000001110000001111000001111101111,40,0.3829,disagreement,218.0,212.0,29.5,29.5,13.7944,14.4933
E6C2-1K,2,227,E6C2-1K zoomed.mp4,678cbc8989d975d610dfa69ff33385a02037ca794807a4aedda5e330a7f02325,independent-grid-line-plus-ring-read-v1,pending,False,000101000001000000010000000100000000000000100100000000000000000000000001000000001,111101111111000111100010011100000001000000000100000001100000001100000011100000001,24,0.327,disagreement,245.0,215.0,23.5,23.5,13.3319,14.2479
E6C2-1K,3,238,E6C2-1K zoomed.mp4,678cbc8989d975d610dfa69ff33385a02037ca794807a4aedda5e330a7f02325,independent-grid-line-plus-ring-read-v1,pending,False,100000000000000001000000000000000000000001000100000000000000000010000000000001011,000000000001000010000000000000000000000001000100000000000000000010000000000001010,5,0.2435,disagreement,244.0,242.0,20.5,19.5,13.244,14.2038
E6C2-1K,4,244,E6C2-1K zoomed.mp4,678cbc8989d975d610dfa69ff33385a02037ca794807a4aedda5e330a7f02325,independent-grid-line-plus-ring-read-v1,pending,False,000101000010000010010000001000000000001010000100000000000000000000000010000100001,100000100101000001100000000100000000000111100100000000100000000101000011100000001,23,0.2366,disagreement,220.0,240.0,20.5,20.5,16.0115,16.435
E6C2-1K,5,250,E6C2-1K zoomed.mp4,678cbc8989d975d610dfa69ff33385a02037ca794807a4aedda5e330a7f02325,independent-grid-line-plus-ring-read-v1,pending,False,000000000101000010000000000100010000000000000000000001100000000000000000000100010,100000000101000010100000000100010000000010000100000000010000000000000010100101111,12,0.1673,disagreement,239.0,245.0,23.5,23.5,16.7367,18.4271
E6C2-1K,6,251,E6C2-1K zoomed.mp4,678cbc8989d975d610dfa69ff33385a02037ca794807a4aedda5e330a7f02325,independent-grid-line-plus-ring-read-v1,pending,False,100101000000000001100000011000100000001100000000010000000000011000000010000000011,100101000000000000110000011100111000000110000100010000000000011000000010100101111,12,0.1667,disagreement,239.0,245.0,23.5,23.5,17.909,17.5012
E6C2-1K,7,262,E6C2-1K zoomed.mp4,678cbc8989d975d610dfa69ff33385a02037ca794807a4aedda5e330a7f02325,independent-grid-line-plus-ring-read-v1,pending,False,010001000110000000000000000000000000000000000000011000000000000010000000000000010,000001100010000000000000000000000000000011000000111001000010000010000000000000000,9,0.1502,disagreement,239.0,239.0,23.5,23.5,18.6402,20.5777
E6C2-1K,8,264,E6C2-1K zoomed.mp4,678cbc8989d975d610dfa69ff33385a02037ca794807a4aedda5e330a7f02325,independent-grid-line-plus-ring-read-v1,pending,False,010000000000000100010000000100011001001001000000100000000000001000000000001000011,000000000000000100010000000100011001001001000000100000000000001000000000000000000,4,0.1861,disagreement,241.0,242.0,25.0,25.0,17.1079,17.5119
E6C2-1K,9,270,E6C2-1K zoomed.mp4,678cbc8989d975d610dfa69ff33385a02037ca794807a4aedda5e330a7f02325,independent-grid-line-plus-ring-read-v1,pending,False,000000101100000110000000000000000000000100000000100001000000011000000000000000010,000000101100000110000000000000000000000100000000100001000000011000000000001000000,2,0.2215,near support,244.0,240.0,26.5,26.5,19.8475,22.48
E6C2-1K,10,275,E6C2-1K zoomed.mp4,678cbc8989d975d610dfa69ff33385a02037ca794807a4aedda5e330a7f02325,independent-grid-line-plus-ring-read-v1,pending,False,000001000011000010000000010100000000001100000000000000000010000000000001000000001,110100010101000001110000000100000000000111000100000000110000000100000000110000000,24,0.2009,disagreement,204.0,242.0,23.5,29.5,19.1237,21.4635
E6C2-1K,11,281,E6C2-1K zoomed.mp4,678cbc8989d975d610dfa69ff33385a02037ca794807a4aedda5e330a7f02325,independent-grid-line-plus-ring-read-v1,pending,False,011000000000000000000010000000101000001010000000000000000000001010000000000000000,001000000000000000000010000000101000001010000000000000000000001010000000000000000,1,0.2866,near support,245.0,242.0,29.5,29.5,19.226,28.3225
E6C2-1K,12,287,E6C2-1K zoomed.mp4,678cbc8989d975d610dfa69ff33385a02037ca794807a4aedda5e330a7f02325,independent-grid-line-plus-ring-read-v1,pending,False,001000000000000000100000011000101000000000000000000000100000000100000101000100000,001000000000000000100000011000101000000000000000000000100000000000000101000100000,1,0.184,near support,242.0,242.0,29.5,29.5,23.004,28.9458
E6C2-1K,13,293,E6C2-1K zoomed.mp4,678cbc8989d975d610dfa69ff33385a02037ca794807a4aedda5e330a7f02325,independent-grid-line-plus-ring-read-v1,pending,False,000000001100000010000000000100010000000000000000000000000000000000000000000000000,000000011000000001000000011000010001000000000000000001000000011000000001000000001,13,0.228,disagreement,298.0,242.0,23.5,29.5,21.4673,25.1167
E6C2-1K,14,299,E6C2-1K zoomed.mp4,678cbc8989d975d610dfa69ff33385a02037ca794807a4aedda5e330a7f02325,independent-grid-line-plus-ring-read-v1,pending,False,000000000001000000010000000000000000000100000000000000000000000001000000000001000,000000000001000000010000010000000000000100000000000000000000000101000010000001000,3,0.1596,disagreement,244.0,238.0,32.5,33.0,21.7256,24.0202
E6C2-1K,15,305,E6C2-1K zoomed.mp4,678cbc8989d975d610dfa69ff33385a02037ca794807a4aedda5e330a7f02325,independent-grid-line-plus-ring-read-v1,pending,False,100000100001000000000000000000010000001000000000001000000000000100000000010100001,101101100001000000100000000100010000001000000100001000000000000000000000000100000,9,0.1169,disagreement,239.0,238.0,35.5,34.0,22.046,23.2879
E6C2-1K,16,310,E6C2-1K zoomed.mp4,678cbc8989d975d610dfa69ff33385a02037ca794807a4aedda5e330a7f02325,independent-grid-line-plus-ring-read-v1,pending,False,001000000001000000100000010100000000000000000000000000100000000001000000000000000,001000000001000000110010011100111001000111000000110001100000000001000000000000000,13,0.0721,disagreement,239.0,245.0,35.5,35.5,28.4085,26.489
E6C2-1K,17,317,E6C2-1K zoomed.mp4,678cbc8989d975d610dfa69ff33385a02037ca794807a4aedda5e330a7f02325,independent-grid-line-plus-ring-read-v1,pending,False,000001000010000000000000010000100000001000000000100000010000000000000010001000111,001000110001000010100000011000000000000011000000111000000000000111000010000000000,23,0.1427,disagreement,219.0,218.0,29.5,29.5,26.3798,26.2181
E6C2-1K,18,323,E6C2-1K zoomed.mp4,678cbc8989d975d610dfa69ff33385a02037ca794807a4aedda5e330a7f02325,independent-grid-line-plus-ring-read-v1,pending,False,000000000000000000000000001100010000000000000000000000000000000000000000011000100,000000000100000001100000001000110000000000000000011001000000000000000000010000100,9,0.147,disagreement,254.0,237.0,29.5,38.0,25.2198,26.6598
E6C2-1K,19,329,E6C2-1K zoomed.mp4,678cbc8989d975d610dfa69ff33385a02037ca794807a4aedda5e330a7f02325,independent-grid-line-plus-ring-read-v1,pending,False,000000100000000001100000001000000000000100000000000000100000000010000000001000000,000000000000000000000000000000100000001101000000101000000000000000000001100000000,14,0.1997,disagreement,245.0,247.0,23.5,29.5,26.5708,25.6223
E6C2-1K,20,335,E6C2-1K zoomed.mp4,678cbc8989d975d610dfa69ff33385a02037ca794807a4aedda5e330a7f02325,independent-grid-line-plus-ring-read-v1,pending,False,010000000101000000000000000000001000000010000000000001000000000001000010000000000,000000001000000000000000011100100001000000000100000001000000011010000111000001101,21,0.2335,disagreement,329.0,237.0,20.5,40.5,22.8417,25.2544
E6C2-1K,21,342,E6C2-1K zoomed.mp4,678cbc8989d975d610dfa69ff33385a02037ca794807a4aedda5e330a7f02325,independent-grid-line-plus-ring-read-v1,pending,False,001001000000000001000000000000110000000000000100010000000000000000000000000000011,111101111001000000000000001000000000000110000000000000100010000000000000000000000,19,0.239,disagreement,242.0,201.0,41.0,41.5,23.9148,27.0477
E6C2-1K,22,347,E6C2-1K zoomed.mp4,678cbc8989d975d610dfa69ff33385a02037ca794807a4aedda5e330a7f02325,independent-grid-line-plus-ring-read-v1,pending,False,001000000001000010000000001000000000000000100000000000000000000000000000000000000,001000000001000010000000001000000000000000100000000000000000010000000000000000000,1,0.1395,near support,245.0,236.0,43.0,43.0,25.0477,27.515
E6C2-1K,23,354,E6C2-1K zoomed.mp4,678cbc8989d975d610dfa69ff33385a02037ca794807a4aedda5e330a7f02325,independent-grid-line-plus-ring-read-v1,pending,False,000000000000000001000000000100110000000000000000010000100000010000000000000001010,000000000000000000000000000100110000001101000100111000100000010110000010001001000,12,0.0941,disagreement,247.0,234.0,44.0,44.0,25.8069,30.056
E6C2-1K,24,359,E6C2-1K zoomed.mp4,678cbc8989d975d610dfa69ff33385a02037ca794807a4aedda5e330a7f02325,independent-grid-line-plus-ring-read-v1,pending,False,000100100000000000000000000000101000000010000000000000000010000100000000001000100,000100100000000000000000000000101000001010000000100000000010000010000000011101100,7,0.1657,disagreement,247.0,236.0,44.0,45.5,27.0662,34.315
E6C2-1K,25,365,E6C2-1K zoomed.mp4,678cbc8989d975d610dfa69ff33385a02037ca794807a4aedda5e330a7f02325,independent-grid-line-plus-ring-read-v1,pending,False,000100101000000000010010000000001000001010100100100000000000010000000000000000010,000100101000000010010010000000001000001010100100100000010000010000000010000000000,4,0.1445,disagreement,245.0,245.0,47.0,47.0,30.9725,33.6085
E6C2-1K,26,372,E6C2-1K zoomed.mp4,678cbc8989d975d610dfa69ff33385a02037ca794807a4aedda5e330a7f02325,independent-grid-line-plus-ring-read-v1,pending,False,000100000010000000010010001000010000000001000000010000000000000000000000110000001,000100000010000000010010001000010000000001000000010000000000001000000000000000000,4,0.1523,disagreement,239.0,236.0,47.0,48.5,28.0356,30.4529
E6C2-1K,27,376,E6C2-1K zoomed.mp4,678cbc8989d975d610dfa69ff33385a02037ca794807a4aedda5e330a7f02325,independent-grid-line-plus-ring-read-v1,pending,False,000000100000000000000000000100100000000000100000000000000010010000000101010000100,000000000000000001010010000000010000000000000000001001000000010000000010000000000,16,0.1217,disagreement,197.0,285.0,50.0,49.5,33.0998,30.5323
E6C2-1K,28,382,E6C2-1K zoomed.mp4,678cbc8989d975d610dfa69ff33385a02037ca794807a4aedda5e330a7f02325,independent-grid-line-plus-ring-read-v1,pending,False,000000000000000001100000001000001000000000100000100000000000000000000010001100000,000000000000000000100000001000001000000000100000100000000000000000000010001100000,1,0.1443,near support,244.0,235.0,50.0,50.5,28.4723,29.7092
E6C2-1K,29,389,E6C2-1K zoomed.mp4,678cbc8989d975d610dfa69ff33385a02037ca794807a4aedda5e330a7f02325,independent-grid-line-plus-ring-read-v1,pending,False,000001100101000001000000000000010000001000000000001000000000000010000001000000010,001000110000000000000000010000111000000001000000000000000000000001000010000001010,17,0.1566,disagreement,160.0,286.0,29.5,51.5,29.4315,31.0329
E6C2-1K,30,396,E6C2-1K zoomed.mp4,678cbc8989d975d610dfa69ff33385a02037ca794807a4aedda5e330a7f02325,independent-grid-line-plus-ring-read-v1,pending,False,000000000000000000000000000000010000000000000100000000000000000000000000000000000,000000000000000000000000000000100000000000000000000000000000000000000000000000000,3,0.1808,disagreement,289.0,242.0,53.0,53.0,38.5281,33.4833
E6C2-1N,1,701,E6C2-1N.mp4,1c949646ee39f4dca46d10651d9465ef48643580591b99f0579ab377d6c6dbef,independent-grid-line-plus-ring-read-v1,pending,False,000100110100000101000010000000100000000100000000000000100000000001000010001000010,010001011111000001100010010000111000000011000100001001110000011001000011111101110,27,0.1667,disagreement,222.0,305.0,19.0,25.5,17.1335,18.6106
E6C2-1N,2,708,E6C2-1N.mp4,1c949646ee39f4dca46d10651d9465ef48643580591b99f0579ab377d6c6dbef,independent-grid-line-plus-ring-read-v1,pending,False,000000000000000000010000010000000000000100000100101001010000000011000000000000001,010001110100000111000000011000000001001010000100100001110000011111000001011101111,26,0.1714,disagreement,270.0,308.0,22.0,29.0,19.1192,21.0023
E6C2-1N,3,713,E6C2-1N.mp4,1c949646ee39f4dca46d10651d9465ef48643580591b99f0579ab377d6c6dbef,independent-grid-line-plus-ring-read-v1,pending,False,000001001000000010000000000000010000000000000000000000010010000001000001000100000,000001111000000011000000001000010001000000000000000000010010001001000001000100000,6,0.1413,disagreement,239.0,285.0,30.5,30.5,24.844,24.5665
E6C2-1N,4,719,E6C2-1N.mp4,1c949646ee39f4dca46d10651d9465ef48643580591b99f0579ab377d6c6dbef,independent-grid-line-plus-ring-read-v1,pending,False,100001000000000000000000000000000000000010000000000000010000000000000000000000000,000000000000000001000010000000010000000000000000000001010000001001000110111101111,19,0.114,disagreement,237.0,312.0,33.5,33.5,26.0354,32.419
E6C2-1N,5,725,E6C2-1N.mp4,1c949646ee39f4dca46d10651d9465ef48643580591b99f0579ab377d6c6dbef,independent-grid-line-plus-ring-read-v1,pending,False,000000000011000000000000000000000000000000100100001000010000000001000000010000000,000000000011000000000010001000010001000010100100011000010010001011000101000100110,15,0.0871,disagreement,237.0,278.0,34.5,35.0,30.7102,27.7352
E6C2-1N,6,731,E6C2-1N.mp4,1c949646ee39f4dca46d10651d9465ef48643580591b99f0579ab377d6c6dbef,independent-grid-line-plus-ring-read-v1,pending,False,001000001011000000100000000000000000000000000000000001010000000010000000000001000,111101111001000011010000000100000001000000000000000000000000001010000001010000000,19,0.1629,disagreement,237.0,249.0,34.5,34.5,30.4913,28.0219
E6C2-1N,7,737,E6C2-1N.mp4,1c949646ee39f4dca46d10651d9465ef48643580591b99f0579ab377d6c6dbef,independent-grid-line-plus-ring-read-v1,pending,False,000001001101000000100010001000000001000001000000000000000000000000000000000000001,000001101001000000100010001000010001000011000000010000000010001010000101000101100,14,0.0849,disagreement,237.0,278.0,34.5,35.0,31.5396,27.5054
E6C2-1N,8,743,E6C2-1N.mp4,1c949646ee39f4dca46d10651d9465ef48643580591b99f0579ab377d6c6dbef,independent-grid-line-plus-ring-read-v1,pending,False,000000010000000001000000000000000000000000000000000000000000000010000000001001000,111101111000000110000000001000000001000000000000000000000000000000000001010000000,17,0.1596,disagreement,237.0,249.0,34.5,34.5,31.646,29.3423
E6C2-1N,9,749,E6C2-1N.mp4,1c949646ee39f4dca46d10651d9465ef48643580591b99f0579ab377d6c6dbef,independent-grid-line-plus-ring-read-v1,pending,False,000000000000000000010000010000000000000000000100000000000010001000000101001000000,111101111000000110000000000000000001000000000000000000100000000000000001000000101,21,0.1627,disagreement,237.0,249.0,34.5,34.5,32.1596,28.0433
E6C2-1N,10,755,E6C2-1N.mp4,1c949646ee39f4dca46d10651d9465ef48643580591b99f0579ab377d6c6dbef,independent-grid-line-plus-ring-read-v1,pending,False,100001000000000000000010000000000000000000000100010001000000000000000010100101000,111101111100000110000000000000010001000000000000000000100010001000000001000000010,24,0.1676,disagreement,237.0,249.0,34.5,34.5,31.2719,27.9283
E6C2-1N,11,761,E6C2-1N.mp4,1c949646ee39f4dca46d10651d9465ef48643580591b99f0579ab377d6c6dbef,independent-grid-line-plus-ring-read-v1,pending,False,010000001001000001000000010000000000000000000000000000000000001001000000000000010,111101111010000111000000001000000001000000000000000000000000000000000001001000000,18,0.158,disagreement,237.0,249.0,34.5,34.5,31.6231,28.4277
E6C2-1N,12,767,E6C2-1N.mp4,1c949646ee39f4dca46d10651d9465ef48643580591b99f0579ab377d6c6dbef,independent-grid-line-plus-ring-read-v1,pending,False,001000000010000100010000001000010001000000000000000001000000010100000001100001101,111101111001000110010000000000000001000010000000000000000000001000000011000000001,21,0.1653,disagreement,237.0,249.0,34.5,34.5,31.3221,27.4221
E6C2-1N,13,773,E6C2-1N.mp4,1c949646ee39f4dca46d10651d9465ef48643580591b99f0579ab377d6c6dbef,independent-grid-line-plus-ring-read-v1,pending,False,100000010000000000000000000000000000001010100000001000000000010100000001000001000,100000010000000000000010001000010001001010100000011000010010011011000111001101110,17,0.08,disagreement,237.0,278.0,34.5,35.0,31.5108,28.2185
E6C2-1N,14,779,E6C2-1N.mp4,1c949646ee39f4dca46d10651d9465ef48643580591b99f0579ab377d6c6dbef,independent-grid-line-plus-ring-read-v1,pending,False,000001000110000100000000000100110000000101000000000000000000000000000010000000001,000001000010000100000010001100110000000111000000010000000010001011000111001001110,16,0.0867,disagreement,237.0,278.0,34.5,35.0,30.9096,28.0056
E6C2-1N,15,786,E6C2-1N.mp4,1c949646ee39f4dca46d10651d9465ef48643580591b99f0579ab377d6c6dbef,independent-grid-line-plus-ring-read-v1,pending,False,001000001000000101000000011000100000000000100000000000000010010100000000000000010,001000001000000100000010011000110001000010100000010000010010011011000111001101110,18,0.0853,disagreement,237.0,278.0,34.5,35.0,31.7969,27.8475
E6C2-1N,16,791,E6C2-1N.mp4,1c949646ee39f4dca46d10651d9465ef48643580591b99f0579ab377d6c6dbef,independent-grid-line-plus-ring-read-v1,pending,False,000000000110000000000000000100001001000010000000100000100000000000000010000000000,000000000010000000000010001100011001000010000000110000110010001010000111001001100,14,0.0833,disagreement,237.0,278.0,34.5,35.0,31.1506,28.6163
E6C2-1N,17,797,E6C2-1N.mp4,1c949646ee39f4dca46d10651d9465ef48643580591b99f0579ab377d6c6dbef,independent-grid-line-plus-ring-read-v1,pending,False,000000000000000100000000010000110000000001000000001001000000000100000000001000100,000000000000000100000010011000110001000011000000011001010010001011000111001100100,15,0.0886,disagreement,237.0,278.0,34.5,35.0,31.13,28.1248
E6C2-1N,18,803,E6C2-1N.mp4,1c949646ee39f4dca46d10651d9465ef48643580591b99f0579ab377d6c6dbef,independent-grid-line-plus-ring-read-v1,pending,False,001001000000000000000000010000000000000000000000000001100000000101000000000101000,111101111001000110000000000000000001000000000000000000000000001100000001001000000,19,0.1592,disagreement,237.0,249.0,34.5,34.5,30.8152,27.9681
E6C2-1N,19,809,E6C2-1N.mp4,1c949646ee39f4dca46d10651d9465ef48643580591b99f0579ab377d6c6dbef,independent-grid-line-plus-ring-read-v1,pending,False,000001000000000000000000000100000000000000000000011000010000010000000000000000000,000001000000000000000010001100010001000010000000011000010010011010000110000001100,12,0.0806,disagreement,237.0,278.0,34.5,35.0,31.0387,28.4792
E6C2-1N,20,815,E6C2-1N.mp4,1c949646ee39f4dca46d10651d9465ef48643580591b99f0579ab377d6c6dbef,independent-grid-line-plus-ring-read-v1,pending,False,001000000110000000110000000000000000000100000100000000000000000100000010000000100,111101111001000110010000000100000001000000000000100000100000000000000001000000010,24,0.1606,disagreement,237.0,249.0,34.5,34.5,31.0615,27.4033
E6C2-1N,21,821,E6C2-1N.mp4,1c949646ee39f4dca46d10651d9465ef48643580591b99f0579ab377d6c6dbef,independent-grid-line-plus-ring-read-v1,pending,False,000000000000000010000000000000010001000000000000100000110000000001000000000000100,111101111000000110000000010000000001000010000000000000000000000110000001001000000,21,0.1633,disagreement,237.0,249.0,34.5,34.5,31.3169,28.8379
E6C2-1N,22,827,E6C2-1N.mp4,1c949646ee39f4dca46d10651d9465ef48643580591b99f0579ab377d6c6dbef,independent-grid-line-plus-ring-read-v1,pending,False,000000000001000001000000010000100001001001000000000000000000001001000000000000000,111101111000000100000000001000000001000100000000001000000000000000000001001000000,22,0.168,disagreement,237.0,249.0,34.5,34.5,30.7388,28.141
E6C2-1N,23,833,E6C2-1N.mp4,1c949646ee39f4dca46d10651d9465ef48643580591b99f0579ab377d6c6dbef,independent-grid-line-plus-ring-read-v1,pending,False,000000000000000001000000000000100000000000000000000000000000000000000010000000001,111101111000000100000000001000000001000100000000000000000000000000000001000000010,18,0.1618,disagreement,237.0,249.0,34.5,34.5,31.8973,29.3765
E6C2-1N,24,839,E6C2-1N.mp4,1c949646ee39f4dca46d10651d9465ef48643580591b99f0579ab377d6c6dbef,independent-grid-line-plus-ring-read-v1,pending,False,001000000000000000100000010000010000000011000000000001000000001001000000001100100,111101111001000100000000000100000001000010000000011000000000001000000001001000000,22,0.1761,disagreement,237.0,249.0,34.5,34.5,30.8233,27.4619
E6C2-1N,25,845,E6C2-1N.mp4,1c949646ee39f4dca46d10651d9465ef48643580591b99f0579ab377d6c6dbef,independent-grid-line-plus-ring-read-v1,pending,False,000000011000000000000000000000000000001100000000000000000000010101000001000000000,000000011000000000000010001000010001001110000000010000000010011011000101000101110,15,0.0696,disagreement,237.0,278.0,34.5,35.0,31.6746,28.5896
E6C2-1N,26,851,E6C2-1N.mp4,1c949646ee39f4dca46d10651d9465ef48643580591b99f0579ab377d6c6dbef,independent-grid-line-plus-ring-read-v1,pending,False,101000000100000000010000000000000000000100100000000000110010010010000000001000000,111101111101000110000000000000000001000000000000100000000000000110000011010000000,23,0.1523,disagreement,237.0,249.0,34.5,34.5,30.6573,28.1435
E6C2-1N,27,857,E6C2-1N.mp4,1c949646ee39f4dca46d10651d9465ef48643580591b99f0579ab377d6c6dbef,independent-grid-line-plus-ring-read-v1,pending,False,000000000000000100000000001100100000000000000000000000100000001000000000010000000,000000000000000100000010001100110001000010000000010000100010001010000101010100100,11,0.0759,disagreement,237.0,278.0,34.5,35.0,32.6985,28.4458
E6C2-1N,28,863,E6C2-1N.mp4,1c949646ee39f4dca46d10651d9465ef48643580591b99f0579ab377d6c6dbef,independent-grid-line-plus-ring-read-v1,pending,False,010000100100000000000000000000000000001000000000000000000010000001000000000000000,111101111000000110000000000000000001000000000000000000000000000000000001001000000,15,0.16,disagreement,237.0,249.0,34.5,34.5,32.0873,28.8921
E6C2-1N,29,869,E6C2-1N.mp4,1c949646ee39f4dca46d10651d9465ef48643580591b99f0579ab377d6c6dbef,independent-grid-line-plus-ring-read-v1,pending,False,000001000000000100010000000000100000000100000000000000000000000001000000001001010,111101111000000100000000000000000001000100000000100000000000000000000001001000000,15,0.1561,disagreement,237.0,249.0,34.5,34.5,30.3302,27.9704
E6C2-N,1,880,E6C2-N.mp4,42e70b82c29615121b1b0029601f585d62b758c2f33947b816ec7c6510675da0,independent-grid-line-plus-ring-read-v1,pending,False,000100110100000101000010000000100000000100000000000000100000000001000010001000010,111100110111000111110010001100111000000011000100010001110000011111000111111101111,31,0.2022,disagreement,236.0,301.0,26.5,25.5,17.3873,19.4283
E6C2-N,2,886,E6C2-N.mp4,42e70b82c29615121b1b0029601f585d62b758c2f33947b816ec7c6510675da0,independent-grid-line-plus-ring-read-v1,pending,False,010000000010000100000000010000000000000010100000000000010000000000000000010000001,110001101100000111000010011000111001001110000100100001110000001011000011111101111,32,0.1749,disagreement,266.0,303.0,28.5,28.0,19.3894,19.2035
E6C2-N,3,892,E6C2-N.mp4,42e70b82c29615121b1b0029601f585d62b758c2f33947b816ec7c6510675da0,independent-grid-line-plus-ring-read-v1,pending,False,000000000000000000010000010000000000000100000100101001010000000011000000000000001,000001111000000010000010011000010001000010100000010001010010001001000001000100000,23,0.1354,disagreement,238.0,281.0,30.0,30.0,20.6812,26.004
E6C2-N,4,896,E6C2-N.mp4,42e70b82c29615121b1b0029601f585d62b758c2f33947b816ec7c6510675da0,independent-grid-line-plus-ring-read-v1,pending,False,000001001000000010000000000000010000000000000000000000010010000001000001000100000,000001001000000010000000000000110000000100000000000000110010011001000010010100100,9,0.0981,disagreement,243.0,274.0,32.5,32.0,22.0369,30.0421
E6C2-N,5,899,E6C2-N.mp4,42e70b82c29615121b1b0029601f585d62b758c2f33947b816ec7c6510675da0,independent-grid-line-plus-ring-read-v1,pending,False,100001000000000000000000000000000000000010000000000000010000000000000000000000000,110000001100000011000000001000100001000100000100000001000000001000000001111101111,24,0.1447,disagreement,270.0,308.0,34.0,33.5,33.506,30.8396
E6C2-N,6,905,E6C2-N.mp4,42e70b82c29615121b1b0029601f585d62b758c2f33947b816ec7c6510675da0,independent-grid-line-plus-ring-read-v1,pending,False,000000000011000000000000000000000000000000100100001000010000000001000000010000000,000000001110000001000000010000100001000101000000110001100000011010000111001101001,29,0.1093,disagreement,270.0,274.0,34.0,34.5,27.6637,33.3727
E6C2-N,7,911,E6C2-N.mp4,42e70b82c29615121b1b0029601f585d62b758c2f33947b816ec7c6510675da0,independent-grid-line-plus-ring-read-v1,pending,False,001000001011000000100000000000000000000000000000000001010000000010000000000001000,010000011110000001000000011000100001000101000000100001100000011110000111001101001,25,0.1101,disagreement,270.0,274.0,34.0,34.5,27.6471,33.0071
E6C2-N,8,917,E6C2-N.mp4,42e70b82c29615121b1b0029601f585d62b758c2f33947b816ec7c6510675da0,independent-grid-line-plus-ring-read-v1,pending,False,000001001101000000100010001000000001000001000000000000000000000000000000000000001,000000011010000001000000011000100001000111000000100001000000011000000111001101001,22,0.1053,disagreement,270.0,274.0,34.0,34.5,28.5137,33.3167
E6C2-N,9,923,E6C2-N.mp4,42e70b82c29615121b1b0029601f585d62b758c2f33947b816ec7c6510675da0,independent-grid-line-plus-ring-read-v1,pending,False,000000010000000001000000000000000000000000000000000000000000000010000000001001000,000000101000000001000000011000100001000100000000100001000000011110000111011101001,19,0.0951,disagreement,270.0,274.0,34.0,34.5,28.61,34.4969
E6C2-N,10,929,E6C2-N.mp4,42e70b82c29615121b1b0029601f585d62b758c2f33947b816ec7c6510675da0,independent-grid-line-plus-ring-read-v1,pending,False,000000000000000000010000010000000000000000000100000000000010001000000101001000000,000000001000000001100000011000100001000101000000100001000000011000000111011001001,18,0.1046,disagreement,270.0,274.0,34.0,34.5,28.6396,33.5567
E6C2-N,11,935,E6C2-N.mp4,42e70b82c29615121b1b0029601f585d62b758c2f33947b816ec7c6510675da0,independent-grid-line-plus-ring-read-v1,pending,False,100001000000000000000010000000000000000000000100010001000000000000000010100101000,000000001000000001000000010000100001000101000000100001000000011000000111001001001,21,0.1067,disagreement,270.0,274.0,34.0,34.5,28.1269,33.0117
E6C2-N,12,941,E6C2-N.mp4,42e70b82c29615121b1b0029601f585d62b758c2f33947b816ec7c6510675da0,independent-grid-line-plus-ring-read-v1,pending,False,010000001001000001000000010000000000000000000000000000000000001001000000000000010,000000011010000001000000010000100001000100000000100001000000011010000111001101101,21,0.1057,disagreement,270.0,274.0,34.0,34.5,28.2848,34.3529
E6C2-N,13,947,E6C2-N.mp4,42e70b82c29615121b1b0029601f585d62b758c2f33947b816ec7c6510675da0,independent-grid-line-plus-ring-read-v1,pending,False,001000000010000100010000001000010001000000000000000001000000010100000001100001101,010000001100000001100000011000100001000101000000100001000000011000000111001101001,23,0.1164,disagreement,270.0,274.0,34.0,34.5,28.3787,32.9504
E6C2-N,14,953,E6C2-N.mp4,42e70b82c29615121b1b0029601f585d62b758c2f33947b816ec7c6510675da0,independent-grid-line-plus-ring-read-v1,pending,False,100000010000000000000000000000000000001010100000001000000000010100000001000001000,000000101000000001000000010000100001000101000000110001000000011000000111001001001,23,0.1061,disagreement,270.0,274.0,34.0,34.5,28.1065,33.6879
E6C2-N,15,959,E6C2-N.mp4,42e70b82c29615121b1b0029601f585d62b758c2f33947b816ec7c6510675da0,independent-grid-line-plus-ring-read-v1,pending,False,000001000110000100000000000100110000000101000000000000000000000000000010000000001,000000001100000001000000010000100001001111000000100001000000011000000111001001001,19,0.1048,disagreement,270.0,274.0,34.0,34.5,28.2919,33.2567
E6C2-N,16,965,E6C2-N.mp4,42e70b82c29615121b1b0029601f585d62b758c2f33947b816ec7c6510675da0,independent-grid-line-plus-ring-read-v1,pending,False,001000001000000101000000011000100000000000100000000000000010010100000000000000010,010000011000000001000000011000100001000101000000100001000000011000000111001101101,22,0.1089,disagreement,270.0,274.0,34.0,34.5,28.8469,33.44
E6C2-N,17,971,E6C2-N.mp4,42e70b82c29615121b1b0029601f585d62b758c2f33947b816ec7c6510675da0,independent-grid-line-plus-ring-read-v1,pending,False,000000000110000000000000000100001001000010000000100000100000000000000010000000000,000000001100000001000000010000110001000101000000100001000000011000000111001101001,21,0.103,disagreement,270.0,274.0,34.0,34.5,28.6935,33.9769
E6C2-N,18,977,E6C2-N.mp4,42e70b82c29615121b1b0029601f585d62b758c2f33947b816ec7c6510675da0,independent-grid-line-plus-ring-read-v1,pending,False,000000000000000100000000010000110000000001000000001001000000000100000000001000100,000000001000000001000000010000100001000111000000110001000000011000000111011101001,21,0.1073,disagreement,270.0,274.0,34.0,34.5,28.5567,33.6821
E6C2-N,19,986,E6C2-N.mp4,42e70b82c29615121b1b0029601f585d62b758c2f33947b816ec7c6510675da0,independent-grid-line-plus-ring-read-v1,pending,False,001001000000000000000000010000000000000000000000000001100000000101000000000101000,010000001000000001000000010000100001000101000000100001000000011010000111001101001,21,0.1012,disagreement,270.0,274.0,34.0,34.5,28.1233,33.469
E6C2-N,20,989,E6C2-N.mp4,42e70b82c29615121b1b0029601f585d62b758c2f33947b816ec7c6510675da0,independent-grid-line-plus-ring-read-v1,pending,False,000001000000000000000000000100000000000000000000011000010000010000000000000000000,000000001000000001000000010000100001000100000000110001100000011000000111001001001,20,0.101,disagreement,270.0,274.0,34.0,34.5,28.6348,34.0098
E6C2-N,21,995,E6C2-N.mp4,42e70b82c29615121b1b0029601f585d62b758c2f33947b816ec7c6510675da0,independent-grid-line-plus-ring-read-v1,pending,False,001000000110000000110000000000000000000100000100000000000000000100000010000000100,010000001100000001100000010000100001001101000000100001000000011000000111001101001,24,0.1097,disagreement,270.0,274.0,34.0,34.5,28.5431,33.6538
E6C2-N,22,1001,E6C2-N.mp4,42e70b82c29615121b1b0029601f585d62b758c2f33947b816ec7c6510675da0,independent-grid-line-plus-ring-read-v1,pending,False,000000000000000010000000000000010001000000000000100000110000000001000000000000100,000000001000000101000000010000100001000101000000100001100000011010000111001101001,23,0.1105,disagreement,270.0,274.0,34.0,34.5,28.4883,34.1408
E6C2-N,23,1007,E6C2-N.mp4,42e70b82c29615121b1b0029601f585d62b758c2f33947b816ec7c6510675da0,independent-grid-line-plus-ring-read-v1,pending,False,000000000001000001000000010000100001001001000000000000000000001001000000000000000,000000001010000001000000010000100001000110000000100001000000011010000111001001001,18,0.1032,disagreement,270.0,274.0,34.0,34.5,27.9867,34.2777
E6C2-N,24,1013,E6C2-N.mp4,42e70b82c29615121b1b0029601f585d62b758c2f33947b816ec7c6510675da0,independent-grid-line-plus-ring-read-v1,pending,False,000000000000000001000000000000100000000000000000000000000000000000000010000000001,000000001000000001000000010000100001000101000000100001000000011000000111001101001,14,0.0896,disagreement,270.0,274.0,34.0,34.5,29.2667,35.0917
E6C2-N,25,1019,E6C2-N.mp4,42e70b82c29615121b1b0029601f585d62b758c2f33947b816ec7c6510675da0,independent-grid-line-plus-ring-read-v1,pending,False,001000000000000000100000010000010000000011000000000001000000001001000000001100100,010001001000000001000000010000100001000111000000100001000000011010000111011101001,21,0.1221,disagreement,270.0,274.0,34.0,34.5,27.9477,32.9373
E6C2-N,26,1026,E6C2-N.mp4,42e70b82c29615121b1b0029601f585d62b758c2f33947b816ec7c6510675da0,independent-grid-line-plus-ring-read-v1,pending,False,000000011000000000000000000000000000001100000000000000000000010101000001000000000,000000111000000001000000010000100001001101000000100001000000011010000111001101001,18,0.1008,disagreement,270.0,274.0,34.0,34.5,28.3373,34.0212
E6C2-N,27,1031,E6C2-N.mp4,42e70b82c29615121b1b0029601f585d62b758c2f33947b816ec7c6510675da0,independent-grid-line-plus-ring-read-v1,pending,False,101000000100000000010000000000000000000100100000000000110010010010000000001000000,010000001000000001100000010000100001001101000000100001100000011110000111011101001,27,0.1152,disagreement,270.0,274.0,34.0,34.5,27.7658,33.3004
E6C2-N,28,1037,E6C2-N.mp4,42e70b82c29615121b1b0029601f585d62b758c2f33947b816ec7c6510675da0,independent-grid-line-plus-ring-read-v1,pending,False,000000000000000100000000001100100000000000000000000000100000001000000000010000000,000000001000000001000000011000100001000101000000100001000000011000000111011001001,18,0.0981,disagreement,270.0,274.0,34.0,34.5,29.1233,34.8158
E6C2-N,29,1043,E6C2-N.mp4,42e70b82c29615121b1b0029601f585d62b758c2f33947b816ec7c6510675da0,independent-grid-line-plus-ring-read-v1,pending,False,010000100100000000000000000000000000001000000000000000000010000001000000000000000,000001001000000001000000010000100001000101000000100001000000011010000111001101001,26,0.1008,disagreement,270.0,274.0,34.0,34.5,28.1848,34.1844
E6C2-N,30,1049,E6C2-N.mp4,42e70b82c29615121b1b0029601f585d62b758c2f33947b816ec7c6510675da0,independent-grid-line-plus-ring-read-v1,pending,False,000001000000000100010000000000100000000100000000000000000000000001000000001001010,000000001000000001100000011000100001001101000000100001000000011010000111011101101,25,0.1036,disagreement,270.0,274.0,34.0,34.5,27.6719,33.9238
E6C2-N,31,1055,E6C2-N.mp4,42e70b82c29615121b1b0029601f585d62b758c2f33947b816ec7c6510675da0,independent-grid-line-plus-ring-read-v1,pending,False,000000000000000000000000010000011001000000000000000000000000000000000001001000000,000000001000000001000000011000110001000101000000100001000000011000000111011101001,17,0.1012,disagreement,270.0,274.0,34.0,34.5,28.8933,34.7965
E6C2-N,32,1061,E6C2-N.mp4,42e70b82c29615121b1b0029601f585d62b758c2f33947b816ec7c6510675da0,independent-grid-line-plus-ring-read-v1,pending,False,100000000001000000000000010000000000000001000000010000010000000001000100011000101,000000001010000001000000011000100001000111000000100001100000011010000111011001001,23,0.1085,disagreement,270.0,274.0,34.0,34.5,27.824,33.3931
E6C2-N,33,1067,E6C2-N.mp4,42e70b82c29615121b1b0029601f585d62b758c2f33947b816ec7c6510675da0,independent-grid-line-plus-ring-read-v1,pending,False,001001010010000100010000001000100001000000000000010000000000000101000000001000000,010000101100000001100000011000100001000101000000100001000000011010000111011101001,30,0.1158,disagreement,270.0,274.0,34.0,34.5,27.5971,32.7435
E6C2-N,34,1073,E6C2-N.mp4,42e70b82c29615121b1b0029601f585d62b758c2f33947b816ec7c6510675da0,independent-grid-line-plus-ring-read-v1,pending,False,000000000100000110000010001000010000001100000000001000000000000010000000001000110,000000001000000101000000011000100001001101000000110001000000011110000111011101101,25,0.1262,disagreement,270.0,274.0,34.0,34.5,28.0962,33.2144
E6C2-N,35,1079,E6C2-N.mp4,42e70b82c29615121b1b0029601f585d62b758c2f33947b816ec7c6510675da0,independent-grid-line-plus-ring-read-v1,pending,False,010000000010000010010010010000011000000000100000000000010000000000000000000000000,000000001100000101100000010000110001000101000000100001100000011000000111001101001,29,0.1103,disagreement,270.0,274.0,34.0,34.5,28.2069,33.8898
E6C2-N,36,1085,E6C2-N.mp4,42e70b82c29615121b1b0029601f585d62b758c2f33947b816ec7c6510675da0,independent-grid-line-plus-ring-read-v1,pending,False,010000010100000100000000000000000000000000000000001000000010001100000000000000100,000000101000000001000000011000100001000101000000110001000000011000000111001101001,28,0.0971,disagreement,270.0,274.0,34.0,34.5,29.1002,33.946
E6C3-18,1,642,E6C3-18.mp4,386a94a292cc1ccd7c0955215b3ea035ec919668c05dea3ecde0e6b23bb0a69b,independent-grid-line-plus-ring-read-v1,pending,False,000001011001000010010000000100001001000000000000000001100000000001000010100000100,111101111111000111110000011100111001001111100100111001110010011000000000000000000,31,0.4544,disagreement,245.0,382.0,20.5,60.5,5.9306,31.774
E6C3-18,2,648,E6C3-18.mp4,386a94a292cc1ccd7c0955215b3ea035ec919668c05dea3ecde0e6b23bb0a69b,independent-grid-line-plus-ring-read-v1,pending,False,000100001000000000000000001000010000000000000100000000000000001000000001000000001,111101111111000111110000011100111001001111100100111001110010011000000000000000000,34,0.4414,disagreement,248.0,382.0,18.5,60.5,9.4969,31.261
E6C3-18,3,654,E6C3-18.mp4,386a94a292cc1ccd7c0955215b3ea035ec919668c05dea3ecde0e6b23bb0a69b,independent-grid-line-plus-ring-read-v1,pending,False,000000000001000000000000000000000000000100000100000000010000000000000100010000010,111100111111000111110000011100111001001111100100111001110010011000000000000000000,36,0.4153,disagreement,226.0,384.0,18.5,59.5,8.4777,31.5592
E6C3-18,4,660,E6C3-18.mp4,386a94a292cc1ccd7c0955215b3ea035ec919668c05dea3ecde0e6b23bb0a69b,independent-grid-line-plus-ring-read-v1,pending,False,000000000001000000000000001000000001001001100000011000000000000000000001000000110,111101111110000111110010011100011001001111100100111001110010011000000000000000000,34,0.3929,disagreement,248.0,377.0,18.5,64.0,13.0083,34.6402
E6C3-18,5,661,E6C3-18.mp4,386a94a292cc1ccd7c0955215b3ea035ec919668c05dea3ecde0e6b23bb0a69b,independent-grid-line-plus-ring-read-v1,pending,False,010100000001000000100000000000000001000010000000100001010000000010000000001000000,111100111111000111110000011100000001001111100100111001110010011000000000000000000,27,0.3941,disagreement,248.0,377.0,18.5,64.0,11.7404,33.3529
E6C3-18,6,672,E6C3-18.mp4,386a94a292cc1ccd7c0955215b3ea035ec919668c05dea3ecde0e6b23bb0a69b,independent-grid-line-plus-ring-read-v1,pending,False,000001000100000000000000010000000000001000100000000000000010000000000001000000100,111000011111000011110000011100000001001111100100111001110010011000000000000000000,29,0.3496,disagreement,223.0,380.0,19.5,62.0,17.0971,33.6337
E6C3-18,7,673,E6C3-18.mp4,386a94a292cc1ccd7c0955215b3ea035ec919668c05dea3ecde0e6b23bb0a69b,independent-grid-line-plus-ring-read-v1,pending,False,000100000001000010000010000100000001000000000000010000000000000010000001000000011,110000111110000111110000011100000001001111100100111001110010011000000000000000000,34,0.3746,disagreement,242.0,380.0,20.0,62.0,17.4937,33.6231
E6C3-18,8,684,E6C3-18.mp4,386a94a292cc1ccd7c0955215b3ea035ec919668c05dea3ecde0e6b23bb0a69b,independent-grid-line-plus-ring-read-v1,pending,False,000000001010000010000000000000011000000000000000001000110000000000000001100101100,110000111110000011110000011100000001001111100100101001110010011000000000000000000,30,0.3105,disagreement,242.0,384.0,23.5,59.5,16.9338,36.1096
E6C3-18,9,690,E6C3-18.mp4,386a94a292cc1ccd7c0955215b3ea035ec919668c05dea3ecde0e6b23bb0a69b,independent-grid-line-plus-ring-read-v1,pending,False,000000000000000010000000000000000000000100000000100000000000000000000000010001101,110000000110000001110010001100010001000000100100111001110010011111000111000000000,34,0.2785,disagreement,217.0,362.0,25.5,44.5,20.5233,35.8802
E6C3-18,10,691,E6C3-18.mp4,386a94a292cc1ccd7c0955215b3ea035ec919668c05dea3ecde0e6b23bb0a69b,independent-grid-line-plus-ring-read-v1,pending,False,011000000000000110000000010000000001000011100000000000100000000000000101000001000,100000111100000011100000001100000001000000100100111001110010011111000111000000000,29,0.275,disagreement,238.0,362.0,25.5,44.5,20.0967,36.2121
E6C3-18,11,697,E6C3-18.mp4,386a94a292cc1ccd7c0955215b3ea035ec919668c05dea3ecde0e6b23bb0a69b,independent-grid-line-plus-ring-read-v1,pending,False,010000001100000000010010000000000001000000100000000000000000000010000001010000000,100000010100000000000000000100000000001000000100111001110010011111000111000000000,25,0.3115,disagreement,215.0,382.0,27.5,26.0,20.9223,35.7675
E6C3-18,12,708,E6C3-18.mp4,386a94a292cc1ccd7c0955215b3ea035ec919668c05dea3ecde0e6b23bb0a69b,independent-grid-line-plus-ring-read-v1,pending,False,111000000000000000000000000000000000000000000000100000000000000001000000000001001,110000001110000001110010001100110001000100100100111001110000011000000000000000000,26,0.2785,disagreement,209.0,382.0,29.5,60.5,22.3329,37.9133
E6C3-18,13,709,E6C3-18.mp4,386a94a292cc1ccd7c0955215b3ea035ec919668c05dea3ecde0e6b23bb0a69b,independent-grid-line-plus-ring-read-v1,pending,False,010001000110000001000000000100111000001000000000000000000000000011000001010100000,110000001111000101110000001100010001000100000100111001110000011000000000000000000,27,0.2842,disagreement,212.0,379.0,31.5,62.5,24.8315,38.7981
E6C3-18,14,715,E6C3-18.mp4,386a94a292cc1ccd7c0955215b3ea035ec919668c05dea3ecde0e6b23bb0a69b,independent-grid-line-plus-ring-read-v1,pending,False,000000000000000000000010000000010000000011000000000000100000000001000000100001000,100000011101000011100010011100010001001000000100111001000000000000000000000000000,24,0.2777,disagreement,270.0,382.0,33.5,60.5,31.7358,40.94
E6C3-18,15,721,E6C3-18.mp4,386a94a292cc1ccd7c0955215b3ea035ec919668c05dea3ecde0e6b23bb0a69b,independent-grid-line-plus-ring-read-v1,pending,False,001000010000000010000000001000000000000001000100000001010010000000000010000001110,100000001100000001100000001100011001000000000100001001110010011000000000000000000,21,0.2459,disagreement,237.0,352.0,35.0,48.5,26.1885,39.806
E6C3-18,16,727,E6C3-18.mp4,386a94a292cc1ccd7c0955215b3ea035ec919668c05dea3ecde0e6b23bb0a69b,independent-grid-line-plus-ring-read-v1,pending,False,010000000001000000000000000000000000000000100000000000000000011001000101000000000,110000000100000100100010000000000001001000100100100000110010001000000000000000000,17,0.2406,disagreement,225.0,384.0,18.5,59.5,24.7904,42.4171
E6C3-18,17,733,E6C3-18.mp4,386a94a292cc1ccd7c0955215b3ea035ec919668c05dea3ecde0e6b23bb0a69b,independent-grid-line-plus-ring-read-v1,pending,False,000000000000000000000010010000000000000100000000010000000000010000000110000000100,100000101100000011100010001100010001000000100100011001000000000000000000000000000,21,0.2726,disagreement,244.0,380.0,39.0,62.0,24.8433,40.3204
E6C3-18,18,738,E6C3-18.mp4,386a94a292cc1ccd7c0955215b3ea035ec919668c05dea3ecde0e6b23bb0a69b,independent-grid-line-plus-ring-read-v1,pending,False,101001000010000000000010000000000000000000100000000001010000000000000000010001010,010000010000000010000000010100000000000000000000010000000000000000000000000000000,17,0.2398,disagreement,277.0,380.0,40.5,62.0,31.106,39.1263
E6C3-18,19,744,E6C3-18.mp4,386a94a292cc1ccd7c0955215b3ea035ec919668c05dea3ecde0e6b23bb0a69b,independent-grid-line-plus-ring-read-v1,pending,False,001000000000000010000000000000000000001001000000000001000000000000000100001001000,000100011001000011010010001000110001000100000000001001010010001000000000000000000,22,0.1954,disagreement,278.0,353.0,42.5,42.5,36.1127,41.7535
E6C3-18,20,752,E6C3-18.mp4,386a94a292cc1ccd7c0955215b3ea035ec919668c05dea3ecde0e6b23bb0a69b,independent-grid-line-plus-ring-read-v1,pending,False,000000000010000000000000010000000000000000100000001000010000000001000101000100010,000000010000000000000000000000001000000000000000000001000010010000000000000000000,15,0.1857,disagreement,235.0,359.0,44.5,45.5,36.5546,44.5325
E6C3-18,21,757,E6C3-18.mp4,386a94a292cc1ccd7c0955215b3ea035ec919668c05dea3ecde0e6b23bb0a69b,independent-grid-line-plus-ring-read-v1,pending,False,000000000001000011000000000000000000000000000100000000000010000000000000000000000,000000000000000000000000000100000000000010000000000000000000000000000000000000000,7,0.2262,disagreement,236.0,369.0,46.5,46.5,28.58,38.744
E6C3-18,22,763,E6C3-18.mp4,386a94a292cc1ccd7c0955215b3ea035ec919668c05dea3ecde0e6b23bb0a69b,independent-grid-line-plus-ring-read-v1,pending,False,000000000000000000000000000000100000000010000000010000110000011000000000000100000,000000000000000000000000000000010000000010000100000001000000000000000000000000000,10,0.1598,disagreement,244.0,315.0,48.0,48.0,28.1154,51.3079
E6C3-18,23,769,E6C3-18.mp4,386a94a292cc1ccd7c0955215b3ea035ec919668c05dea3ecde0e6b23bb0a69b,independent-grid-line-plus-ring-read-v1,pending,False,000000000000000000000010000000000000000000000000010000000000001000000010000000000,011100110100000001100010000000011000000111100000000001010000011000000000000000000,19,0.1352,disagreement,234.0,316.0,50.0,50.0,32.5231,42.6917
E6C3-18,24,775,E6C3-18.mp4,386a94a292cc1ccd7c0955215b3ea035ec919668c05dea3ecde0e6b23bb0a69b,independent-grid-line-plus-ring-read-v1,pending,False,000000010010000100000000000000000000000001000000000001000000000001000000000000000,000000000000000000000000000000000001000000000000000000000000000000000000000000000,7,0.2231,disagreement,235.0,380.0,52.0,52.0,46.429,46.6206
E6C3-18,25,781,E6C3-18.mp4,386a94a292cc1ccd7c0955215b3ea035ec919668c05dea3ecde0e6b23bb0a69b,independent-grid-line-plus-ring-read-v1,pending,False,010000110100000000000010000100000000000000100000101001000000000000000101100100100,000000100001000110000000011000001001000100100000010001000000000000000000000000000,21,0.271,disagreement,126.0,373.0,53.5,53.5,30.9421,42.1481
E6C3-18,26,787,E6C3-18.mp4,386a94a292cc1ccd7c0955215b3ea035ec919668c05dea3ecde0e6b23bb0a69b,independent-grid-line-plus-ring-read-v1,pending,False,001100000000000000000010000000000000000001000000000000000000000010000000011000000,011100101010000101000010001000111000000111000000010001010000000000000000000000000,18,0.1977,disagreement,233.0,334.0,55.5,55.5,36.5348,39.909
E6C3-18,27,794,E6C3-18.mp4,386a94a292cc1ccd7c0955215b3ea035ec919668c05dea3ecde0e6b23bb0a69b,independent-grid-line-plus-ring-read-v1,pending,False,010100000000000111000000000100001000000000000100010000000010001000000000001001100,010000001000000100000010000000011000000010000000000001000000000000000000000000000,16,0.2498,disagreement,216.0,384.0,46.5,59.5,27.2067,43.8202
E6C3-18,28,798,E6C3-18.mp4,386a94a292cc1ccd7c0955215b3ea035ec919668c05dea3ecde0e6b23bb0a69b,independent-grid-line-plus-ring-read-v1,pending,False,100000000100000000000000000000000000000000100000000000000010000010000010000000001,000001010000000011000000000000001000000000100000000000000000000000000000000000000,11,0.2852,disagreement,157.0,384.0,29.5,59.5,26.8175,49.7612
E6C3-18,29,804,E6C3-18.mp4,386a94a292cc1ccd7c0955215b3ea035ec919668c05dea3ecde0e6b23bb0a69b,independent-grid-line-plus-ring-read-v1,pending,False,001101000000000000010010000000000000001110100000000000000000000000000001001000010,000000000001000000000000000000111000000001000000001000000000000000000000000000000,18,0.2812,disagreement,172.0,337.0,61.0,61.0,32.7156,38.0604
E6C3-18,30,811,E6C3-18.mp4,386a94a292cc1ccd7c0955215b3ea035ec919668c05dea3ecde0e6b23bb0a69b,independent-grid-line-plus-ring-read-v1,pending,False,000000000100000000000000000100110000000000000000010000000000010010000001100000000,000000000000000000000000000000000000000000100000000000000000000000000000000000000,10,0.305,disagreement,106.0,339.0,63.5,63.5,29.1948,36.8238
E6C3-18,31,816,E6C3-18.mp4,386a94a292cc1ccd7c0955215b3ea035ec919668c05dea3ecde0e6b23bb0a69b,independent-grid-line-plus-ring-read-v1,pending,False,010001000100000100000010000000001001000010000000100000010000000001000000010001001,000000001000000111000000010000001000001110000000100000000000000000000000000000000,16,0.3015,disagreement,122.0,384.0,26.0,59.5,27.7263,31.2042
E6C3-18,32,822,E6C3-18.mp4,386a94a292cc1ccd7c0955215b3ea035ec919668c05dea3ecde0e6b23bb0a69b,independent-grid-line-plus-ring-read-v1,pending,False,000000011010000000000000000000000000000100000000000000010010000001000000100000000,000000000000000100000010001000010000000001000000001000000000000000000000000000000,14,0.2567,disagreement,191.0,380.0,40.0,62.0,25.8263,32.5704
E6C3-18,33,828,E6C3-18.mp4,386a94a292cc1ccd7c0955215b3ea035ec919668c05dea3ecde0e6b23bb0a69b,independent-grid-line-plus-ring-read-v1,pending,False,001000010000000000000000001100001000000100000000000000110010000000000010000000001,111100000111000000100000000100100000000100000100100000110000000100000100000000000,18,0.283,disagreement,369.0,337.0,22.5,54.5,23.9027,33.7742
E6C3-18,34,834,E6C3-18.mp4,386a94a292cc1ccd7c0955215b3ea035ec919668c05dea3ecde0e6b23bb0a69b,independent-grid-line-plus-ring-read-v1,pending,False,000000010000000110100000000000000001000000000000100000000000000011000010100000000,001000110000000000000010010000001000000011100000011000000000000001000100000000000,19,0.2581,disagreement,140.0,328.0,28.5,58.0,24.259,31.4335
E6C3-18,35,841,E6C3-18.mp4,386a94a292cc1ccd7c0955215b3ea035ec919668c05dea3ecde0e6b23bb0a69b,independent-grid-line-plus-ring-read-v1,pending,False,100000000000000000000000000000010001000101000000000000000000010010000001001100000,000000110000000111000010010000000000000111100000000000000000000000000000000000000,17,0.2897,disagreement,115.0,367.0,18.5,61.0,27.4581,30.8523
E6C3-1L,1,740,E6C3-1L.mp4,3303c4db10a231ed51d89edb8e56932c233f1e62a5540639a31161d84db91d17,independent-grid-line-plus-ring-read-v1,pending,False,001000101001000000000000000000000000000000000000000001000000000000000000001000100,111101111111000111110000000100100000001100000100100000110000000111000111111101111,33,0.3548,disagreement,169.0,328.0,21.0,19.5,10.2394,10.0006
E6C3-1L,2,746,E6C3-1L.mp4,3303c4db10a231ed51d89edb8e56932c233f1e62a5540639a31161d84db91d17,independent-grid-line-plus-ring-read-v1,pending,False,000001001001000000000010000000000001000000000000000000000000000000000000000000001,111101111111000111110010011100101001001100000100100000110000000111000000111101000,33,0.3689,disagreement,167.0,289.0,18.0,25.0,11.22,10.4198
E6C3-1L,3,750,E6C3-1L.mp4,3303c4db10a231ed51d89edb8e56932c233f1e62a5540639a31161d84db91d17,independent-grid-line-plus-ring-read-v1,pending,False,000000010000000010000000000000101000000000000000000000000000000000000000000000000,111101111111000111110000000100100000001100000100100000110000000111000111111101111,36,0.4051,disagreement,164.0,321.0,24.0,24.0,13.125,11.6717
E6C3-1L,4,758,E6C3-1L.mp4,3303c4db10a231ed51d89edb8e56932c233f1e62a5540639a31161d84db91d17,independent-grid-line-plus-ring-read-v1,pending,False,000000000000000000000000010000000000000000000100000000000000001000000101000000000,111101111110000000110000000100000000000000000100000000110000000111000000111101111,30,0.3037,disagreement,191.0,320.0,18.0,21.0,11.2825,10.8204
E6C3-1L,5,759,E6C3-1L.mp4,3303c4db10a231ed51d89edb8e56932c233f1e62a5540639a31161d84db91d17,independent-grid-line-plus-ring-read-v1,pending,False,000001000000000000000010000000000000000000000100000001000000000000000010000000000,111101111111000111110010000100000000000000000100000000110000000110000000110000000,24,0.3107,disagreement,191.0,294.0,18.0,18.0,11.826,10.5125
E6C3-1L,6,770,E6C3-1L.mp4,3303c4db10a231ed51d89edb8e56932c233f1e62a5540639a31161d84db91d17,independent-grid-line-plus-ring-read-v1,pending,False,010000001001000001000000010000000000000000000000000000000000001001000000000000010,111101111110000000110000001100000000000000100100000000100000000100000000110000101,26,0.2537,disagreement,190.0,306.0,19.0,18.5,12.1985,12.1967
E6C3-1L,7,770,E6C3-1L.mp4,3303c4db10a231ed51d89edb8e56932c233f1e62a5540639a31161d84db91d17,independent-grid-line-plus-ring-read-v1,pending,False,010000001001000001000000010000000000000000000000000000000000001001000000000000010,111101111110000000110000001100000000000000100100000000100000000100000000110000101,26,0.2537,disagreement,190.0,306.0,19.0,18.5,12.1985,12.1967
E6C3-1L,8,776,E6C3-1L.mp4,3303c4db10a231ed51d89edb8e56932c233f1e62a5540639a31161d84db91d17,independent-grid-line-plus-ring-read-v1,pending,False,001000000010000100000000000000010001000000000000000001000000010000000001100000101,111101111111000111110010011100111001001000000100100001110000001111000001111101111,34,0.3939,disagreement,167.0,270.0,34.5,34.5,15.1035,13.1363
E6C3-1L,9,782,E6C3-1L.mp4,3303c4db10a231ed51d89edb8e56932c233f1e62a5540639a31161d84db91d17,independent-grid-line-plus-ring-read-v1,pending,False,100000010000000000000000000000000000001010000000000000000000010000000001000000000,000000000000000000000000000000010000000000000000000001000000001000000000111101111,17,0.169,disagreement,210.0,329.0,18.0,18.0,14.3269,15.8969
E6C3-1L,10,789,E6C3-1L.mp4,3303c4db10a231ed51d89edb8e56932c233f1e62a5540639a31161d84db91d17,independent-grid-line-plus-ring-read-v1,pending,False,000001000010000100000000000100110000000001000000000000000000000000000010000000001,001101011010000001000000001000100001000100000000000001000000001000000101000100001,18,0.1928,disagreement,228.0,311.0,19.5,19.5,15.8312,18.6721
E6C3-1L,11,795,E6C3-1L.mp4,3303c4db10a231ed51d89edb8e56932c233f1e62a5540639a31161d84db91d17,independent-grid-line-plus-ring-read-v1,pending,False,001000001000000101000000011000100000000000000000000000000010010100000000000000010,001000001000000100000000010000100000000000000000000000000000010000000000000000000,5,0.2113,disagreement,212.0,309.0,19.5,19.5,16.2094,17.6396
E6C3-1L,12,801,E6C3-1L.mp4,3303c4db10a231ed51d89edb8e56932c233f1e62a5540639a31161d84db91d17,independent-grid-line-plus-ring-read-v1,pending,False,000000000110000000000000000100001001000010000000100000100000000000000010000000000,100000000101000000100000001100000000000001000100010000110000001100000001100000000,18,0.1934,disagreement,193.0,307.0,20.5,20.5,17.1679,20.036
E6C3-1L,13,806,E6C3-1L.mp4,3303c4db10a231ed51d89edb8e56932c233f1e62a5540639a31161d84db91d17,independent-grid-line-plus-ring-read-v1,pending,False,000000000000000100000000010000110000000001000000001001000000000100000000001000100,000000000000000100000000010000000000000001000000000001000000000000000000001000100,4,0.1928,disagreement,214.0,308.0,21.5,21.0,16.4381,18.6187
E6C3-1L,14,812,E6C3-1L.mp4,3303c4db10a231ed51d89edb8e56932c233f1e62a5540639a31161d84db91d17,independent-grid-line-plus-ring-read-v1,pending,False,001001000000000000000000010000000000000000000000000001100000000101000000000101000,001001000000000000000000010000000000000000000000000001100000001001000110000101000,4,0.173,disagreement,211.0,304.0,21.5,22.0,17.6515,20.386
E6C3-1L,15,818,E6C3-1L.mp4,3303c4db10a231ed51d89edb8e56932c233f1e62a5540639a31161d84db91d17,independent-grid-line-plus-ring-read-v1,pending,False,000001000000000000000000000100000000000000000000011000010000010000000000000000000,111101111000000001000000001000000001000000000000000001000010001100000101000000001,22,0.2357,disagreement,234.0,283.0,23.0,23.0,20.5369,21.7233
E6C3-1L,16,819,E6C3-1L.mp4,3303c4db10a231ed51d89edb8e56932c233f1e62a5540639a31161d84db91d17,independent-grid-line-plus-ring-read-v1,pending,False,001000000110000000110000000000000000000100000100000000000000000100000010000000100,111101111010000001100000001100000001000000000000000001000000001000000001000000101,21,0.2386,disagreement,234.0,283.0,23.0,23.0,19.7523,22.7677
E6C3-1L,17,825,E6C3-1L.mp4,3303c4db10a231ed51d89edb8e56932c233f1e62a5540639a31161d84db91d17,independent-grid-line-plus-ring-read-v1,pending,False,000000000000000010000000000000010001000000000000100000110000000001000000000000100,000000000000000010000000000000010001000000000000100000110000001001000000000000100,1,0.1647,near support,211.0,301.0,23.0,24.0,20.1375,19.4106
E6C3-1L,18,836,E6C3-1L.mp4,3303c4db10a231ed51d89edb8e56932c233f1e62a5540639a31161d84db91d17,independent-grid-line-plus-ring-read-v1,pending,False,000000000001000001000000010000100001001001000000000000000000001001000000000000000,100000100001000001110000011100110001001111100000010000110000001001000000001000110,16,0.0833,disagreement,209.0,298.0,25.0,25.0,23.5421,20.5477
E6C3-1L,19,842,E6C3-1L.mp4,3303c4db10a231ed51d89edb8e56932c233f1e62a5540639a31161d84db91d17,independent-grid-line-plus-ring-read-v1,pending,False,000000000000000001000000000000100000000000000000000000000000000000000010000000001,000000000000000000000000000000100000000000000000000000000000000000000010000000000,2,0.1419,near support,214.0,297.0,26.0,26.0,20.6596,22.7537
E6C3-1L,20,848,E6C3-1L.mp4,3303c4db10a231ed51d89edb8e56932c233f1e62a5540639a31161d84db91d17,independent-grid-line-plus-ring-read-v1,pending,False,001000000000000000100000010000010000000011000000000001000000001001000000001100100,011100000111000011110010001000111000001110000100010001010000000001000100111101111,26,0.1246,disagreement,209.0,322.0,27.0,27.0,24.4808,21.7671
E6C3-1L,21,853,E6C3-1L.mp4,3303c4db10a231ed51d89edb8e56932c233f1e62a5540639a31161d84db91d17,independent-grid-line-plus-ring-read-v1,pending,False,000000011000000000000000000000000000001100000000000000000000010101000001000000000,000000000000000000000000000000100000000010000000010000000000001000000100111101111,21,0.1517,disagreement,209.0,322.0,27.0,27.5,22.1017,22.9844
E6C3-1L,22,860,E6C3-1L.mp4,3303c4db10a231ed51d89edb8e56932c233f1e62a5540639a31161d84db91d17,independent-grid-line-plus-ring-read-v1,pending,False,101000000100000000010000000000000000000100100000000000110010010010000000001000000,101000000111000000010010001000100000001110100100011000110010011011000001001000000,13,0.1077,disagreement,209.0,292.0,28.5,28.5,19.2262,22.1377
E6C3-1L,23,866,E6C3-1L.mp4,3303c4db10a231ed51d89edb8e56932c233f1e62a5540639a31161d84db91d17,independent-grid-line-plus-ring-read-v1,pending,False,000000000000000100000000001100100000000000000000000000100000001000000000010000000,000000001000000001000000011000000001000000000000000001000000011000000001000000001,13,0.1761,disagreement,239.0,295.0,29.5,29.0,18.9562,25.0554
E6C3-1L,24,870,E6C3-1L.mp4,3303c4db10a231ed51d89edb8e56932c233f1e62a5540639a31161d84db91d17,independent-grid-line-plus-ring-read-v1,pending,False,010000100100000000000000000000000000001000000000000000000010000001000000000000000,100000000000000000000000000000000000000000000000010000000000000000000000111101111,16,0.1987,disagreement,211.0,320.0,29.0,29.5,22.8967,24.5944
E6C3-1L,25,878,E6C3-1L.mp4,3303c4db10a231ed51d89edb8e56932c233f1e62a5540639a31161d84db91d17,independent-grid-line-plus-ring-read-v1,pending,False,000001000000000100010000000000100000000100000000000000000000000001000000001001010,000001000000000100010000000000100000001100000000001000010000000111000000011001000,7,0.1256,disagreement,214.0,287.0,30.5,30.5,19.5219,25.2729
E6C3-1L,26,879,E6C3-1L.mp4,3303c4db10a231ed51d89edb8e56932c233f1e62a5540639a31161d84db91d17,independent-grid-line-plus-ring-read-v1,pending,False,000000000000000000000000010000011001000000000000000000000000000000000001001000000,001000000001000001000000011000001000000000100000110000000000000000000000011000000,11,0.1472,disagreement,211.0,287.0,23.0,30.5,20.4502,26.6187
E6C3-1L,27,885,E6C3-1L.mp4,3303c4db10a231ed51d89edb8e56932c233f1e62a5540639a31161d84db91d17,independent-grid-line-plus-ring-read-v1,pending,False,100000000001000000000000010000000000000001000000010000010000000001000100011000101,100000000001000000000000010100000000000101000000010000010000010101000110011000101,5,0.1136,disagreement,215.0,286.0,32.0,31.5,22.799,24.3481
E6C3-1L,28,891,E6C3-1L.mp4,3303c4db10a231ed51d89edb8e56932c233f1e62a5540639a31161d84db91d17,independent-grid-line-plus-ring-read-v1,pending,False,001001010010000100010000001000100001000000000000010000000000000101000000001000000,100001001101000011000000011000111001000100000000100001010000011010000001111101111,32,0.1739,disagreement,241.0,317.0,32.5,32.5,22.3558,30.0079
E6C3-1L,29,897,E6C3-1L.mp4,3303c4db10a231ed51d89edb8e56932c233f1e62a5540639a31161d84db91d17,independent-grid-line-plus-ring-read-v1,pending,False,000000000100000110000010001000010000001100000000001000000000000010000000001000110,100000100100000011100000001100001000000110000100000000100000001101000000100100010,22,0.1513,disagreement,181.0,283.0,33.5,33.5,21.2181,25.8623
E6C3-1L,30,903,E6C3-1L.mp4,3303c4db10a231ed51d89edb8e56932c233f1e62a5540639a31161d84db91d17,independent-grid-line-plus-ring-read-v1,pending,False,010000000010000010010010010000011000000000100000000000010000000000000000000000000,010000000010000010010010010000011000000000100000000000010000000000000000000000000,0,0.1095,exact support,209.0,282.0,34.5,34.0,30.6685,27.7979
E6C3-1L,31,909,E6C3-1L.mp4,3303c4db10a231ed51d89edb8e56932c233f1e62a5540639a31161d84db91d17,independent-grid-line-plus-ring-read-v1,pending,False,010000010100000100000000000000000000000000000000001000000010001100000000000000100,111101111010000010000000000000000000000000000000000000000000001000000001000000000,15,0.1861,disagreement,209.0,251.0,34.5,34.5,32.2648,31.4058
E6C3-2,1,1105,E6C3-2.mp4,5e6b53437f718a3d8e20ddf313d66094816abd25f38568a4b686418ff1203790,independent-grid-line-plus-ring-read-v1,pending,False,000100110100000101000010000000100000000100000000000000100000000001000010001000010,111100011111000001110010000100011000000011100100001001100000011110000011111101111,33,0.2186,disagreement,214.0,301.0,26.5,25.5,17.8462,20.5823
E6C3-2,2,1110,E6C3-2.mp4,5e6b53437f718a3d8e20ddf313d66094816abd25f38568a4b686418ff1203790,independent-grid-line-plus-ring-read-v1,pending,False,010000000010000100000000010000000000000010100000000000010000000000000000010000001,000000111001000000100010000000101001001000000100100001000000010111000111011101111,32,0.1602,disagreement,266.0,316.0,26.5,18.5,18.2787,20.0604
E6C3-2,3,1114,E6C3-2.mp4,5e6b53437f718a3d8e20ddf313d66094816abd25f38568a4b686418ff1203790,independent-grid-line-plus-ring-read-v1,pending,False,000000000000000000010000010000000000000100000100101001010000000011000000000000001,101100010111000001110010000100111000000010100100000000100000000100000000111101111,33,0.1792,disagreement,208.0,304.0,30.0,29.5,21.754,26.4658
E6C3-2,4,1117,E6C3-2.mp4,5e6b53437f718a3d8e20ddf313d66094816abd25f38568a4b686418ff1203790,independent-grid-line-plus-ring-read-v1,pending,False,000001001000000010000000000000010000000000000000000000010010000001000001000100000,000000010000000000000010000000000000000000000000010001000000001000000000111101111,20,0.1716,disagreement,238.0,305.0,30.0,30.5,22.2852,22.4683
E6C3-2,5,1123,E6C3-2.mp4,5e6b53437f718a3d8e20ddf313d66094816abd25f38568a4b686418ff1203790,independent-grid-line-plus-ring-read-v1,pending,False,100001000000000000000000000000000000000010000000000000010000000000000000000000000,101101110011000111000000000000000000001010100000101000110000000011000111001000100,21,0.1065,disagreement,240.0,274.0,26.5,33.0,23.4271,30.2338
E6C3-2,6,1129,E6C3-2.mp4,5e6b53437f718a3d8e20ddf313d66094816abd25f38568a4b686418ff1203790,independent-grid-line-plus-ring-read-v1,pending,False,000000000011000000000000000000000000000000100100001000010000000001000000010000000,110001001001000011000000001000101001000010000100100001110000011111000101111101111,30,0.1525,disagreement,270.0,308.0,34.0,34.5,28.4721,30.9265
E6C3-2,7,1135,E6C3-2.mp4,5e6b53437f718a3d8e20ddf313d66094816abd25f38568a4b686418ff1203790,independent-grid-line-plus-ring-read-v1,pending,False,001000001011000000100000000000000000000000000000000001010000000010000000000001000,110001001000000011000000001000100001000000000100100001110000011001000101111101111,28,0.1462,disagreement,270.0,308.0,34.0,34.5,28.4175,30.4733
E6C3-2,8,1141,E6C3-2.mp4,5e6b53437f718a3d8e20ddf313d66094816abd25f38568a4b686418ff1203790,independent-grid-line-plus-ring-read-v1,pending,False,000001001101000000100010001000000001000001000000000000000000000000000000000000001,010001001001000011000000011000110001000000000000100001100000011001000101111101111,25,0.1456,disagreement,270.0,308.0,34.0,34.5,29.0567,30.7106
E6C3-2,9,1147,E6C3-2.mp4,5e6b53437f718a3d8e20ddf313d66094816abd25f38568a4b686418ff1203790,independent-grid-line-plus-ring-read-v1,pending,False,000000010000000001000000000000000000000000000000000000000000000010000000001001000,000001001001000011000000001000100001000000000000100001110000011011000101111101111,23,0.1405,disagreement,270.0,308.0,34.0,34.5,28.9304,31.2923
E6C3-2,10,1153,E6C3-2.mp4,5e6b53437f718a3d8e20ddf313d66094816abd25f38568a4b686418ff1203790,independent-grid-line-plus-ring-read-v1,pending,False,000000000000000000010000010000000000000000000100000000000010001000000101001000000,000001001100000111000000001000100001000000000000100001100000011011000101111101111,26,0.1486,disagreement,270.0,308.0,34.0,34.5,29.361,30.9421
E6C3-2,11,1159,E6C3-2.mp4,5e6b53437f718a3d8e20ddf313d66094816abd25f38568a4b686418ff1203790,independent-grid-line-plus-ring-read-v1,pending,False,100001000000000000000010000000000000000000000100010001000000000000000010100101000,000001001001000011000000001000100001000100000000100001100000011001000101111101111,25,0.1425,disagreement,270.0,308.0,34.0,34.5,28.7035,30.1602
E6C3-2,12,1165,E6C3-2.mp4,5e6b53437f718a3d8e20ddf313d66094816abd25f38568a4b686418ff1203790,independent-grid-line-plus-ring-read-v1,pending,False,010000001001000001000000010000000000000000000000000000000000001001000000000000010,010001001001000111000000001000000001000000000000100001110000011001000101111101111,20,0.1421,disagreement,270.0,308.0,34.0,34.5,28.8335,31.4019
E6C3-2,13,1172,E6C3-2.mp4,5e6b53437f718a3d8e20ddf313d66094816abd25f38568a4b686418ff1203790,independent-grid-line-plus-ring-read-v1,pending,False,001000000010000100010000001000010001000000000000000001000000010100000001100001101,100001001101000011000000011000100001000000000000100001100000011001000101111101111,24,0.1494,disagreement,270.0,308.0,34.0,34.5,28.9485,29.409
E6C3-2,14,1177,E6C3-2.mp4,5e6b53437f718a3d8e20ddf313d66094816abd25f38568a4b686418ff1203790,independent-grid-line-plus-ring-read-v1,pending,False,100000010000000000000000000000000000001010100000001000000000010100000001000001000,000001001001000011000000001000101001000010000000100001100000011001000001111101111,27,0.148,disagreement,270.0,308.0,34.0,34.5,28.7417,31.1033
E6C3-2,15,1183,E6C3-2.mp4,5e6b53437f718a3d8e20ddf313d66094816abd25f38568a4b686418ff1203790,independent-grid-line-plus-ring-read-v1,pending,False,000001000110000100000000000100110000000101000000000000000000000000000010000000001,100001001001000011000000001000110001000000000000100001110000011011000101111101111,31,0.1417,disagreement,270.0,308.0,34.0,34.5,28.8565,30.7837
E6C3-2,16,1189,E6C3-2.mp4,5e6b53437f718a3d8e20ddf313d66094816abd25f38568a4b686418ff1203790,independent-grid-line-plus-ring-read-v1,pending,False,001000001000000101000000011000100000000000100000000000000010010100000000000000010,000001001000000111000000001000101001000000000000100001100000011001000101111101111,23,0.1523,disagreement,270.0,308.0,34.0,34.5,28.7731,30.8202
E6C3-2,17,1195,E6C3-2.mp4,5e6b53437f718a3d8e20ddf313d66094816abd25f38568a4b686418ff1203790,independent-grid-line-plus-ring-read-v1,pending,False,000000000110000000000000000100001001000010000000100000100000000000000010000000000,100001001001000011000010011000100001001000000000100001100000011001000101111101111,31,0.15,disagreement,270.0,308.0,34.0,34.5,28.9527,31.3385
E6C3-2,18,1201,E6C3-2.mp4,5e6b53437f718a3d8e20ddf313d66094816abd25f38568a4b686418ff1203790,independent-grid-line-plus-ring-read-v1,pending,False,000000000000000100000000010000110000000001000000001001000000000100000000001000100,000001001000000111000000001000110001000010000000100001100000011011000101111101111,25,0.1484,disagreement,270.0,308.0,34.0,34.5,28.5904,30.8256
E6C3-2,19,1207,E6C3-2.mp4,5e6b53437f718a3d8e20ddf313d66094816abd25f38568a4b686418ff1203790,independent-grid-line-plus-ring-read-v1,pending,False,001001000000000000000000010000000000000000000000000001100000000101000000000101000,000001001001000111000000001000100001000000000000100001110000011001000101111101111,23,0.1413,disagreement,270.0,308.0,34.0,34.5,28.3592,30.4602
E6C3-2,20,1213,E6C3-2.mp4,5e6b53437f718a3d8e20ddf313d66094816abd25f38568a4b686418ff1203790,independent-grid-line-plus-ring-read-v1,pending,False,000001000000000000000000000100000000000000000000011000010000010000000000000000000,000001001001000011000000001000100001000110000100100001100000011001000101111101111,29,0.1478,disagreement,270.0,308.0,34.0,34.5,28.7798,31.3579
E6C3-2,21,1219,E6C3-2.mp4,5e6b53437f718a3d8e20ddf313d66094816abd25f38568a4b686418ff1203790,independent-grid-line-plus-ring-read-v1,pending,False,001000000110000000110000000000000000000100000100000000000000000100000010000000100,100001001101000011000000001000100001000000000000100001100000011001000101111101111,32,0.1403,disagreement,270.0,308.0,34.0,34.5,28.7308,30.6767
E6C3-2,22,1225,E6C3-2.mp4,5e6b53437f718a3d8e20ddf313d66094816abd25f38568a4b686418ff1203790,independent-grid-line-plus-ring-read-v1,pending,False,000000000000000010000000000000010001000000000000100000110000000001000000000000100,000001101001000011000000011000100001001000000100100001110000011001000101111101111,23,0.1529,disagreement,270.0,308.0,34.0,34.5,29.0921,31.3381
E6C3-2,23,1231,E6C3-2.mp4,5e6b53437f718a3d8e20ddf313d66094816abd25f38568a4b686418ff1203790,independent-grid-line-plus-ring-read-v1,pending,False,000000000001000001000000010000100001001001000000000000000000001001000000000000000,010001001001000111000000011000010001000000000000100001110000011001000101111101111,25,0.1433,disagreement,270.0,308.0,34.0,34.5,28.459,31.5521
E6C3-2,24,1237,E6C3-2.mp4,5e6b53437f718a3d8e20ddf313d66094816abd25f38568a4b686418ff1203790,independent-grid-line-plus-ring-read-v1,pending,False,000000000000000001000000000000100000000000000000000000000000000000000010000000001,000001001001000011000000001000000001000000000000100001100000011001000101111101111,23,0.1291,disagreement,270.0,308.0,34.0,34.5,29.5,32.0469
E6C3-2,25,1243,E6C3-2.mp4,5e6b53437f718a3d8e20ddf313d66094816abd25f38568a4b686418ff1203790,independent-grid-line-plus-ring-read-v1,pending,False,001000000000000000100000010000010000000011000000000001000000001001000000001100100,000001001001000111000000001000110001000000000000100001110000011011000101111101111,26,0.1553,disagreement,270.0,308.0,34.0,34.5,28.6365,30.005
E6C3-2,26,1249,E6C3-2.mp4,5e6b53437f718a3d8e20ddf313d66094816abd25f38568a4b686418ff1203790,independent-grid-line-plus-ring-read-v1,pending,False,000000011000000000000000000000000000001100000000000000000000010101000001000000000,000001001001000011000000001000000001000000000000100001110000011001000101111101111,24,0.1417,disagreement,270.0,308.0,34.0,34.5,28.981,31.3975
E6C3-2,27,1255,E6C3-2.mp4,5e6b53437f718a3d8e20ddf313d66094816abd25f38568a4b686418ff1203790,independent-grid-line-plus-ring-read-v1,pending,False,101000000100000000010000000000000000000100100000000000110010010010000000001000000,000001001100000011000000001000101001000000000100100001110000011011000101111101111,28,0.1572,disagreement,270.0,308.0,34.0,34.5,28.3917,30.7331
E6C3-2,28,1261,E6C3-2.mp4,5e6b53437f718a3d8e20ddf313d66094816abd25f38568a4b686418ff1203790,independent-grid-line-plus-ring-read-v1,pending,False,000000000000000100000000001100100000000000000000000000100000001000000000010000000,000001001001000011000000001000100001000000000000100001100000011111000101111101111,23,0.1435,disagreement,270.0,308.0,34.0,34.5,29.3927,32.0248
E6C3-2,29,1267,E6C3-2.mp4,5e6b53437f718a3d8e20ddf313d66094816abd25f38568a4b686418ff1203790,independent-grid-line-plus-ring-read-v1,pending,False,010000100100000000000000000000000000001000000000000000000010000001000000000000000,000001001001000011000000001000100001000000000000100001110000011001000101111101111,29,0.1423,disagreement,270.0,308.0,34.0,34.5,28.874,31.7337
E6C3-9,1,1037,E6C3-9.mp4,108ebdce211af141a8154c19fc3377808f899516361d9a9668e5f74899839657,independent-grid-line-plus-ring-read-v1,pending,False,000100110100000101000010000000100000000100000000000000100000000001000010001000010,000000000000000000000010011000111001001111100000111001000010011001000111001101011,28,0.3553,disagreement,104.0,106.0,49.5,54.5,21.0571,23.3177
E6C3-9,2,1043,E6C3-9.mp4,108ebdce211af141a8154c19fc3377808f899516361d9a9668e5f74899839657,independent-grid-line-plus-ring-read-v1,pending,False,010000000010000100000000010000000000000010100000000000010000000000000000010000001,000000000000000000010010011000111001001111100000000001010000011011000011011100011,23,0.3683,disagreement,195.0,127.0,57.5,57.5,21.7129,23.3542
E6C3-9,3,1049,E6C3-9.mp4,108ebdce211af141a8154c19fc3377808f899516361d9a9668e5f74899839657,independent-grid-line-plus-ring-read-v1,pending,False,000000000000000000010000010000000000000100000100101001010000000011000000000000001,000001011000000010000000011000010000000000100000000000010010001001000001000100000,19,0.1364,disagreement,239.0,286.0,30.5,30.5,24.5442,25.9294
E6C3-9,4,1056,E6C3-9.mp4,108ebdce211af141a8154c19fc3377808f899516361d9a9668e5f74899839657,independent-grid-line-plus-ring-read-v1,pending,False,000001001000000010000000000000010000000000000000000000010010000001000001000100000,100001000000000000000000000000000000000010000000000000110000000000000000101100000,11,0.1083,disagreement,237.0,284.0,34.5,34.5,38.6863,30.3294
E6C3-9,5,1057,E6C3-9.mp4,108ebdce211af141a8154c19fc3377808f899516361d9a9668e5f74899839657,independent-grid-line-plus-ring-read-v1,pending,False,100001000000000000000000000000000000000010000000000000010000000000000000000000000,100001000000000000000000000000000000000010000000000000010000000000000000000000000,0,0.1215,exact support,237.0,284.0,34.5,34.5,41.5085,39.0487
E6C3-9,6,1063,E6C3-9.mp4,108ebdce211af141a8154c19fc3377808f899516361d9a9668e5f74899839657,independent-grid-line-plus-ring-read-v1,pending,False,000000000011000000000000000000000000000000100100001000010000000001000000010000000,000000000011000001000000001000000000000000100100001000010000000001000000000000000,3,0.115,disagreement,237.0,284.0,34.5,34.5,31.3148,27.9133
E6C3-9,7,1069,E6C3-9.mp4,108ebdce211af141a8154c19fc3377808f899516361d9a9668e5f74899839657,independent-grid-line-plus-ring-read-v1,pending,False,001000001011000000100000000000000000000000000000000001010000000010000000000001000,001000001011000000100010001000010000000010100000010001010010001010000111000001110,13,0.0902,disagreement,237.0,279.0,34.5,35.0,31.0821,28.4677
E6C3-9,8,1074,E6C3-9.mp4,108ebdce211af141a8154c19fc3377808f899516361d9a9668e5f74899839657,independent-grid-line-plus-ring-read-v1,pending,False,000001001101000000100010001000000001000001000000000000000000000000000000000000001,000001001001000000100010001000010001000011100000010000000010001000000111000101110,15,0.0941,disagreement,237.0,279.0,34.5,35.0,32.5265,28.7825
E6C3-9,9,1080,E6C3-9.mp4,108ebdce211af141a8154c19fc3377808f899516361d9a9668e5f74899839657,independent-grid-line-plus-ring-read-v1,pending,False,000000010000000001000000000000000000000000000000000000000000000010000000001001000,000000010000000000000010001000010000000010100000010000000010001010000101001101110,14,0.079,disagreement,237.0,279.0,34.5,35.0,32.6023,29.856
E6C3-9,10,1087,E6C3-9.mp4,108ebdce211af141a8154c19fc3377808f899516361d9a9668e5f74899839657,independent-grid-line-plus-ring-read-v1,pending,False,000000000000000000010000010000000000000000000100000000000010001000000101001000000,000000000000000000010010011000010000000010100100010000000010001000000111001100110,10,0.0957,disagreement,237.0,279.0,34.5,35.0,33.0354,29.5581
E6C3-9,11,1097,E6C3-9.mp4,108ebdce211af141a8154c19fc3377808f899516361d9a9668e5f74899839657,independent-grid-line-plus-ring-read-v1,pending,False,100001000000000000000010000000000000000000000100010001000000000000000010100101000,000000001001000000000010011000010000000010100000010000000010001001000111000100110,20,0.0794,disagreement,237.0,279.0,34.5,35.0,32.4202,29.296
E6C3-9,12,1098,E6C3-9.mp4,108ebdce211af141a8154c19fc3377808f899516361d9a9668e5f74899839657,independent-grid-line-plus-ring-read-v1,pending,False,010000001001000001000000010000000000000000000000000000000000001001000000000000010,000000001001000000000010011000010000000010100000010000000010001001000111000001110,14,0.0824,disagreement,237.0,279.0,34.5,35.0,32.7027,29.2456
E6C3-9,13,1104,E6C3-9.mp4,108ebdce211af141a8154c19fc3377808f899516361d9a9668e5f74899839657,independent-grid-line-plus-ring-read-v1,pending,False,001000000010000100010000001000010001000000000000000001000000010100000001100001101,001000000010000100010010001000010001000010100000010001000010011000000101100101110,11,0.0967,disagreement,237.0,279.0,34.5,35.0,32.2421,28.5713
E6C3-9,14,1110,E6C3-9.mp4,108ebdce211af141a8154c19fc3377808f899516361d9a9668e5f74899839657,independent-grid-line-plus-ring-read-v1,pending,False,100000010000000000000000000000000000001010100000001000000000010100000001000001000,100000010000000000000010001000010000001010100000011000000010011000000111000101110,12,0.0939,disagreement,237.0,279.0,34.5,35.0,32.405,28.9881
E6C3-9,15,1116,E6C3-9.mp4,108ebdce211af141a8154c19fc3377808f899516361d9a9668e5f74899839657,independent-grid-line-plus-ring-read-v1,pending,False,000001000110000100000000000100110000000101000000000000000000000000000010000000001,000001000010000100000010001100110000000111000000010000000010001000000111000000110,12,0.0938,disagreement,237.0,279.0,34.5,35.0,31.6252,28.639
E6C3-9,16,1122,E6C3-9.mp4,108ebdce211af141a8154c19fc3377808f899516361d9a9668e5f74899839657,independent-grid-line-plus-ring-read-v1,pending,False,001000001000000101000000011000100000000000100000000000000010010100000000000000010,001000001000000100000010011000110000000010100000010000000010011000000111000101110,13,0.0985,disagreement,237.0,279.0,34.5,35.0,32.9544,28.6821
E6C3-9,17,1128,E6C3-9.mp4,108ebdce211af141a8154c19fc3377808f899516361d9a9668e5f74899839657,independent-grid-line-plus-ring-read-v1,pending,False,000000000110000000000000000100001001000010000000100000100000000000000010000000000,000000000010000000000010001100011001000010100000110000100010001000000111000000110,12,0.091,disagreement,237.0,279.0,34.5,35.0,32.265,29.1356
E6C3-9,18,1134,E6C3-9.mp4,108ebdce211af141a8154c19fc3377808f899516361d9a9668e5f74899839657,independent-grid-line-plus-ring-read-v1,pending,False,000000000000000100000000010000110000000001000000001001000000000100000000001000100,000000000000000100000010011000110000000011100000001001000010001000000111001100110,12,0.102,disagreement,237.0,279.0,34.5,35.0,32.1542,29.0452
E6C3-9,19,1140,E6C3-9.mp4,108ebdce211af141a8154c19fc3377808f899516361d9a9668e5f74899839657,independent-grid-line-plus-ring-read-v1,pending,False,001001000000000000000000010000000000000000000000000001100000000101000000000101000,001001000000000000000010011000010000000010000000010001100010001001000111000101110,13,0.0914,disagreement,237.0,279.0,34.5,35.0,31.6883,29.1319
E6C3-9,20,1146,E6C3-9.mp4,108ebdce211af141a8154c19fc3377808f899516361d9a9668e5f74899839657,independent-grid-line-plus-ring-read-v1,pending,False,000001000000000000000000000100000000000000000000011000010000010000000000000000000,000001000000000000000010001100010000000010100000011000010010011000000111000000110,12,0.0936,disagreement,237.0,279.0,34.5,35.0,32.4777,29.3273
E6C3-9,21,1152,E6C3-9.mp4,108ebdce211af141a8154c19fc3377808f899516361d9a9668e5f74899839657,independent-grid-line-plus-ring-read-v1,pending,False,001000000110000000110000000000000000000100000100000000000000000100000010000000100,001000000010000000110010001000010000000110100100010000000010001000000111000100110,14,0.0835,disagreement,237.0,279.0,34.5,35.0,32.3169,28.7535
E6C3-9,22,1158,E6C3-9.mp4,108ebdce211af141a8154c19fc3377808f899516361d9a9668e5f74899839657,independent-grid-line-plus-ring-read-v1,pending,False,000000000000000010000000000000010001000000000000100000110000000001000000000000100,000000000000000010000010001000010001000010000000110000110010001001000101000001110,10,0.0991,disagreement,237.0,279.0,34.5,35.0,33.0146,29.6079
E6C3-9,23,1164,E6C3-9.mp4,108ebdce211af141a8154c19fc3377808f899516361d9a9668e5f74899839657,independent-grid-line-plus-ring-read-v1,pending,False,000000000001000001000000010000100001001001000000000000000000001001000000000000000,000000000001000000000010011000110001001011100000010000000010001001000101000100110,13,0.093,disagreement,237.0,279.0,34.5,35.0,31.9469,29.2769
E6C3-9,24,1170,E6C3-9.mp4,108ebdce211af141a8154c19fc3377808f899516361d9a9668e5f74899839657,independent-grid-line-plus-ring-read-v1,pending,False,000000000000000001000000000000100000000000000000000000000000000000000010000000001,000000000000000000000010001000110000000010100000010000000010001000000111000101110,16,0.0755,disagreement,237.0,279.0,34.5,35.0,33.4796,30.3485
E6C3-9,25,1176,E6C3-9.mp4,108ebdce211af141a8154c19fc3377808f899516361d9a9668e5f74899839657,independent-grid-line-plus-ring-read-v1,pending,False,001000000000000000100000010000010000000011000000000001000000001001000000001100100,001000000000000000100010011000010000000011000000010001000010001001000101001100110,7,0.1095,disagreement,237.0,279.0,34.5,35.0,31.7831,28.7448
E6C3-9,26,1182,E6C3-9.mp4,108ebdce211af141a8154c19fc3377808f899516361d9a9668e5f74899839657,independent-grid-line-plus-ring-read-v1,pending,False,000000011000000000000000000000000000001100000000000000000000010101000001000000000,000000011000000000000010001000010000001110100000010000000010011001000111000100110,14,0.0825,disagreement,237.0,279.0,34.5,35.0,32.6919,29.1781
E6C3-9,27,1188,E6C3-9.mp4,108ebdce211af141a8154c19fc3377808f899516361d9a9668e5f74899839657,independent-grid-line-plus-ring-read-v1,pending,False,101000000100000000010000000000000000000100100000000000110010010010000000001000000,101000000000000000010010001000010000000110100000010000110010011010000111001100110,13,0.0996,disagreement,237.0,279.0,34.5,35.0,31.7252,28.854
E6C3-9,28,1194,E6C3-9.mp4,108ebdce211af141a8154c19fc3377808f899516361d9a9668e5f74899839657,independent-grid-line-plus-ring-read-v1,pending,False,000000000000000100000000001100100000000000000000000000100000001000000000010000000,000000000000000100000010001100110000000010000000010000100010001000000111000100110,12,0.0916,disagreement,237.0,279.0,34.5,35.0,33.4379,29.9442
E6C3-9,29,1200,E6C3-9.mp4,108ebdce211af141a8154c19fc3377808f899516361d9a9668e5f74899839657,independent-grid-line-plus-ring-read-v1,pending,False,010000100100000000000000000000000000001000000000000000000010000001000000000000000,000000100000000000000010001000010000001010000000010000000010001001000101000100110,13,0.0855,disagreement,237.0,279.0,34.5,35.0,32.7008,29.3221
E6C3-9,30,1208,E6C3-9.mp4,108ebdce211af141a8154c19fc3377808f899516361d9a9668e5f74899839657,independent-grid-line-plus-ring-read-v1,pending,False,000001000000000100010000000000100000000100000000000000000000000001000000001001010,000001000000000100010000001000110000000110000000000000000010001001000111001001110,9,0.0991,disagreement,237.0,279.0,34.5,35.0,31.2435,29.3204
E6C3-9,31,1211,E6C3-9.mp4,108ebdce211af141a8154c19fc3377808f899516361d9a9668e5f74899839657,independent-grid-line-plus-ring-read-v1,pending,False,000000000000000000000000010000011001000000000000000000000000000000000001001000000,000000000000000000000000011000011001000010000000000000000010001000000111001001110,9,0.0867,disagreement,237.0,279.0,34.5,35.0,32.9294,30.2419
E6C3-9,32,1218,E6C3-9.mp4,108ebdce211af141a8154c19fc3377808f899516361d9a9668e5f74899839657,independent-grid-line-plus-ring-read-v1,pending,False,100000000001000000000000010000000000000001000000010000010000000001000100011000101,100000000001000000000010011000010000000011000000010000010010001001000111001100110,12,0.0983,disagreement,237.0,279.0,34.5,35.0,31.8883,28.9535
E6C3-9,33,1225,E6C3-9.mp4,108ebdce211af141a8154c19fc3377808f899516361d9a9668e5f74899839657,independent-grid-line-plus-ring-read-v1,pending,False,001001010010000100010000001000100001000000000000010000000000000101000000001000000,001001010010000100010010001000110001000010100000010000000010001001000111001100110,13,0.1008,disagreement,237.0,279.0,34.5,35.0,31.025,28.0183
E6C3-9,34,1230,E6C3-9.mp4,108ebdce211af141a8154c19fc3377808f899516361d9a9668e5f74899839657,independent-grid-line-plus-ring-read-v1,pending,False,000000000100000110000010001000010000001100000000001000000000000010000000001000110,000000000000000110000010001000010000001110000000011000000010001010000101001100110,8,0.1108,disagreement,237.0,279.0,34.5,35.0,31.954,28.4619
E6C3-9,35,1237,E6C3-9.mp4,108ebdce211af141a8154c19fc3377808f899516361d9a9668e5f74899839657,independent-grid-line-plus-ring-read-v1,pending,False,010000000010000010010010010000011000000000100000000000010000000000000000000000000,000000000010000010010010011000011000000010100000010000010010001000000111000100110,12,0.0996,disagreement,237.0,279.0,34.5,35.0,31.6454,29.3446
E6C3-9,36,1242,E6C3-9.mp4,108ebdce211af141a8154c19fc3377808f899516361d9a9668e5f74899839657,independent-grid-line-plus-ring-read-v1,pending,False,010000010100000100000000000000000000000000000000001000000010001100000000000000100,000000010000000100000010001000010000000010000000011000000010001000000111000100110,13,0.0855,disagreement,237.0,279.0,34.5,35.0,33.0785,29.1292
E6C4-13,1,415,E6C4-13.mp4,4362933796f3b31683f7831238a5f72f7b8419779d252bea9a139a52e87b823f,independent-grid-line-plus-ring-read-v1,pending,False,000000000011000000100000000100010000001010100000000000100000000010000100001000000,101100000111000001110010000100111000000011000100001001100000011100000000111101111,27,0.2311,disagreement,213.0,301.0,26.5,25.5,19.4354,21.5423
E6C4-13,2,420,E6C4-13.mp4,4362933796f3b31683f7831238a5f72f7b8419779d252bea9a139a52e87b823f,independent-grid-line-plus-ring-read-v1,pending,False,000000000000000001000000000000000000000000000000101001000000000000000110000100000,000000000000000000000010000000110000000101000000000000000000010000000000111101111,19,0.148,disagreement,236.0,305.0,29.5,29.5,24.7323,26.9919
E6C4-13,3,424,E6C4-13.mp4,4362933796f3b31683f7831238a5f72f7b8419779d252bea9a139a52e87b823f,independent-grid-line-plus-ring-read-v1,pending,False,000000000001000100000000010000110000001000000100000001000000000011000000100000001,110000000110000000110000000100011000001000100100000000110010000110000000111101111,25,0.2101,disagreement,177.0,305.0,30.0,29.5,24.0354,28.8556
E6C4-13,4,429,E6C4-13.mp4,4362933796f3b31683f7831238a5f72f7b8419779d252bea9a139a52e87b823f,independent-grid-line-plus-ring-read-v1,pending,False,000100000100000000000010000000100000000010000000100000000000010000000000100001000,100000000100000000100000000100010000000001000100010000100000001100000000100000100,18,0.1969,disagreement,211.0,281.0,30.0,30.0,28.0881,38.5985
E6C4-13,5,430,E6C4-13.mp4,4362933796f3b31683f7831238a5f72f7b8419779d252bea9a139a52e87b823f,independent-grid-line-plus-ring-read-v1,pending,False,000000000101000000010000001100110000000000000100001000000000000100000000000000000,100000000110000000100000000100011000000000000100000000100000000100000000100000000,11,0.1932,disagreement,211.0,281.0,30.0,30.0,27.2663,39.1242
E6C4-13,6,439,E6C4-13.mp4,4362933796f3b31683f7831238a5f72f7b8419779d252bea9a139a52e87b823f,independent-grid-line-plus-ring-read-v1,pending,False,000000000000000000100010001000000000000000000000000000000000001001000010000000010,000000000000000000000000001000000000000000000000000000000000001001000010000000010,2,0.1863,near support,238.0,277.0,30.0,30.0,22.7677,28.8427
E6C4-13,7,444,E6C4-13.mp4,4362933796f3b31683f7831238a5f72f7b8419779d252bea9a139a52e87b823f,independent-grid-line-plus-ring-read-v1,pending,False,000000000000000010000000000000000000000000000000000000010000000000000000100000000,000000010000000000000000000000000000000000000000000001000000001000000100111101111,13,0.2028,disagreement,238.0,306.0,30.0,31.0,25.3867,29.3521
E6C4-13,8,445,E6C4-13.mp4,4362933796f3b31683f7831238a5f72f7b8419779d252bea9a139a52e87b823f,independent-grid-line-plus-ring-read-v1,pending,False,000100000100000000000000000000100001000010000000000000010010000000000000010000000,000000000000000000000000001000110000000000000000010000000000000000000000111101111,16,0.1735,disagreement,241.0,306.0,31.0,31.0,23.7629,27.6865
E6C4-13,9,450,E6C4-13.mp4,4362933796f3b31683f7831238a5f72f7b8419779d252bea9a139a52e87b823f,independent-grid-line-plus-ring-read-v1,pending,False,000001000000000010000000000000000000001010000000010000000010000100000000000000000,100000001100000000100000000100101000000001000100001000110000000100000000111101111,26,0.1942,disagreement,210.0,306.0,31.5,31.5,24.9321,28.0033
E6C4-13,10,455,E6C4-13.mp4,4362933796f3b31683f7831238a5f72f7b8419779d252bea9a139a52e87b823f,independent-grid-line-plus-ring-read-v1,pending,False,000000000000000000000000000000000000001000000000100000000000000001000010001000100,000000000000000000000000000000000000000100000000000001000000011001000100111101111,14,0.1718,disagreement,238.0,306.0,30.0,32.0,22.7046,33.8183
E6C4-13,11,460,E6C4-13.mp4,4362933796f3b31683f7831238a5f72f7b8419779d252bea9a139a52e87b823f,independent-grid-line-plus-ring-read-v1,pending,False,000001000000000000000000000000001000000000000100000000000010000000000100000000000,000000000000000000000000000000001000000000000100000000000010010000000100000000000,2,0.1197,near support,242.0,280.0,32.5,32.0,21.8983,24.23
E6C4-13,12,465,E6C4-13.mp4,4362933796f3b31683f7831238a5f72f7b8419779d252bea9a139a52e87b823f,independent-grid-line-plus-ring-read-v1,pending,False,000000000000000000000000000000001000000010000000100001000000010001000000000000000,000000000000000000000000000000010000000100000000000001000000001000000000111101111,16,0.1427,disagreement,236.0,307.0,32.5,32.5,21.9169,30.5731
E6C4-13,13,479,E6C4-13.mp4,4362933796f3b31683f7831238a5f72f7b8419779d252bea9a139a52e87b823f,independent-grid-line-plus-ring-read-v1,pending,False,000101000010000010010000001000000000001010000100000000000000000000000010000100001,000101000010000010010000001000000000001010000100000000000000000000000010000100000,1,0.1533,near support,236.0,279.0,34.0,34.0,31.036,28.0567
E6C4-13,14,484,E6C4-13.mp4,4362933796f3b31683f7831238a5f72f7b8419779d252bea9a139a52e87b823f,independent-grid-line-plus-ring-read-v1,pending,False,000000000101000010000000000100010000000000000000000001100000000000000000000100010,101000010000000001100010000000000000000000000100000000000000000000000110111101111,22,0.114,disagreement,236.0,308.0,34.0,34.0,29.5688,27.1292
E6C4-13,15,489,E6C4-13.mp4,4362933796f3b31683f7831238a5f72f7b8419779d252bea9a139a52e87b823f,independent-grid-line-plus-ring-read-v1,pending,False,100101000000000001100000011000100000001100000000010000000000011000000010000000011,100101100000000110100000011000100000001100000000010000000000011000000010000000000,6,0.1012,disagreement,242.0,274.0,34.5,34.5,25.4198,31.3794
E6C4-13,16,494,E6C4-13.mp4,4362933796f3b31683f7831238a5f72f7b8419779d252bea9a139a52e87b823f,independent-grid-line-plus-ring-read-v1,pending,False,010001000110000000000000000000000000000000000000011000000000000010000000000000010,010000000000000001000010001000000000000011000000010001010000001000000010111101111,21,0.1309,disagreement,236.0,309.0,35.0,34.5,27.5244,27.074
E6C4-13,17,499,E6C4-13.mp4,4362933796f3b31683f7831238a5f72f7b8419779d252bea9a139a52e87b823f,independent-grid-line-plus-ring-read-v1,pending,False,010000000000000100010000000100011001001001000000100000000000001000000000001000011,000000000000000100010000000100011001001011000000110000000010001000000000001000110,6,0.102,disagreement,236.0,274.0,35.0,35.0,24.1146,23.5162
E6C4-13,18,504,E6C4-13.mp4,4362933796f3b31683f7831238a5f72f7b8419779d252bea9a139a52e87b823f,independent-grid-line-plus-ring-read-v1,pending,False,000000101100000110000000000000000000000100000000100001000000011000000000000000010,000001101000000001000000011000000001001000000000000001000000001000000101111101111,21,0.1484,disagreement,271.0,310.0,35.5,35.5,23.1233,31.9915
E6C4-13,19,509,E6C4-13.mp4,4362933796f3b31683f7831238a5f72f7b8419779d252bea9a139a52e87b823f,independent-grid-line-plus-ring-read-v1,pending,False,000001000011000010000000010100000000001100000000000000000010000000000001000000001,000001000011000010000000010100000000001100000000000000000010000000000000000000000,2,0.1046,near support,242.0,274.0,36.0,36.0,26.7127,31.3073
E6C4-13,20,514,E6C4-13.mp4,4362933796f3b31683f7831238a5f72f7b8419779d252bea9a139a52e87b823f,independent-grid-line-plus-ring-read-v1,pending,False,011000000000000000000010000000101000001010000000000000000000001010000000000000000,110000001110000001000000011000010001000100000000100001000000011100000001000000001,23,0.1348,disagreement,272.0,274.0,36.5,36.5,24.0819,30.3958
E6C4-13,21,519,E6C4-13.mp4,4362933796f3b31683f7831238a5f72f7b8419779d252bea9a139a52e87b823f,independent-grid-line-plus-ring-read-v1,pending,False,001000000000000000100000011000101000000000000000000000100000000100000101000100000,111000100100000011100010001100010000000110000100010000100000001100000000111101111,26,0.1187,disagreement,234.0,310.0,37.5,36.5,23.8754,31.7221
E6C4-13,22,526,E6C4-13.mp4,4362933796f3b31683f7831238a5f72f7b8419779d252bea9a139a52e87b823f,independent-grid-line-plus-ring-read-v1,pending,False,000000001100000010000000000100010000000000000000000000000000000000000000000000000,100100101110000010100000001100010000000110100100010001100010001000000100000000000,16,0.0674,disagreement,234.0,273.0,37.5,37.5,26.8725,31.7344
E6C4-13,23,527,E6C4-13.mp4,4362933796f3b31683f7831238a5f72f7b8419779d252bea9a139a52e87b823f,independent-grid-line-plus-ring-read-v1,pending,False,000000000001000000010000000000000000000100000000000000000000000001000000000001000,101100100001000100110000001100000000000110100100010000000010001001000100101101100,19,0.0696,disagreement,234.0,273.0,37.5,37.5,26.9888,35.5958
E6C4-13,24,532,E6C4-13.mp4,4362933796f3b31683f7831238a5f72f7b8419779d252bea9a139a52e87b823f,independent-grid-line-plus-ring-read-v1,pending,False,100000100001000000000000000000010000001000000000001000000000000100000000010100001,111001001001000011000000001000101001001111000100001001110000011111000001111101111,29,0.1344,disagreement,271.0,311.0,37.5,37.5,33.1583,45.2673
E6C4-13,25,537,E6C4-13.mp4,4362933796f3b31683f7831238a5f72f7b8419779d252bea9a139a52e87b823f,independent-grid-line-plus-ring-read-v1,pending,False,001000000001000000100000010100000000000000000000000000100000000001000000000000000,010001001110000011000000011000101001001101000000100001000000010010000001000000001,26,0.1162,disagreement,271.0,281.0,37.5,37.5,29.1533,29.9515
E6C4-16,1,491,E6C4-16.mp4,89cbadc01206d71a83e5cb15854f5206d179c323afb374980e7293a9a027c33b,independent-grid-line-plus-ring-read-v1,pending,False,000000000000000000000000001000000001000111000000000000100000000000000000000100000,111101111100000010100000000100000000000000000100000000100000000100000000100100000,20,0.1973,disagreement,196.0,239.0,38.5,38.5,27.9258,29.2433
E6C4-16,2,496,E6C4-16.mp4,89cbadc01206d71a83e5cb15854f5206d179c323afb374980e7293a9a027c33b,independent-grid-line-plus-ring-read-v1,pending,False,110000000101000000010000000000000000000000000000010000000010000001000000000000000,111101111000000000000000000100000000000010000000010000000000000100000000010000100,16,0.1806,disagreement,235.0,238.0,39.5,39.5,31.5754,34.0873
E6C4-16,3,502,E6C4-16.mp4,89cbadc01206d71a83e5cb15854f5206d179c323afb374980e7293a9a027c33b,independent-grid-line-plus-ring-read-v1,pending,False,000000000011000000100000000100010000001010100000000000100000000010000100001000000,000000000000000001000000000000000000000000000000101001000000000010000110101100101,18,0.1258,disagreement,236.0,278.0,41.5,40.5,30.1679,28.7985
E6C4-16,4,508,E6C4-16.mp4,89cbadc01206d71a83e5cb15854f5206d179c323afb374980e7293a9a027c33b,independent-grid-line-plus-ring-read-v1,pending,False,000000000000000001000000000000000000000000000000101001000000000000000110000100000,111101111000000000000000000000000000000010000000000000100000001000000000011000000,20,0.1826,disagreement,236.0,237.0,41.5,41.5,27.7796,33.4204
E6C4-16,5,514,E6C4-16.mp4,89cbadc01206d71a83e5cb15854f5206d179c323afb374980e7293a9a027c33b,independent-grid-line-plus-ring-read-v1,pending,False,000000000001000100000000010000110000001000000100101001000000000011000110100100001,111101111000000000000000000000010001000000000000010000000000000000000010000000000,25,0.1895,disagreement,236.0,237.0,41.5,41.5,26.7746,31.774
E6C4-16,6,514,E6C4-16.mp4,89cbadc01206d71a83e5cb15854f5206d179c323afb374980e7293a9a027c33b,independent-grid-line-plus-ring-read-v1,pending,False,000000000001000100000000010000110000001000000100000001000000000011000000100000001,111101111000000000000000000000010001000000000000010000000000000000000010000000000,22,0.1895,disagreement,236.0,237.0,41.5,41.5,26.7746,31.774
E6C4-16,7,520,E6C4-16.mp4,89cbadc01206d71a83e5cb15854f5206d179c323afb374980e7293a9a027c33b,independent-grid-line-plus-ring-read-v1,pending,False,000100000100000000000010000000100000000010000000100000000000010000000000100001000,010000001100000011000000001000000001000010000000100001000000001000000001000000000,15,0.1352,disagreement,277.0,314.0,42.5,42.5,30.484,26.9817
E6C4-16,8,526,E6C4-16.mp4,89cbadc01206d71a83e5cb15854f5206d179c323afb374980e7293a9a027c33b,independent-grid-line-plus-ring-read-v1,pending,False,000000000101000000010000001100110000000000000100001000000000000100000000000000000,111101111000000000000000000000010001000000000000000000000000000000000001001000010,21,0.1447,disagreement,234.0,235.0,43.5,43.5,29.0523,30.1477
E6C4-16,9,532,E6C4-16.mp4,89cbadc01206d71a83e5cb15854f5206d179c323afb374980e7293a9a027c33b,independent-grid-line-plus-ring-read-v1,pending,False,000000000000000000100010001000000000000000000000000000000000001001000010000000010,000000000000000010000000000000000000000000000000000000010000000000000000100000000,10,0.1441,disagreement,234.0,277.0,44.0,44.0,30.7027,28.2575
E6C4-16,10,538,E6C4-16.mp4,89cbadc01206d71a83e5cb15854f5206d179c323afb374980e7293a9a027c33b,independent-grid-line-plus-ring-read-v1,pending,False,000000000000000010000000000000000000000000000000000000010000000000000000100000000,111000011111000111000000000000000000000000000000100001000010000000000000010000000,16,0.1684,disagreement,234.0,187.0,45.0,45.0,31.025,27.9819
E6C4-16,11,544,E6C4-16.mp4,89cbadc01206d71a83e5cb15854f5206d179c323afb374980e7293a9a027c33b,independent-grid-line-plus-ring-read-v1,pending,False,000100000100000000000000000000100001000010000000000000010010000000000000010000000,101101101000000100010000011000000000000000000000000000010010010000000000000101000,17,0.2093,disagreement,234.0,198.0,45.5,22.5,30.8977,30.5902
E6C4-16,12,545,E6C4-16.mp4,89cbadc01206d71a83e5cb15854f5206d179c323afb374980e7293a9a027c33b,independent-grid-line-plus-ring-read-v1,pending,False,000001000000000010000000000000000000001010000000010000000010000100000000000000000,100000100100000001000000000100000000000101000100001000000000000100000000100000000,16,0.1384,disagreement,188.0,277.0,45.5,45.5,29.3498,30.9731
E6C4-16,13,556,E6C4-16.mp4,89cbadc01206d71a83e5cb15854f5206d179c323afb374980e7293a9a027c33b,independent-grid-line-plus-ring-read-v1,pending,False,000000000000000000000000000000000000001000000000100000000000000001000010001000100,111101111000000000000000000000000000000001000000000000000000000000000000000000100,14,0.182,disagreement,233.0,230.0,47.0,47.0,30.9085,29.4371
E6C4-16,14,562,E6C4-16.mp4,89cbadc01206d71a83e5cb15854f5206d179c323afb374980e7293a9a027c33b,independent-grid-line-plus-ring-read-v1,pending,False,000001000000000000000000000000001000000000000100000000000010000000000100000000000,111101111000000000000000000000000000000001000000010000000000001000000010001000000,16,0.1887,disagreement,234.0,229.0,48.0,48.0,31.4333,28.1987
E6C4-16,15,568,E6C4-16.mp4,89cbadc01206d71a83e5cb15854f5206d179c323afb374980e7293a9a027c33b,independent-grid-line-plus-ring-read-v1,pending,False,000000000000000000000000000000001000000010000000100001000000010001000000000000000,010101110010000000010000010000000000000101000000000000010000010000000000000000001,17,0.1712,disagreement,236.0,217.0,47.0,24.5,30.8602,29.4538
E6C4-16,16,574,E6C4-16.mp4,89cbadc01206d71a83e5cb15854f5206d179c323afb374980e7293a9a027c33b,independent-grid-line-plus-ring-read-v1,pending,False,000101000001000000010000000100000000000000100100000000000000000000000001000000001,000000000111000111100000000000000000000000000000000000000000000100000000000000000,15,0.203,disagreement,234.0,171.0,49.5,49.5,30.6829,29.1123
E6C4-16,17,575,E6C4-16.mp4,89cbadc01206d71a83e5cb15854f5206d179c323afb374980e7293a9a027c33b,independent-grid-line-plus-ring-read-v1,pending,False,100000000000000001000000000000000000000001000100000000000000000010000000000001011,111101111100000000000000001000000000000000000000001000100000000000000000010000000,19,0.1564,disagreement,232.0,228.0,49.0,49.5,28.9412,29.1506
E6C4-16,18,581,E6C4-16.mp4,89cbadc01206d71a83e5cb15854f5206d179c323afb374980e7293a9a027c33b,independent-grid-line-plus-ring-read-v1,pending,False,000101000010000010010000001000000000001010000100000000000000000000000010000100001,000100101000000000010010000000100000000000000100010001000000001011000111000000000,19,0.2129,disagreement,234.0,354.0,51.0,20.5,27.055,27.7412
E6C4-16,19,592,E6C4-16.mp4,89cbadc01206d71a83e5cb15854f5206d179c323afb374980e7293a9a027c33b,independent-grid-line-plus-ring-read-v1,pending,False,000000000101000010000000000100010000000000000000000001100000000000000000000100010,000000001000000001000000000000000000000000100000011001000000000000000111000000000,16,0.191,disagreement,142.0,226.0,26.5,52.0,28.9298,27.8185
E6C4-16,20,593,E6C4-16.mp4,89cbadc01206d71a83e5cb15854f5206d179c323afb374980e7293a9a027c33b,independent-grid-line-plus-ring-read-v1,pending,False,100101000000000001100000011000100000001100000000010000000000011000000010000000011,000000001000000001000000000000000000000000100000011001000000000010000111000000000,20,0.193,disagreement,142.0,226.0,26.5,52.0,30.0235,28.3265
E6C4-16,21,604,E6C4-16.mp4,89cbadc01206d71a83e5cb15854f5206d179c323afb374980e7293a9a027c33b,independent-grid-line-plus-ring-read-v1,pending,False,010001000110000000000000000000000000000000000000011000000000000010000000000000010,000000000000000100010000000100011001001001000000100000000000001000000000000000000,18,0.1759,disagreement,233.0,278.0,53.5,53.5,27.775,28.5817
E6C4-16,22,605,E6C4-16.mp4,89cbadc01206d71a83e5cb15854f5206d179c323afb374980e7293a9a027c33b,independent-grid-line-plus-ring-read-v1,pending,False,010000000000000100010000000100011001001001000000100000000000001000000000001000011,000000000000000100010000000000011001001001000000110000000000001000000000000000000,6,0.1765,disagreement,233.0,278.0,53.5,53.5,29.7806,29.1417
E6C4-16,23,611,E6C4-16.mp4,89cbadc01206d71a83e5cb15854f5206d179c323afb374980e7293a9a027c33b,independent-grid-line-plus-ring-read-v1,pending,False,000000101100000110000000000000000000000100000000100001000000011000000000000000010,000000101100000111000000001000000001000100000000100001000000011000000000000000000,4,0.2009,disagreement,234.0,278.0,52.5,53.5,28.1169,27.7042
E6C4-16,24,617,E6C4-16.mp4,89cbadc01206d71a83e5cb15854f5206d179c323afb374980e7293a9a027c33b,independent-grid-line-plus-ring-read-v1,pending,False,000001000011000010000000010100000000001100000000000000000010000000000001000000001,000101101000000110010000011000000001000000000000100000000000000000000000000000001,15,0.1641,disagreement,234.0,223.0,52.5,54.5,28.9804,27.605
E6C4-16,25,623,E6C4-16.mp4,89cbadc01206d71a83e5cb15854f5206d179c323afb374980e7293a9a027c33b,independent-grid-line-plus-ring-read-v1,pending,False,011000000000000000000010000000101000001010000000000000000000001010000000000000000,001000000000000000000010000000101000001010000000000000000000001010000000000000000,1,0.2018,near support,232.0,277.0,56.5,55.5,29.8048,30.8931
E6C4-16,26,629,E6C4-16.mp4,89cbadc01206d71a83e5cb15854f5206d179c323afb374980e7293a9a027c33b,independent-grid-line-plus-ring-read-v1,pending,False,001000000000000000100000011000101000000000000000000000100000000100000101000100000,000000000000000000000000000000001000000000100000000000000000000000000001000000000,10,0.2647,disagreement,119.0,279.0,56.5,56.5,41.2971,42.1379
E6C4-16,27,636,E6C4-16.mp4,89cbadc01206d71a83e5cb15854f5206d179c323afb374980e7293a9a027c33b,independent-grid-line-plus-ring-read-v1,pending,False,000000001100000010000000000100010000000000000000000000000000000000000000000000000,000000000000000100000000000000000000000000000000000000000000000000000000000000000,6,0.2451,disagreement,345.0,279.0,56.5,56.5,29.9846,34.5727
E6C4-16,28,641,E6C4-16.mp4,89cbadc01206d71a83e5cb15854f5206d179c323afb374980e7293a9a027c33b,independent-grid-line-plus-ring-read-v1,pending,False,000000000001000000010000000000000000000100000000000000000000000001000000000001000,000000000001000000010000000000000000000100000000000000000000000001000000000000000,1,0.1869,near support,231.0,278.0,57.5,58.5,28.5725,33.5425
E6C4-16,29,647,E6C4-16.mp4,89cbadc01206d71a83e5cb15854f5206d179c323afb374980e7293a9a027c33b,independent-grid-line-plus-ring-read-v1,pending,False,100000100001000000000000000000010000001000000000001000000000000100000000010100001,000000001000000000000000000000000000000010000000000000000000000000000000000000000,12,0.2726,disagreement,113.0,278.0,59.5,58.5,27.736,30.1956
E6C4-16,30,653,E6C4-16.mp4,89cbadc01206d71a83e5cb15854f5206d179c323afb374980e7293a9a027c33b,independent-grid-line-plus-ring-read-v1,pending,False,001000000001000000100000010100000000000000000000000000100000000001000000000000000,000000000000000000000000000000000000000000000000000000000010000000000000000000000,8,0.3066,disagreement,113.0,337.0,59.5,59.5,29.9446,32.8456
E6C4-16,31,708,E6C4-16.mp4,89cbadc01206d71a83e5cb15854f5206d179c323afb374980e7293a9a027c33b,independent-grid-line-plus-ring-read-v1,pending,False,000001000010000000000000010000100000001000000000100000010000000000000010001000111,000000000100000000000000000000000000000000000000000000100000000000000000000000000,14,0.2264,disagreement,291.0,277.0,60.5,60.5,25.4588,33.911
E6C4-17,1,856,E6C4-17.mp4,9e0ebfe7da54d1c29877fab85d4996c6501bada2c384b0bab20039059e91e26d,independent-grid-line-plus-ring-read-v1,pending,False,000100000100000000000000000000100001000010000000000000010010000000000000010000000,111101111111000111110010011100111001001111100100111001110000011111000001110000011,40,0.3648,disagreement,239.0,147.0,19.5,42.5,20.0604,23.6954
E6C4-17,2,856,E6C4-17.mp4,9e0ebfe7da54d1c29877fab85d4996c6501bada2c384b0bab20039059e91e26d,independent-grid-line-plus-ring-read-v1,pending,False,000100000100000000000000000000100001000010000000000000010010000000000000010000000,111101111111000111110010011100111001001111100100111001110000011111000001110000011,40,0.3648,disagreement,239.0,147.0,19.5,42.5,20.0604,23.6954
E6C4-17,3,862,E6C4-17.mp4,9e0ebfe7da54d1c29877fab85d4996c6501bada2c384b0bab20039059e91e26d,independent-grid-line-plus-ring-read-v1,pending,False,000001000000000010000000000000000000001010000000010000000010000100000000000000000,111101111111000111110010011100111001001111100100111001100000011111000011101100011,42,0.3416,disagreement,259.0,139.0,22.5,44.0,19.9565,21.3948
E6C4-17,4,863,E6C4-17.mp4,9e0ebfe7da54d1c29877fab85d4996c6501bada2c384b0bab20039059e91e26d,independent-grid-line-plus-ring-read-v1,pending,False,000000000000000000000000000000000000001000000000100000000000000001000010001000100,111101111111000111000000000000000000000000000100100000000000000100000000110000010,24,0.1737,disagreement,242.0,242.0,23.0,23.0,21.4594,22.7838
E6C4-17,5,874,E6C4-17.mp4,9e0ebfe7da54d1c29877fab85d4996c6501bada2c384b0bab20039059e91e26d,independent-grid-line-plus-ring-read-v1,pending,False,000001000000000000000000000000001000000000000100000000000010000000000100000000000,000000001000000001100000000000000001001100000000000001000000001000000011000000001,16,0.0898,disagreement,263.0,282.0,27.0,27.0,25.2704,32.2923
E6C4-17,6,881,E6C4-17.mp4,9e0ebfe7da54d1c29877fab85d4996c6501bada2c384b0bab20039059e91e26d,independent-grid-line-plus-ring-read-v1,pending,False,000000000000000000000000000000001000000010000000100001000000010001000000000000000,111101111000000001000000001000000001000000000000100001000000001000000000010000001,18,0.1973,disagreement,265.0,257.0,29.0,29.0,26.5281,32.2829
E6C4-17,7,887,E6C4-17.mp4,9e0ebfe7da54d1c29877fab85d4996c6501bada2c384b0bab20039059e91e26d,independent-grid-line-plus-ring-read-v1,pending,False,000001000001000000010000100100000000000000100100000000000000000000000001000000001,111101111000000000000000000000000000000000000000000000100000000000000001000000001,14,0.2335,disagreement,239.0,252.0,30.5,30.5,25.1873,25.5608
E6C4-17,8,893,E6C4-17.mp4,9e0ebfe7da54d1c29877fab85d4996c6501bada2c384b0bab20039059e91e26d,independent-grid-line-plus-ring-read-v1,pending,False,100000000000000000000000000000000000000001000100000000000000000010000000000001011,100000000101000000110000000100000000000001100100001000110000000001000000101000000,16,0.1871,disagreement,205.0,281.0,25.0,33.5,28.254,30.1292
E6C4-17,9,899,E6C4-17.mp4,9e0ebfe7da54d1c29877fab85d4996c6501bada2c384b0bab20039059e91e26d,independent-grid-line-plus-ring-read-v1,pending,False,000001000010000000010000000000000000001010000100000000000000000000000010000100001,000001000010000010010000010000000000001010000100000000000000000000000010000100001,2,0.0812,near support,243.0,281.0,35.5,35.5,27.3765,32.9835
E6C4-17,10,905,E6C4-17.mp4,9e0ebfe7da54d1c29877fab85d4996c6501bada2c384b0bab20039059e91e26d,independent-grid-line-plus-ring-read-v1,pending,False,000000000101000010000000000100010000000000000000000001100000000000000000000100010,100000011000000011000000011000000001001000100000000001000000011010000011111100111,24,0.1614,disagreement,311.0,318.0,37.5,37.5,30.505,36.5548
E6C4-17,11,911,E6C4-17.mp4,9e0ebfe7da54d1c29877fab85d4996c6501bada2c384b0bab20039059e91e26d,independent-grid-line-plus-ring-read-v1,pending,False,100101000000000001100000011000100000001100000000010000000000011000000010000000011,000000000000000000000000000000100000000010000000000001000000011000000010100101001,16,0.1452,disagreement,238.0,319.0,38.5,39.5,32.986,33.1644
E6C4-17,12,917,E6C4-17.mp4,9e0ebfe7da54d1c29877fab85d4996c6501bada2c384b0bab20039059e91e26d,independent-grid-line-plus-ring-read-v1,pending,False,010001000110000000000000000000000000000000000000011000000000000010000000000000010,100001000010000000100000000000000000000000000000011000000000000010000000000000000,5,0.0837,disagreement,236.0,280.0,42.5,41.5,36.0942,37.404
E6C4-17,13,918,E6C4-17.mp4,9e0ebfe7da54d1c29877fab85d4996c6501bada2c384b0bab20039059e91e26d,independent-grid-line-plus-ring-read-v1,pending,False,010000000000000100010000000100011001001001000000100000000000001000000000001000011,000000000000000100010000000100011000001001000000100000000000001000000000001000000,4,0.0938,disagreement,236.0,280.0,42.5,42.0,40.5215,33.5358
E6C4-17,14,924,E6C4-17.mp4,9e0ebfe7da54d1c29877fab85d4996c6501bada2c384b0bab20039059e91e26d,independent-grid-line-plus-ring-read-v1,pending,False,000000101100000110000000000000000000000100000000100001000000011000000000000000010,100000000100000000000000000100110001000000000000000000000000000000000000000000000,15,0.1908,disagreement,235.0,368.0,44.5,44.5,31.0887,40.4825
E6C4-17,15,930,E6C4-17.mp4,9e0ebfe7da54d1c29877fab85d4996c6501bada2c384b0bab20039059e91e26d,independent-grid-line-plus-ring-read-v1,pending,False,000001000011000010000000010100000000001100000000000000000010000000000001000000001,111101111000000001110000000000000001000000000000000001000000001000000001000000000,22,0.1187,disagreement,281.0,241.0,46.5,46.5,33.59,34.0527
E6C4-17,16,936,E6C4-17.mp4,9e0ebfe7da54d1c29877fab85d4996c6501bada2c384b0bab20039059e91e26d,independent-grid-line-plus-ring-read-v1,pending,False,011000000000000000000010000000101000001010000000000000000000001010000000000000000,010000010010000110000000000000010001000000000000000000010000010001000000010101100,21,0.1468,disagreement,132.0,327.0,19.5,48.0,29.2271,34.879
E6C4-17,17,942,E6C4-17.mp4,9e0ebfe7da54d1c29877fab85d4996c6501bada2c384b0bab20039059e91e26d,independent-grid-line-plus-ring-read-v1,pending,False,001000000000000000100000011000101000000000000000000000100000000100000101000100000,000000000100000011000010000000010000000110000100000001110000011000000000000000000,22,0.1576,disagreement,232.0,328.0,50.0,50.0,29.8275,41.1577
E6C4-17,18,948,E6C4-17.mp4,9e0ebfe7da54d1c29877fab85d4996c6501bada2c384b0bab20039059e91e26d,independent-grid-line-plus-ring-read-v1,pending,False,000000001100000010000000000100010000000000000000000000000000000000000000000000000,100000000100000100000000000000000000000000000100000001000000000000000000000000000,8,0.2569,disagreement,240.0,383.0,42.5,52.5,29.639,34.8338
E6C4-17,19,954,E6C4-17.mp4,9e0ebfe7da54d1c29877fab85d4996c6501bada2c384b0bab20039059e91e26d,independent-grid-line-plus-ring-read-v1,pending,False,000000000001000000010000000000000000000100000000000000000000000001000000000001000,100001100001000100000000000000000000000000100000000000100000000000000000000000000,10,0.2649,disagreement,342.0,342.0,54.0,54.0,33.2729,39.4827
E6C4-18,1,744,E6C4-18.mp4,dd8b5ba831a3a51b4852eb2f5fc35111c356aba4b6b31dbe62b384a4cdf64bc8,independent-grid-line-plus-ring-read-v1,pending,False,000100000100000000000010000000100000000010000000100000000000010000000000100001000,100100011101000000110010000100000000000000100100000000110000000100000000110101100,19,0.1405,disagreement,203.0,317.0,38.5,38.5,31.1135,43.7635
E6C4-18,2,745,E6C4-18.mp4,dd8b5ba831a3a51b4852eb2f5fc35111c356aba4b6b31dbe62b384a4cdf64bc8,independent-grid-line-plus-ring-read-v1,pending,False,000000000101000000010000001100110000000000000100001000000000000100000000000000000,100100001101000000110010000100000000000000100100000000110000000100000000110101110,18,0.1303,disagreement,203.0,317.0,38.5,38.5,33.8154,46.1779
E6C4-18,3,751,E6C4-18.mp4,dd8b5ba831a3a51b4852eb2f5fc35111c356aba4b6b31dbe62b384a4cdf64bc8,independent-grid-line-plus-ring-read-v1,pending,False,000000000000000000100010001000000000000000000000000000000000001001000010000000010,000000001000000011000000001000100001000100000000000001010000001000000001001100011,16,0.1089,disagreement,275.0,318.0,39.5,39.5,29.9285,36.9342
E6C4-18,4,757,E6C4-18.mp4,dd8b5ba831a3a51b4852eb2f5fc35111c356aba4b6b31dbe62b384a4cdf64bc8,independent-grid-line-plus-ring-read-v1,pending,False,000000000000000010000000000000000000000000000000000000010000000000000000100000000,100000001100000001100000000100000000000000000100000001100000001100000000000000000,14,0.1309,disagreement,202.0,319.0,40.5,40.0,29.7921,34.2944
E6C4-18,5,763,E6C4-18.mp4,dd8b5ba831a3a51b4852eb2f5fc35111c356aba4b6b31dbe62b384a4cdf64bc8,independent-grid-line-plus-ring-read-v1,pending,False,000100000100000000000000000000100001000010000000000000010010000000000000010000000,000000100000000001000010001000111000000111000000010001000000001011000100000000000,20,0.0656,disagreement,234.0,319.0,40.5,41.0,26.6981,27.2287
E6C4-18,6,768,E6C4-18.mp4,dd8b5ba831a3a51b4852eb2f5fc35111c356aba4b6b31dbe62b384a4cdf64bc8,independent-grid-line-plus-ring-read-v1,pending,False,000100000100000000000000000000100001000010000000000000010010000000000000010000000,000000000001000000100000000100000000000101100100001000100000000111000100110000000,21,0.1623,disagreement,182.0,279.0,21.0,41.5,31.1292,31.8277
E6C4-18,7,769,E6C4-18.mp4,dd8b5ba831a3a51b4852eb2f5fc35111c356aba4b6b31dbe62b384a4cdf64bc8,independent-grid-line-plus-ring-read-v1,pending,False,000001000000000010000000000000000000001010000000010000000010000100000000000000000,000001000000000010000000000000000000001010000000010000000010000000000000000000000,1,0.0763,near support,235.0,279.0,42.0,41.5,32.9504,28.6725
E6C4-18,8,775,E6C4-18.mp4,dd8b5ba831a3a51b4852eb2f5fc35111c356aba4b6b31dbe62b384a4cdf64bc8,independent-grid-line-plus-ring-read-v1,pending,False,000000000000000000000000000000000000001000000000100000000000000001000010001000100,000000001000000001000000001000000001000000000000000001000000001010000101010001001,18,0.168,disagreement,278.0,285.0,42.5,42.5,34.0996,36.234
E6C4-18,9,781,E6C4-18.mp4,dd8b5ba831a3a51b4852eb2f5fc35111c356aba4b6b31dbe62b384a4cdf64bc8,independent-grid-line-plus-ring-read-v1,pending,False,000001000000000000000000000000001000000000000100000000000010000000000100000000000,000001000000000000010010001000111001000000000100011000100010001000000100000000000,10,0.0715,disagreement,234.0,278.0,43.5,43.5,29.0294,32.7904
E6C4-18,10,787,E6C4-18.mp4,dd8b5ba831a3a51b4852eb2f5fc35111c356aba4b6b31dbe62b384a4cdf64bc8,independent-grid-line-plus-ring-read-v1,pending,False,000000000000000000000000000000001000000010000000100001000000010001000000000000000,011000010000000010000000000000010000000100000000000000000000010000000000000000000,11,0.1305,disagreement,243.0,322.0,44.5,44.0,28.7929,33.8746
E6C4-18,11,793,E6C4-18.mp4,dd8b5ba831a3a51b4852eb2f5fc35111c356aba4b6b31dbe62b384a4cdf64bc8,independent-grid-line-plus-ring-read-v1,pending,False,000101000001000000010000000100000000000000100100000000000000000000000001000000001,011100000110000000110000010100001001000001000100000000100000000101000000100000000,18,0.1732,disagreement,170.0,323.0,27.0,45.0,26.5296,36.7177
E6C4-18,12,799,E6C4-18.mp4,dd8b5ba831a3a51b4852eb2f5fc35111c356aba4b6b31dbe62b384a4cdf64bc8,independent-grid-line-plus-ring-read-v1,pending,False,100000000000000001000000000000000000000001000100000000000000000010000000000001011,100000000000000001000000000000010000000011000100010000000000001010000000000000000,7,0.1012,disagreement,234.0,286.0,46.0,46.0,36.8858,35.9088
E6C4-18,13,805,E6C4-18.mp4,dd8b5ba831a3a51b4852eb2f5fc35111c356aba4b6b31dbe62b384a4cdf64bc8,independent-grid-line-plus-ring-read-v1,pending,False,000101000010000010010000001000000000001010000100000000000000000000000010000100001,010000101000000100000010000100010000000000000000000000000000000000000000000000000,19,0.2144,disagreement,233.0,379.0,46.5,46.0,26.0279,34.4613
E6C4-18,14,811,E6C4-18.mp4,dd8b5ba831a3a51b4852eb2f5fc35111c356aba4b6b31dbe62b384a4cdf64bc8,independent-grid-line-plus-ring-read-v1,pending,False,000000000101000010000000000100010000000000000000000001100000000000000000000100010,001000010000000001100010000000010000000010000100000001000000001000000010000000000,16,0.1372,disagreement,234.0,325.0,47.5,47.5,27.0048,34.8881
E6C4-18,15,817,E6C4-18.mp4,dd8b5ba831a3a51b4852eb2f5fc35111c356aba4b6b31dbe62b384a4cdf64bc8,independent-grid-line-plus-ring-read-v1,pending,False,100101000000000001100000011000100000001100000000010000000000011000000010000000011,011000000010000110000000000000011000000000000000000000010000010000000000010000100,25,0.1741,disagreement,132.0,326.0,19.5,48.5,27.6523,32.8465
E6C4-18,16,823,E6C4-18.mp4,dd8b5ba831a3a51b4852eb2f5fc35111c356aba4b6b31dbe62b384a4cdf64bc8,independent-grid-line-plus-ring-read-v1,pending,False,010001000110000000000000000000000000000000000000011000000000000010000000000000010,000001000010000000000010000000000000000000000000011000000010000010000000000000000,5,0.1236,disagreement,234.0,286.0,49.5,49.5,30.3271,33.7863
E6C4-18,17,829,E6C4-18.mp4,dd8b5ba831a3a51b4852eb2f5fc35111c356aba4b6b31dbe62b384a4cdf64bc8,independent-grid-line-plus-ring-read-v1,pending,False,010000000000000100010000000100011001001001000000100000000000001000000000001000011,000000100010000001100010001000011000000110000000000001000000001000000000000000000,20,0.1655,disagreement,232.0,327.0,50.0,50.0,28.0469,48.2762
E6C4-18,18,835,E6C4-18.mp4,dd8b5ba831a3a51b4852eb2f5fc35111c356aba4b6b31dbe62b384a4cdf64bc8,independent-grid-line-plus-ring-read-v1,pending,False,000000101100000110000000000000000000000100000000100001000000011000000000000000010,000001110000000110000000010000000000001100000000100001000000010000000000000000000,8,0.2107,disagreement,292.0,328.0,38.5,51.0,29.8085,43.499
E6C4-18,19,842,E6C4-18.mp4,dd8b5ba831a3a51b4852eb2f5fc35111c356aba4b6b31dbe62b384a4cdf64bc8,independent-grid-line-plus-ring-read-v1,pending,False,000001000011000010000000010100000000001100000000000000000010000000000001000000001,000001000011000011000000011100000000001100000000000000000010000000000000000000000,4,0.1928,disagreement,236.0,286.0,50.0,52.0,27.9023,38.1492
E6C4-18,20,847,E6C4-18.mp4,dd8b5ba831a3a51b4852eb2f5fc35111c356aba4b6b31dbe62b384a4cdf64bc8,independent-grid-line-plus-ring-read-v1,pending,False,011000000000000000000010000000101000001010000000000000000000001010000000000000000,011000000000000010000010010000101000001010000000000000000000011010000010000000000,4,0.1604,disagreement,243.0,287.0,52.5,53.0,27.1996,35.4692
E6C4-18,21,853,E6C4-18.mp4,dd8b5ba831a3a51b4852eb2f5fc35111c356aba4b6b31dbe62b384a4cdf64bc8,independent-grid-line-plus-ring-read-v1,pending,False,001000000000000000100000011000101000000000000000000000100000000100000101000100000,001000000000000000100000011000101000000000000000010000110000000011000101000000000,6,0.1561,disagreement,234.0,287.0,54.0,54.0,42.0825,39.8533
E6C4-18,22,859,E6C4-18.mp4,dd8b5ba831a3a51b4852eb2f5fc35111c356aba4b6b31dbe62b384a4cdf64bc8,independent-grid-line-plus-ring-read-v1,pending,False,000000001100000010000000000100010000000000000000000000000000000000000000000000000,000001000001000000000000000000000000000000000000000000000000000000000000000000000,7,0.248,disagreement,342.0,331.0,54.0,54.5,30.7727,39.9942
E6C4-18,23,865,E6C4-18.mp4,dd8b5ba831a3a51b4852eb2f5fc35111c356aba4b6b31dbe62b384a4cdf64bc8,independent-grid-line-plus-ring-read-v1,pending,False,000000000001000000010000000000000000000100000000000000000000000001000000000001000,000000000000000000000000000000001000000010000000000000000000000000000000000000000,7,0.217,disagreement,178.0,286.0,55.5,55.0,27.6942,38.684
E6C4-19,1,682,E6C4-19.mp4,09d48a000df8d95abf01225cd6c61dbb35df02dcd9879c21f9da468c2f632142,independent-grid-line-plus-ring-read-v1,pending,False,000000000000000010000000000000000000000000000000000000010000000000000000100000000,100000001100000001100000000100000000000000000100000001100000001100000000000000000,14,0.1313,disagreement,202.0,320.0,40.5,40.0,28.6785,34.2669
E6C4-19,2,687,E6C4-19.mp4,09d48a000df8d95abf01225cd6c61dbb35df02dcd9879c21f9da468c2f632142,independent-grid-line-plus-ring-read-v1,pending,False,000100000100000000000000000000100001000010000000000000010010000000000000010000000,000100000000000000000000001000110001000110000000010000010010001000000111001100100,13,0.0737,disagreement,234.0,280.0,40.5,41.0,26.6992,27.6283
E6C4-19,3,694,E6C4-19.mp4,09d48a000df8d95abf01225cd6c61dbb35df02dcd9879c21f9da468c2f632142,independent-grid-line-plus-ring-read-v1,pending,False,000001000000000010000000000000000000001010000000010000000010000100000000000000000,000001000000000010000000001000000000001010000000010000000010000000000000000000000,2,0.0792,near support,235.0,280.0,42.0,41.5,31.9552,29.9006
E6C4-19,4,700,E6C4-19.mp4,09d48a000df8d95abf01225cd6c61dbb35df02dcd9879c21f9da468c2f632142,independent-grid-line-plus-ring-read-v1,pending,False,000000000000000000000000000000000000001000000000100000000000000001000010001000100,000000001000000001000000001000000001000000000000000001000000001010000101010001001,18,0.1708,disagreement,278.0,286.0,42.5,42.5,34.0821,35.9444
E6C4-19,5,706,E6C4-19.mp4,09d48a000df8d95abf01225cd6c61dbb35df02dcd9879c21f9da468c2f632142,independent-grid-line-plus-ring-read-v1,pending,False,000001000000000000000000000000001000000000000100000000000010000000000100000000000,101001000000000000110010001100111001000110000100010001000010001001000100000000000,16,0.07,disagreement,234.0,279.0,43.5,43.5,28.9675,33.1623
E6C4-19,6,712,E6C4-19.mp4,09d48a000df8d95abf01225cd6c61dbb35df02dcd9879c21f9da468c2f632142,independent-grid-line-plus-ring-read-v1,pending,False,000000000000000000000000000000001000000010000000100001000000010001000000000000000,000000010000000001000010000000101001000000000000000000000000000000000000000000000,10,0.1963,disagreement,243.0,368.0,44.5,44.5,28.9875,48.3135
E6C4-19,7,718,E6C4-19.mp4,09d48a000df8d95abf01225cd6c61dbb35df02dcd9879c21f9da468c2f632142,independent-grid-line-plus-ring-read-v1,pending,False,000101000001000000010000000100000000000000100100000000000000000000000001000000001,111100000111000000110000010100001001000001000100000000100000000101000001100000000,17,0.179,disagreement,170.0,324.0,27.0,45.0,25.944,28.7856
E6C4-19,8,724,E6C4-19.mp4,09d48a000df8d95abf01225cd6c61dbb35df02dcd9879c21f9da468c2f632142,independent-grid-line-plus-ring-read-v1,pending,False,100000000000000001000000000000000000000001000100000000000000000010000000000001011,100000000000000001000000000000010000000011000100010000000000000010000000000000000,6,0.0993,disagreement,234.0,287.0,46.0,46.0,36.9906,33.6644
E6C4-19,9,730,E6C4-19.mp4,09d48a000df8d95abf01225cd6c61dbb35df02dcd9879c21f9da468c2f632142,independent-grid-line-plus-ring-read-v1,pending,False,000101000010000010010000001000000000001010000100000000000000000000000010000100001,001000000101000100100000000100000000000111100100011000100000000001000100000000000,24,0.1547,disagreement,176.0,288.0,23.0,46.0,27.759,37.364
E6C4-19,10,736,E6C4-19.mp4,09d48a000df8d95abf01225cd6c61dbb35df02dcd9879c21f9da468c2f632142,independent-grid-line-plus-ring-read-v1,pending,False,000000000101000010000000000100010000000000000000000001100000000000000000000100010,001000110000000001100010000000010000000010000100010001000000001000000000000000000,17,0.1405,disagreement,234.0,326.0,47.5,47.5,27.0167,33.1288
E6C4-19,11,742,E6C4-19.mp4,09d48a000df8d95abf01225cd6c61dbb35df02dcd9879c21f9da468c2f632142,independent-grid-line-plus-ring-read-v1,pending,False,100101000000000001100000011000100000001100000000010000000000011000000010000000011,011000000010000110000000000000011000000000000000000000010000010000000000010000100,25,0.1716,disagreement,132.0,327.0,19.5,48.5,28.0523,33.3652
E6C4-19,12,749,E6C4-19.mp4,09d48a000df8d95abf01225cd6c61dbb35df02dcd9879c21f9da468c2f632142,independent-grid-line-plus-ring-read-v1,pending,False,010001000110000000000000000000000000000000000000011000000000000010000000000000010,000001000010000000000000000000000000000000000000011000000000000010000000000000000,3,0.1258,disagreement,234.0,287.0,49.5,49.5,28.0425,33.626
E6C4-19,13,754,E6C4-19.mp4,09d48a000df8d95abf01225cd6c61dbb35df02dcd9879c21f9da468c2f632142,independent-grid-line-plus-ring-read-v1,pending,False,010000000000000100010000000100011001001001000000100000000000001000000000001000011,000000100010000000100010001000001000000100000000000001000000000000000000000000000,20,0.1775,disagreement,243.0,328.0,50.0,50.0,26.6931,53.0471
E6C4-19,14,760,E6C4-19.mp4,09d48a000df8d95abf01225cd6c61dbb35df02dcd9879c21f9da468c2f632142,independent-grid-line-plus-ring-read-v1,pending,False,000000101100000110000000000000000000000100000000100001000000011000000000000000010,000100110000000000000000000000110000001100000000000001100000010000000000000000000,13,0.1989,disagreement,292.0,340.0,38.5,50.0,30.0265,33.2904
E6C4-19,15,766,E6C4-19.mp4,09d48a000df8d95abf01225cd6c61dbb35df02dcd9879c21f9da468c2f632142,independent-grid-line-plus-ring-read-v1,pending,False,000001000011000010000000010100000000001100000000000000000010000000000001000000001,011000100011000001000000011100101000001100100000000000110010001001000101000000000,16,0.1213,disagreement,238.0,287.0,38.5,52.0,27.7465,39.7579
E6C4-19,16,772,E6C4-19.mp4,09d48a000df8d95abf01225cd6c61dbb35df02dcd9879c21f9da468c2f632142,independent-grid-line-plus-ring-read-v1,pending,False,011000000000000000000010000000101000001010000000000000000000001010000000000000000,000000010000000000000010000000000000000000000000000000000000000000000000000000000,9,0.214,disagreement,243.0,383.0,52.5,52.5,26.8919,33.3046
E6C4-19,17,778,E6C4-19.mp4,09d48a000df8d95abf01225cd6c61dbb35df02dcd9879c21f9da468c2f632142,independent-grid-line-plus-ring-read-v1,pending,False,001000000000000000100000011000101000000000000000000000100000000100000101000100000,001000000000000000100000011000101000000000000000000000010000000011000101000000000,6,0.1547,disagreement,234.0,288.0,54.0,54.0,41.8023,43.6935
E6C4-19,18,786,E6C4-19.mp4,09d48a000df8d95abf01225cd6c61dbb35df02dcd9879c21f9da468c2f632142,independent-grid-line-plus-ring-read-v1,pending,False,000000001100000010000000000100010000000000000000000000000000000000000000000000000,000001000000000100000000000000000000001000100000000000000000000000000000000000000,9,0.25,disagreement,342.0,332.0,54.0,54.5,29.4298,40.5367
E6C4-19,19,791,E6C4-19.mp4,09d48a000df8d95abf01225cd6c61dbb35df02dcd9879c21f9da468c2f632142,independent-grid-line-plus-ring-read-v1,pending,False,000000000001000000010000000000000000000100000000000000000000000001000000000001000,000100000001000000000000000000011000000001000000000000000000000000000000000000000,8,0.2386,disagreement,178.0,333.0,55.5,55.5,28.8525,32.8285
E6C4-19,20,796,E6C4-19.mp4,09d48a000df8d95abf01225cd6c61dbb35df02dcd9879c21f9da468c2f632142,independent-grid-line-plus-ring-read-v1,pending,False,100000100001000000000000000000010000001000000000001000000000000100000000010100001,001000000000000001000010001000010000000011000000010001000000000000000000000000000,17,0.183,disagreement,232.0,333.0,55.5,56.0,29.0446,37.8608
E6C4-1G,1,774,E6C4-1G.mp4,447017aeea879ee6761affbb85ca6e29a9ab233960c25aff4c437d31ba01ba3b,independent-grid-line-plus-ring-read-v1,pending,False,000000000011000000100000000100010000001010100000000000100000000010000100001000000,100000000100000000100000000100000000000000000100000000100000000100000011100000000,16,0.1733,disagreement,206.0,280.0,35.5,35.5,29.4,31.7329
E6C4-1G,2,775,E6C4-1G.mp4,447017aeea879ee6761affbb85ca6e29a9ab233960c25aff4c437d31ba01ba3b,independent-grid-line-plus-ring-read-v1,pending,False,000000000000000001000000000000000000000000000000101001000000000000000110000100000,100000000100000000100000000100000000000000000100000000100000000100000001100000000,16,0.1818,disagreement,206.0,280.0,35.5,35.5,27.3987,31.6083
E6C4-1G,3,781,E6C4-1G.mp4,447017aeea879ee6761affbb85ca6e29a9ab233960c25aff4c437d31ba01ba3b,independent-grid-line-plus-ring-read-v1,pending,False,000000000001000100000000010000110000001000000100000001000000000011000000100000001,100100011100000001100010000100000000000000000100000000100000000100000000111101111,26,0.1608,disagreement,206.0,316.0,36.5,36.5,28.0883,34.0265
E6C4-1G,4,787,E6C4-1G.mp4,447017aeea879ee6761affbb85ca6e29a9ab233960c25aff4c437d31ba01ba3b,independent-grid-line-plus-ring-read-v1,pending,False,000100000100000000000010000000100000000010000000100000000000010000000000100001000,001000001100000001100000001000000001000100000000000001000000001000000001000000001,19,0.1718,disagreement,276.0,279.0,38.5,37.0,27.3233,25.3427
E6C4-1G,5,793,E6C4-1G.mp4,447017aeea879ee6761affbb85ca6e29a9ab233960c25aff4c437d31ba01ba3b,independent-grid-line-plus-ring-read-v1,pending,False,000000000101000000010000001100110000000000000100001000000000000100000000000000000,011001101110000011100010011000100001001110000000000001000000001000000001111101011,32,0.1319,disagreement,272.0,317.0,38.5,38.0,24.6546,29.0671
E6C4-1G,6,799,E6C4-1G.mp4,447017aeea879ee6761affbb85ca6e29a9ab233960c25aff4c437d31ba01ba3b,independent-grid-line-plus-ring-read-v1,pending,False,000000000000000000100010001000000000000000000000000000000000001001000010000000010,111001101101000011000000001000101001001101000100001001110000011011000101111101011,34,0.112,disagreement,272.0,317.0,38.5,38.5,31.7356,46.4723
E6C4-1G,7,805,E6C4-1G.mp4,447017aeea879ee6761affbb85ca6e29a9ab233960c25aff4c437d31ba01ba3b,independent-grid-line-plus-ring-read-v1,pending,False,000000000000000010000000000000000000000000000000000000010000000000000000100000000,100000101000000001000010001000110001000000000100000001000000001010000001001100011,21,0.1156,disagreement,275.0,318.0,39.5,39.5,28.3833,34.3469
E6C4-1G,8,811,E6C4-1G.mp4,447017aeea879ee6761affbb85ca6e29a9ab233960c25aff4c437d31ba01ba3b,independent-grid-line-plus-ring-read-v1,pending,False,000100000100000000000000000000100001000010000000000000010010000000000000010000000,001000001000000001000000001000000001000100000000000001100000011000000011000000001,19,0.1724,disagreement,276.0,279.0,38.5,40.0,26.8396,33.2133
E6C4-1G,9,817,E6C4-1G.mp4,447017aeea879ee6761affbb85ca6e29a9ab233960c25aff4c437d31ba01ba3b,independent-grid-line-plus-ring-read-v1,pending,False,000001000000000010000000000000000000001010000000010000000010000100000000000000000,000000001000000101000000001000000001000100000000100001000000001000000001000000001,18,0.1307,disagreement,276.0,279.0,40.5,40.5,28.4819,32.2575
E6C4-1G,10,823,E6C4-1G.mp4,447017aeea879ee6761affbb85ca6e29a9ab233960c25aff4c437d31ba01ba3b,independent-grid-line-plus-ring-read-v1,pending,False,000000000000000000000000000000000000001000000000100000000000000001000010001000100,100000000100000000100000000100100000000010000100000000100000001100000010000000000,15,0.1401,disagreement,201.0,320.0,41.5,41.5,31.9398,32.0323
E6C4-1G,11,829,E6C4-1G.mp4,447017aeea879ee6761affbb85ca6e29a9ab233960c25aff4c437d31ba01ba3b,independent-grid-line-plus-ring-read-v1,pending,False,000001000000000000000000000000001000000000000100000000000010000000000100000000000,011000001000000001000000001000010001000000000000000001000000001000000001000000001,16,0.1226,disagreement,278.0,278.0,42.5,42.0,32.9519,35.106
E6C4-1G,12,835,E6C4-1G.mp4,447017aeea879ee6761affbb85ca6e29a9ab233960c25aff4c437d31ba01ba3b,independent-grid-line-plus-ring-read-v1,pending,False,000000000000000000000000000000001000000010000000100001000000010001000000000000000,000000001000000001000000001000010001000100000000000001000000001010000001000000001,15,0.1358,disagreement,277.0,285.0,43.0,42.5,28.9265,30.7056
E6C4-1G,13,841,E6C4-1G.mp4,447017aeea879ee6761affbb85ca6e29a9ab233960c25aff4c437d31ba01ba3b,independent-grid-line-plus-ring-read-v1,pending,False,000101000001000000010000000100000000000000100100000000000000000000000001000000001,000101000001000000110010001100110001000000100100010001100010001000000000000000000,13,0.0751,disagreement,234.0,278.0,43.5,43.5,29.7704,30.1502
E6C4-1G,14,847,E6C4-1G.mp4,447017aeea879ee6761affbb85ca6e29a9ab233960c25aff4c437d31ba01ba3b,independent-grid-line-plus-ring-read-v1,pending,False,100000000000000001000000000000000000000001000100000000000000000010000000000001011,110000011001000011000010011000110001001100000000000001110000011000000101000000000,26,0.1441,disagreement,278.0,322.0,44.5,44.0,28.1215,37.6912
E6C4-1G,15,853,E6C4-1G.mp4,447017aeea879ee6761affbb85ca6e29a9ab233960c25aff4c437d31ba01ba3b,independent-grid-line-plus-ring-read-v1,pending,False,000101000010000010010000001000000000001010000100000000000000000000000010000100001,100100111000000001010000001000000001000000000000000001000000001000000000000000000,17,0.2345,disagreement,285.0,368.0,46.5,45.0,25.8452,39.2835
E6C4-1G,16,859,E6C4-1G.mp4,447017aeea879ee6761affbb85ca6e29a9ab233960c25aff4c437d31ba01ba3b,independent-grid-line-plus-ring-read-v1,pending,False,000000000101000010000000000100010000000000000000000001100000000000000000000100010,000000000101000010000000000100010000000010000100000001100000000011000000000000000,6,0.111,disagreement,234.0,286.0,46.0,46.0,39.2965,34.7875
E6C4-1G,17,865,E6C4-1G.mp4,447017aeea879ee6761affbb85ca6e29a9ab233960c25aff4c437d31ba01ba3b,independent-grid-line-plus-ring-read-v1,pending,False,100101000000000001100000011000100000001100000000010000000000011000000010000000011,100101110000000101100010011000110000001110000000010000000000011000000010000000000,8,0.1423,disagreement,234.0,287.0,46.0,46.0,30.2635,34.234
E6C4-1G,18,870,E6C4-1G.mp4,447017aeea879ee6761affbb85ca6e29a9ab233960c25aff4c437d31ba01ba3b,independent-grid-line-plus-ring-read-v1,pending,False,010001000110000000000000000000000000000000000000011000000000000010000000000000010,000000001100000001000010000000011001000010000000000000000000010000000000000000000,15,0.1816,disagreement,234.0,371.0,47.0,47.0,24.204,35.721
E6C4-1G,19,877,E6C4-1G.mp4,447017aeea879ee6761affbb85ca6e29a9ab233960c25aff4c437d31ba01ba3b,independent-grid-line-plus-ring-read-v1,pending,False,010000000000000100010000000100011001001001000000100000000000001000000000001000011,100000001100000001000010001000011000001101000100000001000000001010000001000000000,20,0.16,disagreement,259.0,326.0,32.0,48.0,26.4654,36.2196
E6C4-1G,20,883,E6C4-1G.mp4,447017aeea879ee6761affbb85ca6e29a9ab233960c25aff4c437d31ba01ba3b,independent-grid-line-plus-ring-read-v1,pending,False,000000101100000110000000000000000000000100000000100001000000011000000000000000010,000000101100000110000010000000010000000110000000110001000010011000000001000000010,6,0.0939,disagreement,234.0,277.0,48.5,48.5,29.175,33.2619
E6C4-1G,21,889,E6C4-1G.mp4,447017aeea879ee6761affbb85ca6e29a9ab233960c25aff4c437d31ba01ba3b,independent-grid-line-plus-ring-read-v1,pending,False,000001000011000010000000010100000000001100000000000000000010000000000001000000001,000000000110000100000000000000000000001000000000000000000000000000000000000000000,11,0.1419,disagreement,284.0,286.0,49.5,49.0,28.1754,30.7715
E6C4-1G,22,895,E6C4-1G.mp4,447017aeea879ee6761affbb85ca6e29a9ab233960c25aff4c437d31ba01ba3b,independent-grid-line-plus-ring-read-v1,pending,False,011000000000000000000010000000101000001010000000000000000000001010000000000000000,000000100000000000000000000000010000000000000000000001010000000000000000000000000,13,0.169,disagreement,244.0,327.0,50.0,50.0,28.1577,49.7325
E6C4-1G,23,901,E6C4-1G.mp4,447017aeea879ee6761affbb85ca6e29a9ab233960c25aff4c437d31ba01ba3b,independent-grid-line-plus-ring-read-v1,pending,False,001000000000000000100000011000101000000000000000000000100000000100000101000100000,100000000100000110000000000000101001000001000100000000110000001000000001000100001,16,0.1812,disagreement,188.0,328.0,20.5,51.0,27.7229,37.2763
E6C4-1G,24,907,E6C4-1G.mp4,447017aeea879ee6761affbb85ca6e29a9ab233960c25aff4c437d31ba01ba3b,independent-grid-line-plus-ring-read-v1,pending,False,000000001100000010000000000100010000000000000000000000000000000000000000000000000,000000000100000000000000000000010001000000000000000000000000000000000000000000000,4,0.1979,disagreement,234.0,380.0,51.5,51.5,28.7917,42.0344
E6C4-1G,25,913,E6C4-1G.mp4,447017aeea879ee6761affbb85ca6e29a9ab233960c25aff4c437d31ba01ba3b,independent-grid-line-plus-ring-read-v1,pending,False,000000000001000000010000000000000000000100000000000000000000000001000000000001000,000000100100000100010010000000000000000010100000000000000000000111000100100101100,14,0.2162,disagreement,270.0,146.0,21.0,21.0,30.02,38.0806
E6C4-1G,26,919,E6C4-1G.mp4,447017aeea879ee6761affbb85ca6e29a9ab233960c25aff4c437d31ba01ba3b,independent-grid-line-plus-ring-read-v1,pending,False,100000100001000000000000000000010000001000000000001000000000000100000000010100000,010000010000000000000000000000001000000100000000000000000000000001000000000000000,14,0.2109,disagreement,180.0,286.0,54.0,53.0,29.4967,34.2071
E6C4-1H,1,844,E6C4-1H.mp4,ab78d00000f824b39310a349f2ff6a6b82ff92450563c355afc500117086a5b2,independent-grid-line-plus-ring-read-v1,pending,False,000000000001000100000000010000110000001000000100000001000000000011000000100000001,110000000101000010110000000100000000000000000100000000110000000100000000110100000,21,0.216,disagreement,150.0,287.0,19.5,37.0,24.2633,26.0465
E6C4-1H,2,845,E6C4-1H.mp4,ab78d00000f824b39310a349f2ff6a6b82ff92450563c355afc500117086a5b2,independent-grid-line-plus-ring-read-v1,pending,False,000100000100000000000010000000100000000010000000100000000000010000000000100001000,110000000101000010110000000100000000000000000100000000110000000100000000110100000,20,0.216,disagreement,150.0,287.0,19.5,37.0,24.246,26.0327
E6C4-1H,3,851,E6C4-1H.mp4,ab78d00000f824b39310a349f2ff6a6b82ff92450563c355afc500117086a5b2,independent-grid-line-plus-ring-read-v1,pending,False,000000000101000000010000001100110000000000000100001000000000000100000000000000000,111100011110000001100000011100110001001100000000110001100000011000000001000000001,26,0.1287,disagreement,272.0,280.0,38.5,38.0,26.1923,28.5619
E6C4-1H,4,857,E6C4-1H.mp4,ab78d00000f824b39310a349f2ff6a6b82ff92450563c355afc500117086a5b2,independent-grid-line-plus-ring-read-v1,pending,False,000000000000000000100010001000000000000000000000000000000000001001000010000000010,101100100011000100110010001100110000001110100100110000110000001011000111001100110,26,0.0861,disagreement,233.0,280.0,38.5,38.5,30.4519,43.9854
E6C4-1H,5,864,E6C4-1H.mp4,ab78d00000f824b39310a349f2ff6a6b82ff92450563c355afc500117086a5b2,independent-grid-line-plus-ring-read-v1,pending,False,000000000000000010000000000000000000000000000000000000010000000000000000100000000,000000010000000000000000000000000000000010000000000000000000000000000000100101101,8,0.1557,disagreement,237.0,320.0,38.5,39.5,30.0931,32.9248
E6C4-1H,6,870,E6C4-1H.mp4,ab78d00000f824b39310a349f2ff6a6b82ff92450563c355afc500117086a5b2,independent-grid-line-plus-ring-read-v1,pending,False,000100000100000000000000000000100001000010000000000000010010000000000000010000000,000100101000000110000000010000100001000111100000000000010010010000000110010000000,12,0.0824,disagreement,242.0,279.0,40.5,40.5,29.8935,33.2502
E6C4-1H,7,875,E6C4-1H.mp4,ab78d00000f824b39310a349f2ff6a6b82ff92450563c355afc500117086a5b2,independent-grid-line-plus-ring-read-v1,pending,False,000001000000000010000000000000000000001010000000010000000010000100000000000000000,000000001001000101000000011000100001000110000000100001000000011000000001001000001,22,0.112,disagreement,275.0,280.0,40.5,41.0,27.4931,28.8925
E6C4-1H,8,881,E6C4-1H.mp4,ab78d00000f824b39310a349f2ff6a6b82ff92450563c355afc500117086a5b2,independent-grid-line-plus-ring-read-v1,pending,False,000000000000000000000000000000000000001000000000100000000000000001000010001000100,100000000100000000100000000100000000000100000100010000100000000100000001100100110,18,0.146,disagreement,201.0,280.0,41.5,41.5,28.13,38.8963
E6C4-1H,9,887,E6C4-1H.mp4,ab78d00000f824b39310a349f2ff6a6b82ff92450563c355afc500117086a5b2,independent-grid-line-plus-ring-read-v1,pending,False,000001000000000000000000000000001000000000000100000000000010000000000100000000000,000001000000000000000000000000001000000000000100000000000010000000000100000000000,0,0.1173,exact support,235.0,286.0,42.5,42.5,44.4077,39.8583
E6C4-1H,10,893,E6C4-1H.mp4,ab78d00000f824b39310a349f2ff6a6b82ff92450563c355afc500117086a5b2,independent-grid-line-plus-ring-read-v1,pending,False,000000000000000000000000000000001000000010000000100001000000010001000000000000000,000000000000000000000000000000001000000010000000100001000010011001000000000000000,2,0.1185,near support,234.0,286.0,43.5,42.5,31.8275,32.9729
E6C4-1H,11,899,E6C4-1H.mp4,ab78d00000f824b39310a349f2ff6a6b82ff92450563c355afc500117086a5b2,independent-grid-line-plus-ring-read-v1,pending,False,000101000001000000010000000100000000000000100100000000000000000000000001000000001,000101100001000000010000001100010001000010100100010001000010001000000101000000100,12,0.0802,disagreement,234.0,279.0,43.5,43.5,31.861,30.5129
E6C4-1H,12,906,E6C4-1H.mp4,ab78d00000f824b39310a349f2ff6a6b82ff92450563c355afc500117086a5b2,independent-grid-line-plus-ring-read-v1,pending,False,100000000000000001000000000000000000000001000100000000000000000010000000000001011,100001000000000011000000010000101000000001000100100000000000000010000010000001010,8,0.0704,disagreement,242.0,279.0,44.5,44.5,30.665,39.1194
E6C4-1H,13,912,E6C4-1H.mp4,ab78d00000f824b39310a349f2ff6a6b82ff92450563c355afc500117086a5b2,independent-grid-line-plus-ring-read-v1,pending,False,000101000010000010010000001000000000001010000100000000000000000000000010000100001,101000011101000001100000000100101000000010000100000001100000001100000000000000000,25,0.1787,disagreement,197.0,324.0,45.5,45.5,28.3185,30.3585
E6C4-1H,14,918,E6C4-1H.mp4,ab78d00000f824b39310a349f2ff6a6b82ff92450563c355afc500117086a5b2,independent-grid-line-plus-ring-read-v1,pending,False,000000000101000010000000000100010000000000000000000001100000000000000000000100010,111000010110000001100010001000111000000110000100000001010000000000000010000000000,22,0.1336,disagreement,233.0,325.0,46.5,46.0,40.5315,35.3146
E6C4-1H,15,924,E6C4-1H.mp4,ab78d00000f824b39310a349f2ff6a6b82ff92450563c355afc500117086a5b2,independent-grid-line-plus-ring-read-v1,pending,False,100101000000000001100000011000100000001100000000010000000000011000000010000000011,100101000000000101100010011000110001001110000000010001000000011000000010000000000,8,0.1403,disagreement,233.0,288.0,46.5,46.5,33.6371,33.3867
E6C4-1H,16,930,E6C4-1H.mp4,ab78d00000f824b39310a349f2ff6a6b82ff92450563c355afc500117086a5b2,independent-grid-line-plus-ring-read-v1,pending,False,010001000110000000000000000000000000000000000000011000000000000010000000000000010,000001000010000000000010000000000000000000000000011000000000000010000000000000000,4,0.0788,disagreement,234.0,279.0,47.5,47.5,27.2744,32.2235
E6C4-1H,17,936,E6C4-1H.mp4,ab78d00000f824b39310a349f2ff6a6b82ff92450563c355afc500117086a5b2,independent-grid-line-plus-ring-read-v1,pending,False,010000000000000100010000000100011001001001000000100000000000001000000000001000011,011100000111000111110000011100010001000001100100000000000000000110000000000000000,21,0.1645,disagreement,148.0,327.0,25.0,48.0,26.5615,32.0629
E6C4-1H,18,942,E6C4-1H.mp4,ab78d00000f824b39310a349f2ff6a6b82ff92450563c355afc500117086a5b2,independent-grid-line-plus-ring-read-v1,pending,False,000000101100000110000000000000000000000100000000100001000000011000000000000000010,001000000000000000100000000100001001000001100100001001100000000011000000100000000,23,0.1445,disagreement,148.0,288.0,25.0,48.5,32.77,28.6665
E6C4-1H,19,948,E6C4-1H.mp4,ab78d00000f824b39310a349f2ff6a6b82ff92450563c355afc500117086a5b2,independent-grid-line-plus-ring-read-v1,pending,False,000001000011000010000000010100000000001100000000000000000010000000000001000000001,001100000001000100010000000000001001000010100000000001000000000001000100000000000,21,0.1549,disagreement,148.0,287.0,25.0,49.5,29.6583,33.535
E6C4-1H,20,954,E6C4-1H.mp4,ab78d00000f824b39310a349f2ff6a6b82ff92450563c355afc500117086a5b2,independent-grid-line-plus-ring-read-v1,pending,False,011000000000000000000010000000101000001010000000000000000000001010000000000000000,100000100100000110100010010100111000000001000100000000000000000001000000000000000,18,0.1612,disagreement,168.0,328.0,25.0,50.0,27.1,40.4242
E6C4-1H,21,960,E6C4-1H.mp4,ab78d00000f824b39310a349f2ff6a6b82ff92450563c355afc500117086a5b2,independent-grid-line-plus-ring-read-v1,pending,False,001000000000000000100000011000101000000000000000000000100000000100000101000100000,111100010000000000000010010000000000000000000000110001000010011001000011000000000,21,0.1883,disagreement,208.0,191.0,21.0,20.0,31.0208,29.8629
E6C4-1H,22,966,E6C4-1H.mp4,ab78d00000f824b39310a349f2ff6a6b82ff92450563c355afc500117086a5b2,independent-grid-line-plus-ring-read-v1,pending,False,000000001100000010000000000100010000000000000000000000000000000000000000000000000,011101000000000000110000010100001000000001000100001001000000000101000000001000000,19,0.1659,disagreement,166.0,287.0,21.0,52.0,31.0156,36.141
E6C4-1H,23,972,E6C4-1H.mp4,ab78d00000f824b39310a349f2ff6a6b82ff92450563c355afc500117086a5b2,independent-grid-line-plus-ring-read-v1,pending,False,000000000001000000010000000000000000000100000000000000000000000001000000000001000,100000010000000011000000000000101000001001000000001000000000000000000000110001111,18,0.1421,disagreement,270.0,278.0,21.0,52.5,31.3081,36.8702
E6C4-1H,24,978,E6C4-1H.mp4,ab78d00000f824b39310a349f2ff6a6b82ff92450563c355afc500117086a5b2,independent-grid-line-plus-ring-read-v1,pending,False,100000100001000000000000000000010000001000000000001000000000000100000000010100001,000100000000000000000000000000101000000001100000001000000010000000000000000000000,15,0.2486,disagreement,179.0,342.0,54.0,54.0,37.2454,32.2654
E6C4-2T,1,865,E6C4-2T.mp4,70f1db0480e60fa599157e8c0c245c479cf84a7a87eeb1642d0becdffc80c12a,independent-grid-line-plus-ring-read-v1,pending,False,110000000000000000000000001000000001000111000000000000100000000000000000000100000,100100000100000010110010000100011000000000000100000000100000000100000000111101111,24,0.15,disagreement,201.0,314.0,34.5,34.0,28.9933,31.5942
E6C4-2T,2,866,E6C4-2T.mp4,70f1db0480e60fa599157e8c0c245c479cf84a7a87eeb1642d0becdffc80c12a,independent-grid-line-plus-ring-read-v1,pending,False,110000000101000000010000000000000000000000000000010000000010000001000000000000000,010000001101000011000000001000000001000100000000100001010000001000000001111101111,24,0.1525,disagreement,270.0,314.0,34.5,34.0,34.1785,31.3915
E6C4-2T,3,872,E6C4-2T.mp4,70f1db0480e60fa599157e8c0c245c479cf84a7a87eeb1642d0becdffc80c12a,independent-grid-line-plus-ring-read-v1,pending,False,000000000011000000100000000100010000001010100000000000100000000010000100001000000,111101111000000001010000001000000001000100000000101001000000001000000001000001001,32,0.1936,disagreement,270.0,250.0,34.5,34.5,35.0465,35.2298
E6C4-2T,4,880,E6C4-2T.mp4,70f1db0480e60fa599157e8c0c245c479cf84a7a87eeb1642d0becdffc80c12a,independent-grid-line-plus-ring-read-v1,pending,False,000000000000000001000000000000000000000000000000101001000000000000000110000100000,100000000100000000100000000100000000000000000100010000100000000100000011100000000,16,0.1846,disagreement,206.0,280.0,35.5,35.5,26.1437,30.8727
E6C4-2T,5,884,E6C4-2T.mp4,70f1db0480e60fa599157e8c0c245c479cf84a7a87eeb1642d0becdffc80c12a,independent-grid-line-plus-ring-read-v1,pending,False,000000000001000100000000010000110000001000000100000001000000000011000000100000001,100100011100000001100010000100100000000000000100000000100000000100000000111101111,25,0.1645,disagreement,206.0,316.0,36.5,36.5,28.3821,29.575
E6C4-2T,6,890,E6C4-2T.mp4,70f1db0480e60fa599157e8c0c245c479cf84a7a87eeb1642d0becdffc80c12a,independent-grid-line-plus-ring-read-v1,pending,False,000100000100000000000010000000100000000010000000100000000000010000000000100001000,100000000111000000110010000100001000000010000100000001100000000110000100111101111,23,0.1621,disagreement,199.0,316.0,38.5,37.0,27.994,26.4458
E6C4-2T,7,896,E6C4-2T.mp4,70f1db0480e60fa599157e8c0c245c479cf84a7a87eeb1642d0becdffc80c12a,independent-grid-line-plus-ring-read-v1,pending,False,000000000101000000010000001100110000000000000100001000000000000100000000000000000,100100000101000000100010000100000000000000100100000000110000000100000000110101111,19,0.1445,disagreement,205.0,317.0,37.5,37.5,26.4542,34.7283
E6C4-2T,8,902,E6C4-2T.mp4,70f1db0480e60fa599157e8c0c245c479cf84a7a87eeb1642d0becdffc80c12a,independent-grid-line-plus-ring-read-v1,pending,False,000000000000000000100010001000000000000000000000000000000000001001000010000000010,100000001110000001100000000100000000000000000100000000100000001100000000110101110,18,0.126,disagreement,203.0,317.0,38.5,38.5,31.6358,47.7535
E6C4-2T,9,902,E6C4-2T.mp4,70f1db0480e60fa599157e8c0c245c479cf84a7a87eeb1642d0becdffc80c12a,independent-grid-line-plus-ring-read-v1,pending,False,000000000000000000100010001000000000000000000000000000000000001001000010000000010,100000001110000001100000000100000000000000000100000000100000001100000000110101110,18,0.126,disagreement,203.0,317.0,38.5,38.5,31.6358,47.7535
E6C4-2T,10,908,E6C4-2T.mp4,70f1db0480e60fa599157e8c0c245c479cf84a7a87eeb1642d0becdffc80c12a,independent-grid-line-plus-ring-read-v1,pending,False,000000000000000010000000000000000000000000000000000000010000000000000000100000000,000000101000000011000000011000100001001100000100000001000000001001000001001101011,21,0.1077,disagreement,272.0,318.0,38.5,39.5,27.2267,28.9415
E6C4-2T,11,914,E6C4-2T.mp4,70f1db0480e60fa599157e8c0c245c479cf84a7a87eeb1642d0becdffc80c12a,independent-grid-line-plus-ring-read-v1,pending,False,000100000100000000000000000000100001000010000000000000010010000000000000010000000,001000001000000001000000001000000001000100000000000001100000011000000011000000001,19,0.1671,disagreement,276.0,279.0,38.5,40.0,27.7598,30.3571
E6C4-2T,12,926,E6C4-2T.mp4,70f1db0480e60fa599157e8c0c245c479cf84a7a87eeb1642d0becdffc80c12a,independent-grid-line-plus-ring-read-v1,pending,False,000000000000000000000000000000000000001000000000100000000000000001000010001000100,100000100100000001100000001100000000000100000100010000100000000100000001100100010,22,0.1513,disagreement,201.0,279.0,41.5,41.5,32.1031,27.8952
E6C4-2T,13,932,E6C4-2T.mp4,70f1db0480e60fa599157e8c0c245c479cf84a7a87eeb1642d0becdffc80c12a,independent-grid-line-plus-ring-read-v1,pending,False,000001000000000000000000000000001000000000000100000000000010000000000100000000000,000101000000000000000010001000001000000000000100000000000010001000000100000000000,4,0.0688,disagreement,235.0,278.0,42.0,42.0,31.87,37.3488
E6C4-2T,14,938,E6C4-2T.mp4,70f1db0480e60fa599157e8c0c245c479cf84a7a87eeb1642d0becdffc80c12a,independent-grid-line-plus-ring-read-v1,pending,False,000000000000000000000000000000001000000010000000100001000000010001000000000000000,000000001000000001000000001000010001000100000000000001000000001010000001000000001,15,0.1376,disagreement,277.0,285.0,43.0,42.5,30.0448,30.5215
E6C4-2T,15,944,E6C4-2T.mp4,70f1db0480e60fa599157e8c0c245c479cf84a7a87eeb1642d0becdffc80c12a,independent-grid-line-plus-ring-read-v1,pending,False,000101000001000000010000000100000000000000100100000000000000000000000001000000001,000101000001000000110010001100110000000000100100010000000010001000000001000000000,9,0.0765,disagreement,234.0,278.0,43.5,43.5,28.3279,31.0802
E6C4-2T,16,950,E6C4-2T.mp4,70f1db0480e60fa599157e8c0c245c479cf84a7a87eeb1642d0becdffc80c12a,independent-grid-line-plus-ring-read-v1,pending,False,100000000000000001000000000000000000000001000100000000000000000010000000000001011,111001011101000011000010001000110001001100000100000001110000011000000101000000000,27,0.1478,disagreement,278.0,322.0,44.5,44.0,28.9902,39.4842
E6C4-2T,17,956,E6C4-2T.mp4,70f1db0480e60fa599157e8c0c245c479cf84a7a87eeb1642d0becdffc80c12a,independent-grid-line-plus-ring-read-v1,pending,False,000101000010000010010000001000000000001010000100000000000000000000000010000100001,100000111000000001010000001000000001000000000000000001000000011000000000000000000,19,0.2303,disagreement,285.0,368.0,46.5,45.0,25.9292,36.7646
E6C4-2T,18,962,E6C4-2T.mp4,70f1db0480e60fa599157e8c0c245c479cf84a7a87eeb1642d0becdffc80c12a,independent-grid-line-plus-ring-read-v1,pending,False,000000000101000010000000000100010000000000000000000001100000000000000000000100010,000000000101000010000000000100010000000010000100010001100000000011000000000000000,7,0.1093,disagreement,234.0,286.0,46.0,46.0,36.9869,33.2744
E6C4-2T,19,968,E6C4-2T.mp4,70f1db0480e60fa599157e8c0c245c479cf84a7a87eeb1642d0becdffc80c12a,independent-grid-line-plus-ring-read-v1,pending,False,100101000000000001100000011000100000001100000000010000000000011000000010000000011,100101110000000101100010011000111000001110000000010000000010011000000010000000000,10,0.1421,disagreement,234.0,287.0,46.0,46.0,30.8119,33.7648
E6C4-2T,20,974,E6C4-2T.mp4,70f1db0480e60fa599157e8c0c245c479cf84a7a87eeb1642d0becdffc80c12a,independent-grid-line-plus-ring-read-v1,pending,False,010001000110000000000000000000000000000000000000011000000000000010000000000000010,000000000100000000000010000000011000000010000000000000000000000000000000000000000,11,0.1853,disagreement,234.0,372.0,47.5,47.0,26.3094,35.3002
E6C4-2T,21,980,E6C4-2T.mp4,70f1db0480e60fa599157e8c0c245c479cf84a7a87eeb1642d0becdffc80c12a,independent-grid-line-plus-ring-read-v1,pending,False,010000000000000100010000000100011001001001000000100000000000001000000000001000011,100000001100000001000010001000011000001101000100000001000000001010000000000000000,19,0.1572,disagreement,259.0,326.0,32.0,48.0,26.1967,32.8862
E6C4-2T,22,986,E6C4-2T.mp4,70f1db0480e60fa599157e8c0c245c479cf84a7a87eeb1642d0becdffc80c12a,independent-grid-line-plus-ring-read-v1,pending,False,000000101100000110000000000000000000000100000000100001000000011000000000000000010,000000101100000110000010000000110000000110000000110001000010011000000000000000010,6,0.0918,disagreement,234.0,277.0,48.5,48.5,28.8023,32.9994
E6C4-2T,23,992,E6C4-2T.mp4,70f1db0480e60fa599157e8c0c245c479cf84a7a87eeb1642d0becdffc80c12a,independent-grid-line-plus-ring-read-v1,pending,False,000001000011000010000000010100000000001100000000000000000010000000000001000000001,000000000110000100000000000000000000001000000000000000000000000000000000000000000,11,0.138,disagreement,284.0,286.0,49.5,49.0,28.1342,30.7292
E6C4-2T,24,998,E6C4-2T.mp4,70f1db0480e60fa599157e8c0c245c479cf84a7a87eeb1642d0becdffc80c12a,independent-grid-line-plus-ring-read-v1,pending,False,011000000000000000000010000000101000001010000000000000000000001010000000000000000,000000010000000000000000000000010000000000000000000001010000000000000000000000000,13,0.1661,disagreement,244.0,327.0,50.0,50.0,29.7721,50.3556
E6C4-2T,25,1004,E6C4-2T.mp4,70f1db0480e60fa599157e8c0c245c479cf84a7a87eeb1642d0becdffc80c12a,independent-grid-line-plus-ring-read-v1,pending,False,001000000000000000100000011000101000000000000000000000100000000100000101000100000,100000000100000110000000000000101001000001000100000000110000001000000001000100001,16,0.1802,disagreement,188.0,328.0,20.5,51.0,26.9265,35.3248
E6C4-2T,26,1010,E6C4-2T.mp4,70f1db0480e60fa599157e8c0c245c479cf84a7a87eeb1642d0becdffc80c12a,independent-grid-line-plus-ring-read-v1,pending,False,000000001100000010000000000100010000000000000000000000000000000000000000000000000,000000000100000000000000000000010001000000000000000000000000000000000000000000000,4,0.1983,disagreement,234.0,380.0,51.5,51.5,29.1515,41.0381
E6C4-2T,27,1017,E6C4-2T.mp4,70f1db0480e60fa599157e8c0c245c479cf84a7a87eeb1642d0becdffc80c12a,independent-grid-line-plus-ring-read-v1,pending,False,000000000001000000010000000000000000000100000000000000000000000001000000000001000,000000100000000100110010000100001000000010100100000000110000000111000100100001100,18,0.2217,disagreement,270.0,250.0,21.0,21.0,30.534,34.4263
E6C4-2T,28,1022,E6C4-2T.mp4,70f1db0480e60fa599157e8c0c245c479cf84a7a87eeb1642d0becdffc80c12a,independent-grid-line-plus-ring-read-v1,pending,False,100000100001000000000000000000010000001000000000001000000000000100000000010100001,010000010000000000000000000000001000000100000000000000000000000001000000000000000,15,0.2129,disagreement,180.0,286.0,54.0,53.0,27.6227,34.5246
E6C4-30,1,743,E6C4-30.mp4,7bbc721380336f75c5b4343769d3b36e16fcd48d5d194918e65e08efe1640745,independent-grid-line-plus-ring-read-v1,pending,False,110000000000000000000000001000000001000111000000000000100000000000000000000100000,011000001100000011000000001000000001000100000000000001000000001000000001111101111,19,0.1657,disagreement,269.0,308.0,34.0,33.5,31.5071,28.1483
E6C4-30,2,749,E6C4-30.mp4,7bbc721380336f75c5b4343769d3b36e16fcd48d5d194918e65e08efe1640745,independent-grid-line-plus-ring-read-v1,pending,False,110000000101000000010000000000000000000000000000010000000010000001000000000000000,000000001000000001000000001000000001000000000000000001000000001100000001000000001,17,0.1765,disagreement,269.0,279.0,34.0,34.0,33.62,31.8677
E6C4-30,3,750,E6C4-30.mp4,7bbc721380336f75c5b4343769d3b36e16fcd48d5d194918e65e08efe1640745,independent-grid-line-plus-ring-read-v1,pending,False,000000000011000000100000000100010000001010100000000000100000000010000100001000000,000000001000000001000000001000000001000000000000000001000000001100000001000000001,21,0.1625,disagreement,269.0,279.0,34.0,34.0,32.5346,28.7481
E6C4-30,4,756,E6C4-30.mp4,7bbc721380336f75c5b4343769d3b36e16fcd48d5d194918e65e08efe1640745,independent-grid-line-plus-ring-read-v1,pending,False,000000000000000001000000000000000000000000000000101001000000000000000110000100000,000000001000000001000000001000000001000000000000000001000000001000000001001000001,12,0.1741,disagreement,271.0,280.0,35.0,35.0,27.5427,25.8092
E6C4-30,5,756,E6C4-30.mp4,7bbc721380336f75c5b4343769d3b36e16fcd48d5d194918e65e08efe1640745,independent-grid-line-plus-ring-read-v1,pending,False,000000000000000001000000000000000000000000000000101001000000000000000110000100000,000000001000000001000000001000000001000000000000000001000000001000000001001000001,12,0.1741,disagreement,271.0,280.0,35.0,35.0,27.5427,25.8092
E6C4-30,6,767,E6C4-30.mp4,7bbc721380336f75c5b4343769d3b36e16fcd48d5d194918e65e08efe1640745,independent-grid-line-plus-ring-read-v1,pending,False,000000000001000100000000010000110000001000000100000001000000000011000000100000001,100100100000000000100010000000100000000010000000100000000000000000000000100000000,17,0.1201,disagreement,237.0,274.0,37.5,36.0,25.9627,29.8515
E6C4-30,7,773,E6C4-30.mp4,7bbc721380336f75c5b4343769d3b36e16fcd48d5d194918e65e08efe1640745,independent-grid-line-plus-ring-read-v1,pending,False,000100000100000000000010000000100000000010000000100000000000010000000000100001000,000000000001000000000000001000110000000000000000000000000000000000000000000000000,11,0.1038,disagreement,235.0,280.0,37.0,36.5,25.1138,26.2877
E6C4-30,8,775,E6C4-30.mp4,7bbc721380336f75c5b4343769d3b36e16fcd48d5d194918e65e08efe1640745,independent-grid-line-plus-ring-read-v1,pending,False,000000000101000000010000001100110000000000000100001000000000000100000000000000000,000000000000000000110000001100110000000010000100010000110000000000000000100000000,10,0.0755,disagreement,234.0,281.0,37.5,37.5,27.2617,28.9167
E6C4-30,9,780,E6C4-30.mp4,7bbc721380336f75c5b4343769d3b36e16fcd48d5d194918e65e08efe1640745,independent-grid-line-plus-ring-read-v1,pending,False,000000000000000000100010001000000000000000000000000000000000001001000010000000010,010000001000000011000000001000101001001100000100001001110000011011000101111101111,28,0.1287,disagreement,271.0,311.0,37.5,37.5,31.7048,43.0623
E6C4-30,10,786,E6C4-30.mp4,7bbc721380336f75c5b4343769d3b36e16fcd48d5d194918e65e08efe1640745,independent-grid-line-plus-ring-read-v1,pending,False,000000000000000010000000000000000000000000000000000000010000000000000000100000000,000000000000000000000000000000000000000000000000000000010000000000000000000000000,2,0.1274,near support,237.0,273.0,37.5,38.5,30.0008,32.3529
E6C4-30,11,792,E6C4-30.mp4,7bbc721380336f75c5b4343769d3b36e16fcd48d5d194918e65e08efe1640745,independent-grid-line-plus-ring-read-v1,pending,False,000100000100000000000000000000100001000010000000000000010010000000000000010000000,000000000000000000000000001000000000000000000000010001000000001000000100111101101,18,0.1633,disagreement,237.0,312.0,37.5,39.0,28.3388,30.4092
E6C4-30,12,798,E6C4-30.mp4,7bbc721380336f75c5b4343769d3b36e16fcd48d5d194918e65e08efe1640745,independent-grid-line-plus-ring-read-v1,pending,False,000001000000000010000000000000000000001010000000010000000010000100000000000000000,000001000000000010000000000000000000001010000000000000000010000000000000000000000,2,0.1016,near support,242.0,280.0,40.0,39.5,26.8819,27.9052
E6C4-30,13,804,E6C4-30.mp4,7bbc721380336f75c5b4343769d3b36e16fcd48d5d194918e65e08efe1640745,independent-grid-line-plus-ring-read-v1,pending,False,000000000000000000000000000000000000001000000000100000000000000001000010001000100,000000000000000000000000000000000000000100000000000000000000010001000100100101001,12,0.105,disagreement,242.0,314.0,40.5,40.5,33.4056,37.3898
E6C4-30,14,810,E6C4-30.mp4,7bbc721380336f75c5b4343769d3b36e16fcd48d5d194918e65e08efe1640745,independent-grid-line-plus-ring-read-v1,pending,False,000001000000000000000000000000001000000000000100000000000010000000000100000000000,000000001000000001000000001000010001000000000000000001000000001000000001000000001,14,0.181,disagreement,277.0,279.0,41.5,41.5,40.4567,32.026
E6C4-30,15,816,E6C4-30.mp4,7bbc721380336f75c5b4343769d3b36e16fcd48d5d194918e65e08efe1640745,independent-grid-line-plus-ring-read-v1,pending,False,000000000000000000000000000000001000000010000000100001000000010001000000000000000,111101111000000000000000000000000001000001000000010000000000001000000011001000000,21,0.1771,disagreement,235.0,238.0,41.5,41.5,29.8183,32.4252
E6C4-30,16,822,E6C4-30.mp4,7bbc721380336f75c5b4343769d3b36e16fcd48d5d194918e65e08efe1640745,independent-grid-line-plus-ring-read-v1,pending,False,000101000001000000010000000100000000000000100100000000000000000000000001000000001,000101000001000000010000001100010001000000100100010001000010001000000001000000000,8,0.0822,disagreement,234.0,273.0,42.5,42.5,28.0019,29.5348
E6C4-30,17,828,E6C4-30.mp4,7bbc721380336f75c5b4343769d3b36e16fcd48d5d194918e65e08efe1640745,independent-grid-line-plus-ring-read-v1,pending,False,100000000000000001000000000000000000000001000100000000000000000010000000000001011,001000001100000001100010001000011000000010000000000000010000000000000010000000000,18,0.0825,disagreement,234.0,316.0,43.5,43.5,28.3985,36.2288
E6C4-30,18,834,E6C4-30.mp4,7bbc721380336f75c5b4343769d3b36e16fcd48d5d194918e65e08efe1640745,independent-grid-line-plus-ring-read-v1,pending,False,000101000010000010010000001000000000001010000100000000000000000000000010000100001,011000000100000000100010010000101000000001000100000000000000000001000000100000010,23,0.147,disagreement,190.0,317.0,26.5,44.0,26.199,35.1481
E6C4-30,19,840,E6C4-30.mp4,7bbc721380336f75c5b4343769d3b36e16fcd48d5d194918e65e08efe1640745,independent-grid-line-plus-ring-read-v1,pending,False,000000000101000010000000000100010000000000000000000001100000000000000000000100010,010000001100000001000010000000110000000000000000111000000010001100000001000000011,19,0.1555,disagreement,245.0,281.0,22.5,45.0,33.0367,34.4067
E6C4-30,20,846,E6C4-30.mp4,7bbc721380336f75c5b4343769d3b36e16fcd48d5d194918e65e08efe1640745,independent-grid-line-plus-ring-read-v1,pending,False,100101000000000001100000011000100000001100000000010000000000011000000010000000011,100000000100000110000010000000111001000001100100001000000000000000000001000000000,26,0.1832,disagreement,200.0,318.0,22.5,45.5,29.3346,38.019
E6C4-30,21,852,E6C4-30.mp4,7bbc721380336f75c5b4343769d3b36e16fcd48d5d194918e65e08efe1640745,independent-grid-line-plus-ring-read-v1,pending,False,010001000110000000000000000000000000000000000000011000000000000010000000000000010,100100001100000011000010001000100001001110000000100001100000010000000101000000000,25,0.1435,disagreement,280.0,318.0,46.5,46.0,28.8846,31.7365
E6C4-30,22,858,E6C4-30.mp4,7bbc721380336f75c5b4343769d3b36e16fcd48d5d194918e65e08efe1640745,independent-grid-line-plus-ring-read-v1,pending,False,010000000000000100010000000100011001001001000000100000000000001000000000001000011,000000001110000000100000000100011000001100100100011000000000000100000000000000001,19,0.158,disagreement,199.0,281.0,23.5,47.0,27.09,38.5585
E6C4-30,23,864,E6C4-30.mp4,7bbc721380336f75c5b4343769d3b36e16fcd48d5d194918e65e08efe1640745,independent-grid-line-plus-ring-read-v1,pending,False,000000101100000110000000000000000000000100000000100001000000011000000000000000010,111000000000000000110010011100001000000001100100001000100000000011000010001000000,30,0.1496,disagreement,153.0,281.0,19.0,47.0,29.0785,31.5313
E6C4-30,24,869,E6C4-30.mp4,7bbc721380336f75c5b4343769d3b36e16fcd48d5d194918e65e08efe1640745,independent-grid-line-plus-ring-read-v1,pending,False,000001000011000010000000010100000000001100000000000000000010000000000001000000001,000000001110000100000000010000100001001000000000000001000000000000000000000000000,14,0.1114,disagreement,281.0,280.0,48.0,48.0,29.0138,30.8227
E6C4-30,25,876,E6C4-30.mp4,7bbc721380336f75c5b4343769d3b36e16fcd48d5d194918e65e08efe1640745,independent-grid-line-plus-ring-read-v1,pending,False,011000000000000000000010000000101000001010000000000000000000001010000000000000000,000000000000000000000010000000010000000010000000000000100010000110000010001100010,14,0.1395,disagreement,233.0,308.0,49.5,24.5,26.3987,35.1806
E6C4-30,26,882,E6C4-30.mp4,7bbc721380336f75c5b4343769d3b36e16fcd48d5d194918e65e08efe1640745,independent-grid-line-plus-ring-read-v1,pending,False,001000000000000000100000011000101000000000000000000000100000000100000101000100000,000100001010000001000010000000000000000010000000000001010000010000000000000000000,20,0.159,disagreement,193.0,321.0,50.0,49.5,30.6102,31.439
E6C4-30,27,888,E6C4-30.mp4,7bbc721380336f75c5b4343769d3b36e16fcd48d5d194918e65e08efe1640745,independent-grid-line-plus-ring-read-v1,pending,False,000000001100000010000000000100010000000000000000000000000000000000000000000000000,000000100000000000000000000000000000001000000000000000000000000000000000000000000,7,0.1464,disagreement,284.0,322.0,50.5,50.5,32.5608,34.9294
E6C4-30,28,894,E6C4-30.mp4,7bbc721380336f75c5b4343769d3b36e16fcd48d5d194918e65e08efe1640745,independent-grid-line-plus-ring-read-v1,pending,False,000000000001000000010000000000000000000100000000000000000000000001000000000001000,010000000101000010000010010000000000000000000000000000010000000000000000000000000,10,0.1606,disagreement,285.0,322.0,51.5,51.0,28.7412,32.6973
E6C4-30,29,900,E6C4-30.mp4,7bbc721380336f75c5b4343769d3b36e16fcd48d5d194918e65e08efe1640745,independent-grid-line-plus-ring-read-v1,pending,False,100000100001000000000000000000010000001000000000001000000000000100000000010100001,110100000100000000000000000000100000000110000000000000000000000000000000000000000,15,0.171,disagreement,286.0,323.0,52.5,52.0,32.2656,33.756
E6C4-35,1,57,E6C4-35.mp4,1d94b5df7be3f4b04b91862b00f0ffd93d9860bdcc6c9c54435fa6544fa110b2,independent-grid-line-plus-ring-read-v1,pending,False,000001000000000010000000000000000000001010000000010000000010000100000000000000000,111101111011000111110010011100111001001111100100111001110010011111000111111101111,45,0.2915,disagreement,242.0,244.0,24.0,24.0,14.9813,15.4237
E6C4-35,2,58,E6C4-35.mp4,1d94b5df7be3f4b04b91862b00f0ffd93d9860bdcc6c9c54435fa6544fa110b2,independent-grid-line-plus-ring-read-v1,pending,False,000000000000000000000000000000000000001000000000100000000000000001000010001000100,111101111011000111110010011100111001001111100100111001110010011111000111011101111,45,0.2675,disagreement,242.0,244.0,24.0,24.0,15.4508,16.08
E6C4-35,3,69,E6C4-35.mp4,1d94b5df7be3f4b04b91862b00f0ffd93d9860bdcc6c9c54435fa6544fa110b2,independent-grid-line-plus-ring-read-v1,pending,False,000001000000000000000000000000001000000000000100000000000010000000000100000000000,011100000110000000100000000100011000000011100100011000110000000111000000011100000,24,0.18,disagreement,219.0,246.0,20.5,19.0,15.96,16.8658
E6C4-35,4,69,E6C4-35.mp4,1d94b5df7be3f4b04b91862b00f0ffd93d9860bdcc6c9c54435fa6544fa110b2,independent-grid-line-plus-ring-read-v1,pending,False,000000000000000000000000000000001000000010000000100001000000010001000000000000000,011100000110000000100000000100011000000011100100011000110000000111000000011100000,23,0.18,disagreement,219.0,246.0,20.5,19.0,15.96,16.8658
E6C4-35,5,75,E6C4-35.mp4,1d94b5df7be3f4b04b91862b00f0ffd93d9860bdcc6c9c54435fa6544fa110b2,independent-grid-line-plus-ring-read-v1,pending,False,000101000001000000010000000100000000000000100100000000000000000000000001000000001,101101101001000000010000001100000000000111000000011000100010000000000001000000101,15,0.1735,disagreement,237.0,225.0,27.5,20.5,15.5198,17.3735
E6C4-35,6,81,E6C4-35.mp4,1d94b5df7be3f4b04b91862b00f0ffd93d9860bdcc6c9c54435fa6544fa110b2,independent-grid-line-plus-ring-read-v1,pending,False,100000000000000001000000000000000000000001000100000000000000000010000000000001011,100000000000000000100000000100111000000111000100000000000000000000000010100101111,13,0.1531,disagreement,237.0,249.0,27.5,27.5,20.9952,21.5467
E6C4-35,7,88,E6C4-35.mp4,1d94b5df7be3f4b04b91862b00f0ffd93d9860bdcc6c9c54435fa6544fa110b2,independent-grid-line-plus-ring-read-v1,pending,False,000101000010000010010000001000000000001010000100000000000000000000000010000100001,001101001111000101110000011100110001001110000100011001100000011010000111011000001,26,0.1395,disagreement,264.0,242.0,27.5,27.5,24.5919,24.6323
E6C4-35,8,94,E6C4-35.mp4,1d94b5df7be3f4b04b91862b00f0ffd93d9860bdcc6c9c54435fa6544fa110b2,independent-grid-line-plus-ring-read-v1,pending,False,000000000101000010000000000100010000000000000000000001100000000000000000000100010,000000001010000101000000010000110001001111100000011001100000011001000111001001101,30,0.1445,disagreement,264.0,242.0,27.5,27.5,25.184,29.0025
E6C4-35,9,102,E6C4-35.mp4,1d94b5df7be3f4b04b91862b00f0ffd93d9860bdcc6c9c54435fa6544fa110b2,independent-grid-line-plus-ring-read-v1,pending,False,100101000000000001100000011000100000001100000000010000000000011000000010000000011,000101000000000000100000011000000000001111100000011000000000001000000010000001111,10,0.1578,disagreement,237.0,242.0,27.5,27.5,20.3577,22.57
E6C4-35,10,105,E6C4-35.mp4,1d94b5df7be3f4b04b91862b00f0ffd93d9860bdcc6c9c54435fa6544fa110b2,independent-grid-line-plus-ring-read-v1,pending,False,010001000110000000000000000000000000000000000000011000000000000010000000000000010,000001000010000000000000000000000000000010000000011000000000000010000000000000000,4,0.1838,disagreement,244.0,242.0,27.5,27.5,21.6767,24.736
E6C4-35,11,112,E6C4-35.mp4,1d94b5df7be3f4b04b91862b00f0ffd93d9860bdcc6c9c54435fa6544fa110b2,independent-grid-line-plus-ring-read-v1,pending,False,010000000000000100010000000100011001001001000000100000000000001000000000001000011,101000000111000100100000010100101000000011000000001000100000000100000001111101111,25,0.192,disagreement,209.0,277.0,27.5,27.5,19.0281,22.5242
E6C4-35,12,118,E6C4-35.mp4,1d94b5df7be3f4b04b91862b00f0ffd93d9860bdcc6c9c54435fa6544fa110b2,independent-grid-line-plus-ring-read-v1,pending,False,000000101100000110000000000000000000000100000000100001000000011000000000000000010,000000100011000111000000000000000000000100000000100001000000011000000011000000010,7,0.168,disagreement,244.0,242.0,27.5,27.5,19.2608,22.8915
E6C4-35,13,123,E6C4-35.mp4,1d94b5df7be3f4b04b91862b00f0ffd93d9860bdcc6c9c54435fa6544fa110b2,independent-grid-line-plus-ring-read-v1,pending,False,000001000011000010000000010100000000001100000000000000000010000000000001000000001,000100011000000000010000000000100000000110000000110001010000001010000000001101101,25,0.2054,disagreement,244.0,287.0,27.5,20.5,19.5717,20.9744
E6C4-35,14,129,E6C4-35.mp4,1d94b5df7be3f4b04b91862b00f0ffd93d9860bdcc6c9c54435fa6544fa110b2,independent-grid-line-plus-ring-read-v1,pending,False,011000000000000000000010000000101000001010000000000000000000001010000000000000000,011000000011000110000010000100101001001010000000000000000000001110000100000000000,8,0.159,disagreement,242.0,240.0,31.0,31.0,22.5817,20.6342
E6C4-35,15,135,E6C4-35.mp4,1d94b5df7be3f4b04b91862b00f0ffd93d9860bdcc6c9c54435fa6544fa110b2,independent-grid-line-plus-ring-read-v1,pending,False,001000000000000000100000011000101000000000000000000000100000000100000101000100000,001000000000000010110000011000101000000000000100000001100000001000000100111101011,13,0.1278,disagreement,242.0,253.0,31.0,34.5,20.495,21.0092
E6C4-35,16,141,E6C4-35.mp4,1d94b5df7be3f4b04b91862b00f0ffd93d9860bdcc6c9c54435fa6544fa110b2,independent-grid-line-plus-ring-read-v1,pending,False,000000001100000010000000000100010000000000000000000000000000000000000000000000000,000000010000000000000000001000110000000000000000001000000000001000000000000000000,9,0.1401,disagreement,254.0,246.0,20.5,34.5,20.0675,22.57
E6C4-35,17,148,E6C4-35.mp4,1d94b5df7be3f4b04b91862b00f0ffd93d9860bdcc6c9c54435fa6544fa110b2,independent-grid-line-plus-ring-read-v1,pending,False,000000000001000000010000000000000000000100000000000000000000000001000000000001000,000000000001000000010000000000001000000100000000000000010000000001000000000001000,2,0.1661,near support,242.0,246.0,32.5,34.5,22.7725,23.5598
E6C4-35,18,154,E6C4-35.mp4,1d94b5df7be3f4b04b91862b00f0ffd93d9860bdcc6c9c54435fa6544fa110b2,independent-grid-line-plus-ring-read-v1,pending,False,100000100001000000000000000000010000001000000000001000000000000100000000010100001,110000110100000001110000001100001000000100000100000000110000000101000000111100110,23,0.1749,disagreement,206.0,246.0,34.5,34.5,25.4737,27.1206
E6C4-35,19,159,E6C4-35.mp4,1d94b5df7be3f4b04b91862b00f0ffd93d9860bdcc6c9c54435fa6544fa110b2,independent-grid-line-plus-ring-read-v1,pending,False,001000000001000000100000010100000000000000000000000000100000000001000000000000000,101001000011000110100000010100000000000000000000000000110000000011000000100001000,9,0.1305,disagreement,240.0,246.0,34.5,34.5,25.7617,30.0975
E6C4-35,20,165,E6C4-35.mp4,1d94b5df7be3f4b04b91862b00f0ffd93d9860bdcc6c9c54435fa6544fa110b2,independent-grid-line-plus-ring-read-v1,pending,False,000001000010000000000000010000100000001000000000100000010000000000000010001000111,000001000010000000000000010000100000001000000000100000010000010000000010001000111,1,0.2329,near support,244.0,246.0,34.5,34.5,22.2642,30.4525
E6C4-35,21,171,E6C4-35.mp4,1d94b5df7be3f4b04b91862b00f0ffd93d9860bdcc6c9c54435fa6544fa110b2,independent-grid-line-plus-ring-read-v1,pending,False,000000000000000000000000001100010000000000000000000000000000000000000000011000100,000000000000000000000000001100010000000000000000000000000000000000000000001000100,1,0.2716,near support,244.0,246.0,34.5,34.5,22.6404,30.8846
E6C4-35,22,179,E6C4-35.mp4,1d94b5df7be3f4b04b91862b00f0ffd93d9860bdcc6c9c54435fa6544fa110b2,independent-grid-line-plus-ring-read-v1,pending,False,000000100000000001100000001000000000000100000000000000100000000010000000001000000,000000100000000001100000001000000000000100000000000000100000000010000000001000000,0,0.2079,exact support,240.0,246.0,34.5,34.5,28.485,33.9165
E6C4-35,23,190,E6C4-35.mp4,1d94b5df7be3f4b04b91862b00f0ffd93d9860bdcc6c9c54435fa6544fa110b2,independent-grid-line-plus-ring-read-v1,pending,False,001001000000000001000000000000110000000000000100010000000000000000000000000000011,100100000000000000100000000100011000000000000100001000100000000000000000100000000,15,0.1997,disagreement,203.0,246.0,27.5,34.5,24.6735,26.5698
E6C4-35,24,196,E6C4-35.mp4,1d94b5df7be3f4b04b91862b00f0ffd93d9860bdcc6c9c54435fa6544fa110b2,independent-grid-line-plus-ring-read-v1,pending,False,001000000001000010000000001000000000000000100000000000000000000000000000000000000,011101111011000010000000001100010001000000000000000000000000000000000000000000000,11,0.1621,disagreement,251.0,211.0,27.5,34.5,23.9671,29.2954
E6C4-35,25,201,E6C4-35.mp4,1d94b5df7be3f4b04b91862b00f0ffd93d9860bdcc6c9c54435fa6544fa110b2,independent-grid-line-plus-ring-read-v1,pending,False,000000000000000001000000000100110000000000000000010000100000010000000000000001010,000001000000000000000000000100010001001110000000000000000010000000000000000000000,13,0.1673,disagreement,251.0,211.0,27.5,34.5,24.7385,26.9698
E6C4-35,26,207,E6C4-35.mp4,1d94b5df7be3f4b04b91862b00f0ffd93d9860bdcc6c9c54435fa6544fa110b2,independent-grid-line-plus-ring-read-v1,pending,False,000100100000000000000000000000101000000010000000000000000010000100000000001000100,000000000010000000000000000000010000000000000000010000000000000001000100111101111,18,0.1783,disagreement,242.0,278.0,38.0,38.0,25.4842,31.9225
E6C4-35,27,214,E6C4-35.mp4,1d94b5df7be3f4b04b91862b00f0ffd93d9860bdcc6c9c54435fa6544fa110b2,independent-grid-line-plus-ring-read-v1,pending,False,000100101000000000010010000000001000001010100100100000000000010000000000000000010,000000000010000000000000000000010000000100000000000000000000000000000000111101111,22,0.1897,disagreement,242.0,278.0,38.0,38.0,25.884,27.9262
E6C4-35,28,219,E6C4-35.mp4,1d94b5df7be3f4b04b91862b00f0ffd93d9860bdcc6c9c54435fa6544fa110b2,independent-grid-line-plus-ring-read-v1,pending,False,000100000010000000010010001000010000000001000000010000000000000000000000110000001,000000000110000001000010001000111000000111000000110000000000000110000001110001000,14,0.126,disagreement,248.0,253.0,34.5,34.5,23.8894,24.4773
E6C4-35,29,225,E6C4-35.mp4,1d94b5df7be3f4b04b91862b00f0ffd93d9860bdcc6c9c54435fa6544fa110b2,independent-grid-line-plus-ring-read-v1,pending,False,000000100000000000000000000100100000000000100000000000000010010000000101010000100,000000000100000001100000000000000000000001000100001001000000011101000110110101101,21,0.1511,disagreement,220.0,280.0,34.5,39.5,25.5544,26.7546
E6C4-35,30,232,E6C4-35.mp4,1d94b5df7be3f4b04b91862b00f0ffd93d9860bdcc6c9c54435fa6544fa110b2,independent-grid-line-plus-ring-read-v1,pending,False,000000000000000001100000001000001000000000100000100000000000000000000010001100000,000000000010000000110000000100000000000000000100011000100000000100000000000000000,16,0.1849,disagreement,185.0,241.0,20.5,40.0,25.1396,26.1081
E6C4-35,31,238,E6C4-35.mp4,1d94b5df7be3f4b04b91862b00f0ffd93d9860bdcc6c9c54435fa6544fa110b2,independent-grid-line-plus-ring-read-v1,pending,False,000001100101000001000000000000010000001000000000001000000000000010000001000000010,111101111000000001110000001000000001000100000000100001000000001100000011110000111,26,0.191,disagreement,278.0,208.0,41.5,41.5,27.6248,26.5385
E6C4-35,32,243,E6C4-35.mp4,1d94b5df7be3f4b04b91862b00f0ffd93d9860bdcc6c9c54435fa6544fa110b2,independent-grid-line-plus-ring-read-v1,pending,False,000000000000000000000000000000010000000000000100000000000000000000000000000000000,111101111000000001000000001100000001000100000000100001000000001100000001000000001,21,0.1863,disagreement,278.0,208.0,41.5,41.5,33.5638,33.8625
E6C4-35,33,249,E6C4-35.mp4,1d94b5df7be3f4b04b91862b00f0ffd93d9860bdcc6c9c54435fa6544fa110b2,independent-grid-line-plus-ring-read-v1,pending,False,000000000001000000000010000100000001000000000000000000000000000001000000010001000,111101111000000001010000001100100001000100000000110001000000001100000001110000001,25,0.1549,disagreement,278.0,208.0,41.5,41.5,33.2262,35.924
E6C4-35,34,255,E6C4-35.mp4,1d94b5df7be3f4b04b91862b00f0ffd93d9860bdcc6c9c54435fa6544fa110b2,independent-grid-line-plus-ring-read-v1,pending,False,000000000100000000110010001100000000000000000000000000100000000000000001100001100,000100001000000001010000001000000000000000000000000000000000001000000000010001100,12,0.1836,disagreement,278.0,280.0,41.5,20.5,33.899,30.2163
E6C4-35,35,261,E6C4-35.mp4,1d94b5df7be3f4b04b91862b00f0ffd93d9860bdcc6c9c54435fa6544fa110b2,independent-grid-line-plus-ring-read-v1,pending,False,000001000001000010000000001000101001000010000000000000000000000010000100000000101,000000001010000001010010001000100000000100000000000000000000011000000100000001100,17,0.1967,disagreement,278.0,280.0,41.5,20.5,27.3929,28.6756
E6C4-35,36,268,E6C4-35.mp4,1d94b5df7be3f4b04b91862b00f0ffd93d9860bdcc6c9c54435fa6544fa110b2,independent-grid-line-plus-ring-read-v1,pending,False,000000000000000010000000000000000000000010000100100000000000000000000010000000000,000000001100000000100000000000011000000010100100001001000000001000000101110101110,20,0.1449,disagreement,213.0,283.0,34.5,43.0,28.7419,33.4898
E6C4-35,37,272,E6C4-35.mp4,1d94b5df7be3f4b04b91862b00f0ffd93d9860bdcc6c9c54435fa6544fa110b2,independent-grid-line-plus-ring-read-v1,pending,False,000100100000000000000000000000011000000110000000000000100000000000000000000000100,001100011000000000100000010000001000000011100000111000000000000101000010100000000,19,0.1806,disagreement,213.0,218.0,34.5,34.5,29.4815,32.4785
E6C4-35,38,280,E6C4-35.mp4,1d94b5df7be3f4b04b91862b00f0ffd93d9860bdcc6c9c54435fa6544fa110b2,independent-grid-line-plus-ring-read-v1,pending,False,010000001000000000010010000000001000000010000001001000100000010001000000000000000,000000000110000000000000000100111000000001000100111000100000000100000000001000010,20,0.15,disagreement,212.0,246.0,34.5,34.5,25.8538,27.4371
E6C4-35,39,286,E6C4-35.mp4,1d94b5df7be3f4b04b91862b00f0ffd93d9860bdcc6c9c54435fa6544fa110b2,independent-grid-line-plus-ring-read-v1,pending,False,000000001000000010000010000000000000000010000100000000100000000000000000001000000,010000110000000001000000001000100001000000000000000001010000000010000001011101011,22,0.1621,disagreement,281.0,285.0,34.5,44.5,28.3115,28.8202
E6C4-35,40,292,E6C4-35.mp4,1d94b5df7be3f4b04b91862b00f0ffd93d9860bdcc6c9c54435fa6544fa110b2,independent-grid-line-plus-ring-read-v1,pending,False,000000000000000010010010001100000000000000100000011000000000001000000100000000000,010001000100000000000000000000101000000001100000001000000000000011000011000000000,18,0.1971,disagreement,220.0,287.0,34.5,34.5,27.7973,30.4421
E6C4-35,41,298,E6C4-35.mp4,1d94b5df7be3f4b04b91862b00f0ffd93d9860bdcc6c9c54435fa6544fa110b2,independent-grid-line-plus-ring-read-v1,pending,False,000000000100000110000000000000100000001000000000010000100000000110000101100000101,001000000001000000010000010000100001000011000000101000000000000001000111000000110,22,0.1352,disagreement,189.0,194.0,27.5,27.5,27.5296,30.7746
E6C4-35,42,303,E6C4-35.mp4,1d94b5df7be3f4b04b91862b00f0ffd93d9860bdcc6c9c54435fa6544fa110b2,independent-grid-line-plus-ring-read-v1,pending,False,000000000000000100010000000100010000001000100000000000010000000010000000010000010,101001000000000000000000000000101001001100000100001000100010001001000001000000001,24,0.1618,disagreement,289.0,194.0,34.5,27.5,29.0837,32.0588
E6C4-35,43,310,E6C4-35.mp4,1d94b5df7be3f4b04b91862b00f0ffd93d9860bdcc6c9c54435fa6544fa110b2,independent-grid-line-plus-ring-read-v1,pending,False,000000000000000000100010000000100000000000000000000000010000001100000001100000100,000000001000000111000000011000000001000000000000100001000000011000000011000001101,19,0.1718,disagreement,289.0,240.0,34.5,46.5,27.7592,33.9325
E6C4-35,44,316,E6C4-35.mp4,1d94b5df7be3f4b04b91862b00f0ffd93d9860bdcc6c9c54435fa6544fa110b2,independent-grid-line-plus-ring-read-v1,pending,False,000100110100000101000010000000100000000100000000000000100000000001000010001000010,010001100100000111000000010000110001001000000000101000000000000000000010000100010,17,0.172,disagreement,289.0,218.0,34.5,34.5,28.6558,27.449
E6C4-35,45,321,E6C4-35.mp4,1d94b5df7be3f4b04b91862b00f0ffd93d9860bdcc6c9c54435fa6544fa110b2,independent-grid-line-plus-ring-read-v1,pending,False,010000000010000100000000010000000000000010100000000000010000000000000000010000001,111001100100000110000000011000111001000110000100000000010000000111000011000000000,22,0.1154,disagreement,281.0,287.0,48.0,48.5,26.9637,28.3848
E6C4-35,46,328,E6C4-35.mp4,1d94b5df7be3f4b04b91862b00f0ffd93d9860bdcc6c9c54435fa6544fa110b2,independent-grid-line-plus-ring-read-v1,pending,False,000000000000000000010000010000000000000100000100101001010000000011000000000000001,110001100100000110000010011000111001001110000100000001110000010011000111000000000,24,0.1331,disagreement,281.0,287.0,48.0,48.5,27.3773,34.231
E6C4-35,47,334,E6C4-35.mp4,1d94b5df7be3f4b04b91862b00f0ffd93d9860bdcc6c9c54435fa6544fa110b2,independent-grid-line-plus-ring-read-v1,pending,False,000001001000000010000000000000010000000000000000000000010010000001000001000100000,011000110110000011100010001000111000000111100100010001110000011101000111000000000,29,0.1557,disagreement,233.0,287.0,48.0,48.5,27.2085,31.6233
E6C4-35,48,340,E6C4-35.mp4,1d94b5df7be3f4b04b91862b00f0ffd93d9860bdcc6c9c54435fa6544fa110b2,independent-grid-line-plus-ring-read-v1,pending,False,100001000000000000000000000000000000000010000000000000010000000000000000000000000,100101100001000100010010010000111000000011000100000001110000011111000110000000000,21,0.1769,disagreement,233.0,333.0,48.0,28.0,25.1715,26.4477
E6C4-V,1,636,E6C4-V.mp4,79a2f25f40c55811c4856fba5ab6d970dbdc19c4f5b357c43adb6eb0a8dd16d4,independent-grid-line-plus-ring-read-v1,pending,False,000000000000000000000010000000010000000011000000000000100000000001000000100001000,000001101000000001000000011000100001000110000000000001000000010010000101000001001,21,0.1598,disagreement,259.0,279.0,19.5,18.5,14.8171,16.9456
E6C4-V,2,642,E6C4-V.mp4,79a2f25f40c55811c4856fba5ab6d970dbdc19c4f5b357c43adb6eb0a8dd16d4,independent-grid-line-plus-ring-read-v1,pending,False,001000010000000010000000001000000000000001000100000001010010000000000010000001110,111101111010000101000000011000101001000000000000110001000000011100000001000000101,28,0.1604,disagreement,262.0,258.0,22.5,22.5,24.4623,24.7627
E6C4-V,3,643,E6C4-V.mp4,79a2f25f40c55811c4856fba5ab6d970dbdc19c4f5b357c43adb6eb0a8dd16d4,independent-grid-line-plus-ring-read-v1,pending,False,000000000001000000000000000000000000000000100000000000000000011001000101000000000,000000001010000001000000001000010001000001000000000001000000011010000011000000001,15,0.1971,disagreement,262.0,277.0,22.5,22.5,25.4265,23.8681
E6C4-V,4,654,E6C4-V.mp4,79a2f25f40c55811c4856fba5ab6d970dbdc19c4f5b357c43adb6eb0a8dd16d4,independent-grid-line-plus-ring-read-v1,pending,False,000000000000000000000010010000000000000100000000010000000000010000000110000000000,000000000000000000110010011000000000000100000000010000100000010000000110000000000,4,0.1325,disagreement,238.0,279.0,26.0,26.0,19.1844,21.77
E6C4-V,5,655,E6C4-V.mp4,79a2f25f40c55811c4856fba5ab6d970dbdc19c4f5b357c43adb6eb0a8dd16d4,independent-grid-line-plus-ring-read-v1,pending,False,101001000010000000000010000000000000000000100000000001010000000000000000010001010,101101100010000000100010001000010000000010100000010001010000001000000100000001110,11,0.0778,disagreement,238.0,275.0,26.0,26.0,19.9971,23.0217
E6C4-V,6,665,E6C4-V.mp4,79a2f25f40c55811c4856fba5ab6d970dbdc19c4f5b357c43adb6eb0a8dd16d4,independent-grid-line-plus-ring-read-v1,pending,False,001000000000000010000000000000000000001001000000000001000000000000000100001001000,000000010000000010000000000000001000000000000000000000000000010001000000111101111,15,0.1557,disagreement,243.0,303.0,29.0,29.0,22.579,26.7263
E6C4-V,7,671,E6C4-V.mp4,79a2f25f40c55811c4856fba5ab6d970dbdc19c4f5b357c43adb6eb0a8dd16d4,independent-grid-line-plus-ring-read-v1,pending,False,000000000010000000000000010000000000000000100000001000010000000001000101000100010,000000000010000000000000010000000000000000100000001000010010000001000101000100010,1,0.1059,near support,239.0,275.0,30.0,30.0,26.5854,29.1871
E6C4-V,8,677,E6C4-V.mp4,79a2f25f40c55811c4856fba5ab6d970dbdc19c4f5b357c43adb6eb0a8dd16d4,independent-grid-line-plus-ring-read-v1,pending,False,000000000001000011000000000000000000000000000100000000000010000000000000000000000,000000001010000111000000001000100001000111000000000001000000011000000001001001001,19,0.1156,disagreement,270.0,274.0,32.0,32.0,23.3575,32.9008
E6C4-V,9,678,E6C4-V.mp4,79a2f25f40c55811c4856fba5ab6d970dbdc19c4f5b357c43adb6eb0a8dd16d4,independent-grid-line-plus-ring-read-v1,pending,False,000000000000000000000000000000100000000010000000010000110000011000000000000100000,110001110100000001100000000100010000000001100100001000110000001100000000100000000,21,0.1482,disagreement,207.0,274.0,33.5,32.5,22.215,26.809
E6C4-V,10,689,E6C4-V.mp4,79a2f25f40c55811c4856fba5ab6d970dbdc19c4f5b357c43adb6eb0a8dd16d4,independent-grid-line-plus-ring-read-v1,pending,False,000000000000000000000010000000000000000000000000010000000000001000000010000000000,011001001000000001000000001000000001000100000000100001000000001000000001111101111,22,0.1486,disagreement,273.0,309.0,35.5,35.5,25.0502,24.8258
E6C4-V,11,690,E6C4-V.mp4,79a2f25f40c55811c4856fba5ab6d970dbdc19c4f5b357c43adb6eb0a8dd16d4,independent-grid-line-plus-ring-read-v1,pending,False,000000010010000100000000000000000000000001000000000001000000000001000000000000000,000000101100000001000000001000000001001010000000000001000000001010000001000000001,17,0.1181,disagreement,273.0,274.0,35.5,35.5,26.0258,31.0458
E6C4-V,12,696,E6C4-V.mp4,79a2f25f40c55811c4856fba5ab6d970dbdc19c4f5b357c43adb6eb0a8dd16d4,independent-grid-line-plus-ring-read-v1,pending,False,010000110100000000000010000100000000000000100000101001000000000000000101100100100,111101111100000101000000001000100001000100000000101001000010011000000011000001011,25,0.1733,disagreement,273.0,243.0,37.5,37.5,27.8406,30.5494
E6C4-V,13,707,E6C4-V.mp4,79a2f25f40c55811c4856fba5ab6d970dbdc19c4f5b357c43adb6eb0a8dd16d4,independent-grid-line-plus-ring-read-v1,pending,False,001100000000000000000010000000000000000001000000000000000000000010000000011000000,011000101000000111000000011000000001001010000000100001000000001000000000110000101,22,0.1474,disagreement,281.0,273.0,30.0,40.0,26.12,30.4038
E6C4-V,14,708,E6C4-V.mp4,79a2f25f40c55811c4856fba5ab6d970dbdc19c4f5b357c43adb6eb0a8dd16d4,independent-grid-line-plus-ring-read-v1,pending,False,010100000000000111000000000100001000000000000100010000000010001000000000001001100,010101000000000111000000010100001000000000000100010000000010011000000010001001100,4,0.1142,disagreement,244.0,273.0,40.5,40.0,30.0896,30.0575
E6C4-V,15,717,E6C4-V.mp4,79a2f25f40c55811c4856fba5ab6d970dbdc19c4f5b357c43adb6eb0a8dd16d4,independent-grid-line-plus-ring-read-v1,pending,False,100000000100000000000000000000000000000000100000000000000010000010000010000000001,110000001000000011000000011000101001000100000000100001100000001000000001000000000,21,0.1142,disagreement,279.0,315.0,43.0,42.5,30.7306,32.3135
E6C4-V,16,720,E6C4-V.mp4,79a2f25f40c55811c4856fba5ab6d970dbdc19c4f5b357c43adb6eb0a8dd16d4,independent-grid-line-plus-ring-read-v1,pending,False,001101000000000000010010000000000000001110100000000000000000000000000001001000010,000000001100000011000010011000101001000110000000000001000000011010000101000000000,22,0.1303,disagreement,279.0,316.0,43.0,43.5,31.4054,32.9931
E6C4-V,17,728,E6C4-V.mp4,79a2f25f40c55811c4856fba5ab6d970dbdc19c4f5b357c43adb6eb0a8dd16d4,independent-grid-line-plus-ring-read-v1,pending,False,000000000100000000000000000100110000000000000000010000000000010010000001100000000,000000000100000100100010000000001000000011000000011001000000001111000001000000000,16,0.1226,disagreement,224.0,317.0,22.5,45.5,33.3125,35.5325
E6C4-V,18,732,E6C4-V.mp4,79a2f25f40c55811c4856fba5ab6d970dbdc19c4f5b357c43adb6eb0a8dd16d4,independent-grid-line-plus-ring-read-v1,pending,False,010001000100000100000010000000001001000010000000100000010000000001000000010001001,000001001000000001000010011000100001001100000100100001010000000000000001000000000,19,0.1519,disagreement,283.0,318.0,46.5,46.5,27.9513,34.4471
E6C4-V,19,738,E6C4-V.mp4,79a2f25f40c55811c4856fba5ab6d970dbdc19c4f5b357c43adb6eb0a8dd16d4,independent-grid-line-plus-ring-read-v1,pending,False,000000011010000000000000000000000000000100000000000000010010000001000000100000000,000000011010000000000010001000010001000110000000010000010010001001000000000000000,8,0.1075,disagreement,235.0,280.0,48.0,48.0,30.1952,33.6925
E6C4-V,20,744,E6C4-V.mp4,79a2f25f40c55811c4856fba5ab6d970dbdc19c4f5b357c43adb6eb0a8dd16d4,independent-grid-line-plus-ring-read-v1,pending,False,001000010000000000000000001100001000000100000000000000110010000000000010000000001,000000000000000001100000000000100000000010000100010000000000010000000000000000000,18,0.1541,disagreement,236.0,321.0,50.0,49.5,30.6925,32.6658
E6C4-V,21,751,E6C4-V.mp4,79a2f25f40c55811c4856fba5ab6d970dbdc19c4f5b357c43adb6eb0a8dd16d4,independent-grid-line-plus-ring-read-v1,pending,False,000000010000000110100000000000000001000000000000100000000000000011000010100000000,011101111000000001000000011000000000000000000000000000000010000000000000001100001,22,0.1623,disagreement,193.0,228.0,51.5,51.5,28.2642,39.0696
E6C4-V,22,756,E6C4-V.mp4,79a2f25f40c55811c4856fba5ab6d970dbdc19c4f5b357c43adb6eb0a8dd16d4,independent-grid-line-plus-ring-read-v1,pending,False,100000000000000000000000000000010001000101000000000000000000010010000001001100000,000000010000000010000000010000010000000000000000000000100000010000000000000000000,12,0.2044,disagreement,288.0,333.0,52.5,52.5,37.0983,47.5508
E6C4-V,23,762,E6C4-V.mp4,79a2f25f40c55811c4856fba5ab6d970dbdc19c4f5b357c43adb6eb0a8dd16d4,independent-grid-line-plus-ring-read-v1,pending,False,000000011000000000000010000000000001000100000100100000000000000010000000000000001,000001011000000000000000000000000000000001100000001000000000000000000000000000000,11,0.2038,disagreement,126.0,270.0,54.5,54.5,34.5427,40.7131
E6C4-V,24,768,E6C4-V.mp4,79a2f25f40c55811c4856fba5ab6d970dbdc19c4f5b357c43adb6eb0a8dd16d4,independent-grid-line-plus-ring-read-v1,pending,False,110100000000000000000000000000001000000001000000000000100000011000000001101001110,000100001000000000000000010000011000000001100000000000000000000000000000000000000,15,0.2453,disagreement,122.0,326.0,56.0,56.0,32.9281,33.9896
E6C5-N,1,1105,E6C5-N.mp4,712babc98d4330c16a072ca1929792c33f5f07c7565858411310c8853eb7913a,independent-grid-line-plus-ring-read-v1,pending,False,000001000000000000000000000000001000000000000100000000000010000000000100000000000,011000010110000011100010001000111000000111000100111001010000011101000110111101111,35,0.1443,disagreement,236.0,307.0,25.5,25.5,17.1656,23.2435
E6C5-N,2,1107,E6C5-N.mp4,712babc98d4330c16a072ca1929792c33f5f07c7565858411310c8853eb7913a,independent-grid-line-plus-ring-read-v1,pending,False,000000000000000000000000000000001000000010000000100001000000010001000000000000000,011001101000000111000000011000110001000100000000000001000000011010000001001001101,25,0.1584,disagreement,263.0,285.0,26.5,25.0,16.9542,17.5567
E6C5-N,3,1112,E6C5-N.mp4,712babc98d4330c16a072ca1929792c33f5f07c7565858411310c8853eb7913a,independent-grid-line-plus-ring-read-v1,pending,False,000101000001000000010000000100000000000000100100000000000000000000000001000000001,100100000111000001110000000100000000000000000100000001100000001100000000111101111,19,0.1895,disagreement,213.0,309.0,28.0,28.0,20.2033,24.3088
E6C5-N,4,1118,E6C5-N.mp4,712babc98d4330c16a072ca1929792c33f5f07c7565858411310c8853eb7913a,independent-grid-line-plus-ring-read-v1,pending,False,100000000000000001000000000000000000000001000100000000000000000010000000000001011,100000000000000001000000000000000001000011100100000001000000001010000000000101110,8,0.1126,disagreement,237.0,281.0,29.0,30.0,22.4194,26.5265
E6C5-N,5,1124,E6C5-N.mp4,712babc98d4330c16a072ca1929792c33f5f07c7565858411310c8853eb7913a,independent-grid-line-plus-ring-read-v1,pending,False,000101000010000010010000001000000000001010000100000000000000000000000010000100001,100000100101000001100000000100000000000101100100000000100000000100000001100000000,25,0.1889,disagreement,209.0,281.0,32.0,32.0,24.874,24.9704
E6C5-N,6,1130,E6C5-N.mp4,712babc98d4330c16a072ca1929792c33f5f07c7565858411310c8853eb7913a,independent-grid-line-plus-ring-read-v1,pending,False,000000000101000010000000000100010000000000000000000001100000000000000000000100010,110001101010000001000010001000000001000000000000000001000000001001000001111101111,25,0.1529,disagreement,270.0,314.0,34.5,34.0,28.0027,30.511
E6C5-N,7,1136,E6C5-N.mp4,712babc98d4330c16a072ca1929792c33f5f07c7565858411310c8853eb7913a,independent-grid-line-plus-ring-read-v1,pending,False,100101000000000001100000011000100000001100000000010000000000011000000010000000011,110000100100000001110000001100010000000110000100001000100000001100000001100000000,23,0.1545,disagreement,206.0,280.0,36.0,36.0,23.821,28.1848
E6C5-N,8,1142,E6C5-N.mp4,712babc98d4330c16a072ca1929792c33f5f07c7565858411310c8853eb7913a,independent-grid-line-plus-ring-read-v1,pending,False,010001000110000000000000000000000000000000000000011000000000000010000000000000010,110001100111000000110000001100110000001110100100111001100000001011000000000000010,19,0.0759,disagreement,233.0,279.0,38.5,38.0,30.8027,30.5135
E6C5-N,9,1148,E6C5-N.mp4,712babc98d4330c16a072ca1929792c33f5f07c7565858411310c8853eb7913a,independent-grid-line-plus-ring-read-v1,pending,False,010000000000000100010000000100011001001001000000100000000000001000000000001000011,101000110000000011110000001100011000001111100100110001100000001000000001101000010,21,0.1164,disagreement,216.0,279.0,34.5,40.0,23.8904,31.99
E6C5-N,10,1154,E6C5-N.mp4,712babc98d4330c16a072ca1929792c33f5f07c7565858411310c8853eb7913a,independent-grid-line-plus-ring-read-v1,pending,False,000000101100000110000000000000000000000100000000100001000000011000000000000000010,101000011000000000000000000000000000000110000000110000000000000100000001000000001,16,0.1281,disagreement,224.0,278.0,21.0,42.0,33.6721,32.2423
E6C5-N,11,1160,E6C5-N.mp4,712babc98d4330c16a072ca1929792c33f5f07c7565858411310c8853eb7913a,independent-grid-line-plus-ring-read-v1,pending,False,000001000011000010000000010100000000001100000000000000000010000000000001000000001,011000001000000001100010000000110000000001000000011000000000000000000000000000000,22,0.127,disagreement,212.0,322.0,29.5,44.0,30.3052,33.7452
E6C5-N,12,1166,E6C5-N.mp4,712babc98d4330c16a072ca1929792c33f5f07c7565858411310c8853eb7913a,independent-grid-line-plus-ring-read-v1,pending,False,011000000000000000000010000000101000001010000000000000000000001010000000000000000,001000000000000000000010001000111000001011000100111001110000001011000000000000000,12,0.1154,disagreement,233.0,287.0,46.0,46.0,38.0565,41.9467
E6C5-N,13,1173,E6C5-N.mp4,712babc98d4330c16a072ca1929792c33f5f07c7565858411310c8853eb7913a,independent-grid-line-plus-ring-read-v1,pending,False,001000000000000000100000011000101000000000000000000000100000000100000101000100000,000000000100000011000000000000000000000000000100000000100000001000000000000000000,15,0.1732,disagreement,242.0,326.0,48.0,48.0,33.6044,36.1835
E6C5-N,14,1178,E6C5-N.mp4,712babc98d4330c16a072ca1929792c33f5f07c7565858411310c8853eb7913a,independent-grid-line-plus-ring-read-v1,pending,False,000000001100000010000000000100010000000000000000000000000000000000000000000000000,001000010000000010100010000000000000000000000000000000000000000000000000000000000,8,0.1661,disagreement,243.0,327.0,50.0,50.0,36.1398,52.8702
E6C5-N,15,1184,E6C5-N.mp4,712babc98d4330c16a072ca1929792c33f5f07c7565858411310c8853eb7913a,independent-grid-line-plus-ring-read-v1,pending,False,000000000001000000010000000000000000000100000000000000000000000001000000000001000,110001111000000000000000000000001000001000000000111000000000000000000010100000010,19,0.149,disagreement,270.0,286.0,21.0,52.0,29.0785,39.3579
E6C5-N,16,1190,E6C5-N.mp4,712babc98d4330c16a072ca1929792c33f5f07c7565858411310c8853eb7913a,independent-grid-line-plus-ring-read-v1,pending,False,100000100001000000000000000000010000001000000000001000000000000100000000010100001,000000100001000000000000000000010000001000000000011000000010000000000000000000000,7,0.1584,disagreement,233.0,287.0,54.0,54.0,39.2804,42.4285
Youtube_1,1,49,Youtube_1.mp4,d43b43e0f4bad09e9fdec79a43d960b23ee0a11ccc4aee34f26387232b9f1ae1,independent-grid-line-plus-ring-read-v1,pending,False,000100101000000000010010000000001000001010100100100000000000010000000000000000010,101101101000000010110010011100111001001111100100111001110010011111000110000100010,26,0.1586,disagreement,252.0,226.0,48.0,48.0,20.6781,21.5402
Youtube_1,2,53,Youtube_1.mp4,d43b43e0f4bad09e9fdec79a43d960b23ee0a11ccc4aee34f26387232b9f1ae1,independent-grid-line-plus-ring-read-v1,pending,False,000100000010000000010010001000010000000001000000010000000000000000000000110000001,010100000110000011110010001100010001000001000000010000100000001000000000110000000,10,0.136,disagreement,248.0,234.0,46.0,46.0,21.6892,22.8908
Youtube_1,3,54,Youtube_1.mp4,d43b43e0f4bad09e9fdec79a43d960b23ee0a11ccc4aee34f26387232b9f1ae1,independent-grid-line-plus-ring-read-v1,pending,False,000000100000000000000000000100100000000000100000000000000010010000000101010000100,000000100000000000000000000100100000000000100000000000000010010000000100010000100,1,0.1504,near support,252.0,234.0,48.0,46.5,22.4779,23.5094
Youtube_1,4,59,Youtube_1.mp4,d43b43e0f4bad09e9fdec79a43d960b23ee0a11ccc4aee34f26387232b9f1ae1,independent-grid-line-plus-ring-read-v1,pending,False,000000000000000001100000001000001000000000100000100000000000000000000010001100000,000000000000000000100000001000001000000000100000100000000000000000000010001100000,1,0.1515,near support,252.0,234.0,48.0,46.5,22.9067,23.3671
Youtube_1,5,64,Youtube_1.mp4,d43b43e0f4bad09e9fdec79a43d960b23ee0a11ccc4aee34f26387232b9f1ae1,independent-grid-line-plus-ring-read-v1,pending,False,000001100101000001000000000000010000001000000000001000000000000010000001000000010,100000110010000000100000000100001000000100000100000000100000000001000000100000000,21,0.1975,disagreement,203.0,234.0,48.0,46.5,21.8775,24.7667
Youtube_1,6,67,Youtube_1.mp4,d43b43e0f4bad09e9fdec79a43d960b23ee0a11ccc4aee34f26387232b9f1ae1,independent-grid-line-plus-ring-read-v1,pending,False,000000000000000000000000000000010000000000000100000000000000000000000000000000000,100000000000000000100000000100001000000000000100000000100000000000000000100000000,7,0.2009,disagreement,203.0,234.0,48.0,46.5,23.7102,25.6785
Youtube_1,7,72,Youtube_1.mp4,d43b43e0f4bad09e9fdec79a43d960b23ee0a11ccc4aee34f26387232b9f1ae1,independent-grid-line-plus-ring-read-v1,pending,False,000000000001000000000010000100000001000000000000000000000000000001000000010001000,100000000000000000100000000100000000000000000100000000100000000000000000101000100,13,0.1956,disagreement,203.0,234.0,48.0,46.5,23.2292,25.526
Youtube_1,8,78,Youtube_1.mp4,d43b43e0f4bad09e9fdec79a43d960b23ee0a11ccc4aee34f26387232b9f1ae1,independent-grid-line-plus-ring-read-v1,pending,False,000000000100000000110010001100000000000000000000000000100000000000000001100001100,100000000010000000110000000100000000000000000100000000110000000000000000100000110,10,0.1956,disagreement,203.0,234.0,48.0,46.5,23.3998,25.55
Youtube_1,9,81,Youtube_1.mp4,d43b43e0f4bad09e9fdec79a43d960b23ee0a11ccc4aee34f26387232b9f1ae1,independent-grid-line-plus-ring-read-v1,pending,False,000001000001000010000000001000101001000010000000000000000000000010000100000000101,100000100000000001100000000100010000000001000100000000100000000001000010100000010,25,0.191,disagreement,203.0,234.0,48.0,46.5,22.8104,24.9094
Youtube_1,10,86,Youtube_1.mp4,d43b43e0f4bad09e9fdec79a43d960b23ee0a11ccc4aee34f26387232b9f1ae1,independent-grid-line-plus-ring-read-v1,pending,False,000000000000000010000000000000000000000010000100100000000000000000000010000000000,100000000000000001100000000100000000000001000100010000100000000000000001100000000,13,0.2007,disagreement,203.0,234.0,48.0,46.5,24.0765,26.3954
Youtube_1,11,92,Youtube_1.mp4,d43b43e0f4bad09e9fdec79a43d960b23ee0a11ccc4aee34f26387232b9f1ae1,independent-grid-line-plus-ring-read-v1,pending,False,000100100000000000000000000000011000000110000000000000100000000000000000000000100,100000010000000000100000000100001000000011000100000000110000000000000000100000010,14,0.2044,disagreement,203.0,234.0,48.0,46.5,23.2525,25.6123
Youtube_1,12,95,Youtube_1.mp4,d43b43e0f4bad09e9fdec79a43d960b23ee0a11ccc4aee34f26387232b9f1ae1,independent-grid-line-plus-ring-read-v1,pending,False,010000001000000000010010000000001000000010000000101000100000010001000000000000000,101000000000000000100000000100000000000001000100010000110000001000000000100000000,20,0.204,disagreement,203.0,234.0,48.0,46.5,23.564,25.5823
Youtube_1,13,101,Youtube_1.mp4,d43b43e0f4bad09e9fdec79a43d960b23ee0a11ccc4aee34f26387232b9f1ae1,independent-grid-line-plus-ring-read-v1,pending,False,000000001000000010000010000000000000000010000100000000100000000000000000001000000,100000000000000001100000000100000000000001000100000000110000000000000000100100000,13,0.1977,disagreement,203.0,234.0,48.0,46.5,23.9306,26.7112
Youtube_1,14,105,Youtube_1.mp4,d43b43e0f4bad09e9fdec79a43d960b23ee0a11ccc4aee34f26387232b9f1ae1,independent-grid-line-plus-ring-read-v1,pending,False,000000000000000010010010001100000000000000100000011000000000001000000100000000000,100000000000000001100000000100000000000000000100001000100000000000000010100000000,15,0.1963,disagreement,203.0,234.0,48.0,46.5,23.5615,26.0785
Youtube_1,15,109,Youtube_1.mp4,d43b43e0f4bad09e9fdec79a43d960b23ee0a11ccc4aee34f26387232b9f1ae1,independent-grid-line-plus-ring-read-v1,pending,False,000000000100000110000000000000100000001000000000010000100000000110000101100000101,100000000010000011100000000100010000000100000100001000110000000001000010100000010,24,0.192,disagreement,203.0,234.0,48.0,46.5,22.9735,26.7258
Youtube_1,16,115,Youtube_1.mp4,d43b43e0f4bad09e9fdec79a43d960b23ee0a11ccc4aee34f26387232b9f1ae1,independent-grid-line-plus-ring-read-v1,pending,False,000000000000000100010000000100010000001000100000000000010000000010000000010000010,000000000100000101110000001100010000001000100000000000010000000010000000000000000,6,0.1559,disagreement,247.0,234.0,46.5,46.5,23.519,26.295
