recording,ordinal,frame,source_video,source_sha256,method,review_status,overlay_enabled,reference_geometry_status,reference_frame,reference_geometry_provenance,operational_consensus,operational_status,proposal_selected,consensus_disagreement_cells,minimum_temporal_step_inliers,minimum_temporal_step_inlier_ratio
E6C2-11,1,621,E6C2-11.mp4,f3e315472d4fc703857cc217e622fed1087fd87c5d2c3edaa37d4ada4c0c9389,review-only-hybrid-loftr-direct-temporal-lattice-diamond-v1,pending,False,awaiting-reviewed-reference,,,False,awaiting reviewed reference geometry,,,,
E6C2-11,2,626,E6C2-11.mp4,f3e315472d4fc703857cc217e622fed1087fd87c5d2c3edaa37d4ada4c0c9389,review-only-hybrid-loftr-direct-temporal-lattice-diamond-v1,pending,False,awaiting-reviewed-reference,,,False,awaiting reviewed reference geometry,,,,
E6C2-11,3,630,E6C2-11.mp4,f3e315472d4fc703857cc217e622fed1087fd87c5d2c3edaa37d4ada4c0c9389,review-only-hybrid-loftr-direct-temporal-lattice-diamond-v1,pending,False,awaiting-reviewed-reference,,,False,awaiting reviewed reference geometry,,,,
E6C2-11,4,634,E6C2-11.mp4,f3e315472d4fc703857cc217e622fed1087fd87c5d2c3edaa37d4ada4c0c9389,review-only-hybrid-loftr-direct-temporal-lattice-diamond-v1,pending,False,awaiting-reviewed-reference,,,False,awaiting reviewed reference geometry,,,,
E6C2-11,5,640,E6C2-11.mp4,f3e315472d4fc703857cc217e622fed1087fd87c5d2c3edaa37d4ada4c0c9389,review-only-hybrid-loftr-direct-temporal-lattice-diamond-v1,pending,False,awaiting-reviewed-reference,,,False,awaiting reviewed reference geometry,,,,
E6C2-11,6,646,E6C2-11.mp4,f3e315472d4fc703857cc217e622fed1087fd87c5d2c3edaa37d4ada4c0c9389,review-only-hybrid-loftr-direct-temporal-lattice-diamond-v1,pending,False,awaiting-reviewed-reference,,,False,awaiting reviewed reference geometry,,,,
E6C2-11,7,652,E6C2-11.mp4,f3e315472d4fc703857cc217e622fed1087fd87c5d2c3edaa37d4ada4c0c9389,review-only-hybrid-loftr-direct-temporal-lattice-diamond-v1,pending,False,awaiting-reviewed-reference,,,False,awaiting reviewed reference geometry,,,,
E6C2-11,8,658,E6C2-11.mp4,f3e315472d4fc703857cc217e622fed1087fd87c5d2c3edaa37d4ada4c0c9389,review-only-hybrid-loftr-direct-temporal-lattice-diamond-v1,pending,False,awaiting-reviewed-reference,,,False,awaiting reviewed reference geometry,,,,
E6C2-11,9,664,E6C2-11.mp4,f3e315472d4fc703857cc217e622fed1087fd87c5d2c3edaa37d4ada4c0c9389,review-only-hybrid-loftr-direct-temporal-lattice-diamond-v1,pending,False,awaiting-reviewed-reference,,,False,awaiting reviewed reference geometry,,,,
E6C2-11,10,670,E6C2-11.mp4,f3e315472d4fc703857cc217e622fed1087fd87c5d2c3edaa37d4ada4c0c9389,review-only-hybrid-loftr-direct-temporal-lattice-diamond-v1,pending,False,awaiting-reviewed-reference,,,False,awaiting reviewed reference geometry,,,,
E6C2-11,11,676,E6C2-11.mp4,f3e315472d4fc703857cc217e622fed1087fd87c5d2c3edaa37d4ada4c0c9389,review-only-hybrid-loftr-direct-temporal-lattice-diamond-v1,pending,False,awaiting-reviewed-reference,,,False,awaiting reviewed reference geometry,,,,
E6C2-11,12,682,E6C2-11.mp4,f3e315472d4fc703857cc217e622fed1087fd87c5d2c3edaa37d4ada4c0c9389,review-only-hybrid-loftr-direct-temporal-lattice-diamond-v1,pending,False,awaiting-reviewed-reference,,,False,awaiting reviewed reference geometry,,,,
E6C2-11,13,688,E6C2-11.mp4,f3e315472d4fc703857cc217e622fed1087fd87c5d2c3edaa37d4ada4c0c9389,review-only-hybrid-loftr-direct-temporal-lattice-diamond-v1,pending,False,awaiting-reviewed-reference,,,False,awaiting reviewed reference geometry,,,,
E6C2-11,14,694,E6C2-11.mp4,f3e315472d4fc703857cc217e622fed1087fd87c5d2c3edaa37d4ada4c0c9389,review-only-hybrid-loftr-direct-temporal-lattice-diamond-v1,pending,False,awaiting-reviewed-reference,,,False,awaiting reviewed reference geometry,,,,
E6C2-11,15,700,E6C2-11.mp4,f3e315472d4fc703857cc217e622fed1087fd87c5d2c3edaa37d4ada4c0c9389,review-only-hybrid-loftr-direct-temporal-lattice-diamond-v1,pending,False,awaiting-reviewed-reference,,,False,awaiting reviewed reference geometry,,,,
E6C2-11,16,706,E6C2-11.mp4,f3e315472d4fc703857cc217e622fed1087fd87c5d2c3edaa37d4ada4c0c9389,review-only-hybrid-loftr-direct-temporal-lattice-diamond-v1,pending,False,awaiting-reviewed-reference,,,False,awaiting reviewed reference geometry,,,,
E6C2-11,17,712,E6C2-11.mp4,f3e315472d4fc703857cc217e622fed1087fd87c5d2c3edaa37d4ada4c0c9389,review-only-hybrid-loftr-direct-temporal-lattice-diamond-v1,pending,False,awaiting-reviewed-reference,,,False,awaiting reviewed reference geometry,,,,
E6C2-11,18,719,E6C2-11.mp4,f3e315472d4fc703857cc217e622fed1087fd87c5d2c3edaa37d4ada4c0c9389,review-only-hybrid-loftr-direct-temporal-lattice-diamond-v1,pending,False,awaiting-reviewed-reference,,,False,awaiting reviewed reference geometry,,,,
E6C2-11,19,723,E6C2-11.mp4,f3e315472d4fc703857cc217e622fed1087fd87c5d2c3edaa37d4ada4c0c9389,review-only-hybrid-loftr-direct-temporal-lattice-diamond-v1,pending,False,awaiting-reviewed-reference,,,False,awaiting reviewed reference geometry,,,,
E6C2-11,20,729,E6C2-11.mp4,f3e315472d4fc703857cc217e622fed1087fd87c5d2c3edaa37d4ada4c0c9389,review-only-hybrid-loftr-direct-temporal-lattice-diamond-v1,pending,False,awaiting-reviewed-reference,,,False,awaiting reviewed reference geometry,,,,
E6C2-11,21,736,E6C2-11.mp4,f3e315472d4fc703857cc217e622fed1087fd87c5d2c3edaa37d4ada4c0c9389,review-only-hybrid-loftr-direct-temporal-lattice-diamond-v1,pending,False,awaiting-reviewed-reference,,,False,awaiting reviewed reference geometry,,,,
E6C2-11,22,742,E6C2-11.mp4,f3e315472d4fc703857cc217e622fed1087fd87c5d2c3edaa37d4ada4c0c9389,review-only-hybrid-loftr-direct-temporal-lattice-diamond-v1,pending,False,awaiting-reviewed-reference,,,False,awaiting reviewed reference geometry,,,,
E6C2-11,23,748,E6C2-11.mp4,f3e315472d4fc703857cc217e622fed1087fd87c5d2c3edaa37d4ada4c0c9389,review-only-hybrid-loftr-direct-temporal-lattice-diamond-v1,pending,False,awaiting-reviewed-reference,,,False,awaiting reviewed reference geometry,,,,
E6C2-11,24,754,E6C2-11.mp4,f3e315472d4fc703857cc217e622fed1087fd87c5d2c3edaa37d4ada4c0c9389,review-only-hybrid-loftr-direct-temporal-lattice-diamond-v1,pending,False,awaiting-reviewed-reference,,,False,awaiting reviewed reference geometry,,,,
E6C2-11,25,760,E6C2-11.mp4,f3e315472d4fc703857cc217e622fed1087fd87c5d2c3edaa37d4ada4c0c9389,review-only-hybrid-loftr-direct-temporal-lattice-diamond-v1,pending,False,awaiting-reviewed-reference,,,False,awaiting reviewed reference geometry,,,,
E6C2-11,26,766,E6C2-11.mp4,f3e315472d4fc703857cc217e622fed1087fd87c5d2c3edaa37d4ada4c0c9389,review-only-hybrid-loftr-direct-temporal-lattice-diamond-v1,pending,False,awaiting-reviewed-reference,,,False,awaiting reviewed reference geometry,,,,
E6C2-11,27,772,E6C2-11.mp4,f3e315472d4fc703857cc217e622fed1087fd87c5d2c3edaa37d4ada4c0c9389,review-only-hybrid-loftr-direct-temporal-lattice-diamond-v1,pending,False,awaiting-reviewed-reference,,,False,awaiting reviewed reference geometry,,,,
E6C2-11,28,778,E6C2-11.mp4,f3e315472d4fc703857cc217e622fed1087fd87c5d2c3edaa37d4ada4c0c9389,review-only-hybrid-loftr-direct-temporal-lattice-diamond-v1,pending,False,awaiting-reviewed-reference,,,False,awaiting reviewed reference geometry,,,,
E6C2-11,29,784,E6C2-11.mp4,f3e315472d4fc703857cc217e622fed1087fd87c5d2c3edaa37d4ada4c0c9389,review-only-hybrid-loftr-direct-temporal-lattice-diamond-v1,pending,False,awaiting-reviewed-reference,,,False,awaiting reviewed reference geometry,,,,
E6C2-11,30,790,E6C2-11.mp4,f3e315472d4fc703857cc217e622fed1087fd87c5d2c3edaa37d4ada4c0c9389,review-only-hybrid-loftr-direct-temporal-lattice-diamond-v1,pending,False,awaiting-reviewed-reference,,,False,awaiting reviewed reference geometry,,,,
E6C2-11,31,795,E6C2-11.mp4,f3e315472d4fc703857cc217e622fed1087fd87c5d2c3edaa37d4ada4c0c9389,review-only-hybrid-loftr-direct-temporal-lattice-diamond-v1,pending,False,awaiting-reviewed-reference,,,False,awaiting reviewed reference geometry,,,,
E6C2-11,32,801,E6C2-11.mp4,f3e315472d4fc703857cc217e622fed1087fd87c5d2c3edaa37d4ada4c0c9389,review-only-hybrid-loftr-direct-temporal-lattice-diamond-v1,pending,False,awaiting-reviewed-reference,,,False,awaiting reviewed reference geometry,,,,
E6C2-1K,1,226,E6C2-1K zoomed.mp4,678cbc8989d975d610dfa69ff33385a02037ca794807a4aedda5e330a7f02325,review-only-hybrid-loftr-direct-temporal-lattice-diamond-v1,pending,False,reviewed-spike-seed; independent target review required,238,manually-reviewed-hybrid-spike-reference-v1,False,rejected: direct and temporal geometry disagree,,0.94,346,0.4908
E6C2-1K,2,227,E6C2-1K zoomed.mp4,678cbc8989d975d610dfa69ff33385a02037ca794807a4aedda5e330a7f02325,review-only-hybrid-loftr-direct-temporal-lattice-diamond-v1,pending,False,reviewed-spike-seed; independent target review required,238,manually-reviewed-hybrid-spike-reference-v1,False,rejected: direct and temporal geometry disagree,,0.7397,404,0.4406
E6C2-1K,3,238,E6C2-1K zoomed.mp4,678cbc8989d975d610dfa69ff33385a02037ca794807a4aedda5e330a7f02325,review-only-hybrid-loftr-direct-temporal-lattice-diamond-v1,pending,False,reviewed-spike-seed; independent target review required,238,manually-reviewed-hybrid-spike-reference-v1,False,reviewed reference seed; independent target review still required,reviewed reference seed,,,
E6C2-1K,4,244,E6C2-1K zoomed.mp4,678cbc8989d975d610dfa69ff33385a02037ca794807a4aedda5e330a7f02325,review-only-hybrid-loftr-direct-temporal-lattice-diamond-v1,pending,False,reviewed-spike-seed; independent target review required,238,manually-reviewed-hybrid-spike-reference-v1,True,consensus candidate; manual review required,all-feature temporal similarity chain,0.0395,481,0.5429
E6C2-1K,5,250,E6C2-1K zoomed.mp4,678cbc8989d975d610dfa69ff33385a02037ca794807a4aedda5e330a7f02325,review-only-hybrid-loftr-direct-temporal-lattice-diamond-v1,pending,False,reviewed-spike-seed; independent target review required,238,manually-reviewed-hybrid-spike-reference-v1,True,consensus candidate; manual review required,all-feature temporal similarity chain,0.0649,523,0.5831
E6C2-1K,6,251,E6C2-1K zoomed.mp4,678cbc8989d975d610dfa69ff33385a02037ca794807a4aedda5e330a7f02325,review-only-hybrid-loftr-direct-temporal-lattice-diamond-v1,pending,False,reviewed-spike-seed; independent target review required,238,manually-reviewed-hybrid-spike-reference-v1,True,consensus candidate; manual review required,all-feature temporal similarity chain,0.0322,397,0.4994
E6C2-1K,7,262,E6C2-1K zoomed.mp4,678cbc8989d975d610dfa69ff33385a02037ca794807a4aedda5e330a7f02325,review-only-hybrid-loftr-direct-temporal-lattice-diamond-v1,pending,False,reviewed-spike-seed; independent target review required,238,manually-reviewed-hybrid-spike-reference-v1,True,consensus candidate; manual review required,all-feature temporal similarity chain,0.0482,437,0.5727
E6C2-1K,8,264,E6C2-1K zoomed.mp4,678cbc8989d975d610dfa69ff33385a02037ca794807a4aedda5e330a7f02325,review-only-hybrid-loftr-direct-temporal-lattice-diamond-v1,pending,False,reviewed-spike-seed; independent target review required,238,manually-reviewed-hybrid-spike-reference-v1,True,consensus candidate; manual review required,all-feature temporal similarity chain,0.0833,437,0.5727
E6C2-1K,9,270,E6C2-1K zoomed.mp4,678cbc8989d975d610dfa69ff33385a02037ca794807a4aedda5e330a7f02325,review-only-hybrid-loftr-direct-temporal-lattice-diamond-v1,pending,False,reviewed-spike-seed; independent target review required,238,manually-reviewed-hybrid-spike-reference-v1,True,consensus candidate; manual review required,all-feature temporal similarity chain,0.0624,437,0.5727
E6C2-1K,10,275,E6C2-1K zoomed.mp4,678cbc8989d975d610dfa69ff33385a02037ca794807a4aedda5e330a7f02325,review-only-hybrid-loftr-direct-temporal-lattice-diamond-v1,pending,False,reviewed-spike-seed; independent target review required,238,manually-reviewed-hybrid-spike-reference-v1,True,consensus candidate; manual review required,all-feature temporal similarity chain,0.0463,437,0.4888
E6C2-1K,11,281,E6C2-1K zoomed.mp4,678cbc8989d975d610dfa69ff33385a02037ca794807a4aedda5e330a7f02325,review-only-hybrid-loftr-direct-temporal-lattice-diamond-v1,pending,False,reviewed-spike-seed; independent target review required,238,manually-reviewed-hybrid-spike-reference-v1,True,consensus candidate; manual review required,all-feature temporal similarity chain,0.0545,437,0.4968
E6C2-1K,12,287,E6C2-1K zoomed.mp4,678cbc8989d975d610dfa69ff33385a02037ca794807a4aedda5e330a7f02325,review-only-hybrid-loftr-direct-temporal-lattice-diamond-v1,pending,False,reviewed-spike-seed; independent target review required,238,manually-reviewed-hybrid-spike-reference-v1,True,consensus candidate; manual review required,all-feature temporal similarity chain,0.0528,437,0.5366
E6C2-1K,13,293,E6C2-1K zoomed.mp4,678cbc8989d975d610dfa69ff33385a02037ca794807a4aedda5e330a7f02325,review-only-hybrid-loftr-direct-temporal-lattice-diamond-v1,pending,False,reviewed-spike-seed; independent target review required,238,manually-reviewed-hybrid-spike-reference-v1,True,consensus candidate; manual review required,all-feature temporal similarity chain,0.0696,437,0.5078
E6C2-1K,14,299,E6C2-1K zoomed.mp4,678cbc8989d975d610dfa69ff33385a02037ca794807a4aedda5e330a7f02325,review-only-hybrid-loftr-direct-temporal-lattice-diamond-v1,pending,False,reviewed-spike-seed; independent target review required,238,manually-reviewed-hybrid-spike-reference-v1,True,consensus candidate; manual review required,all-feature temporal similarity chain,0.0584,437,0.5047
E6C2-1K,15,305,E6C2-1K zoomed.mp4,678cbc8989d975d610dfa69ff33385a02037ca794807a4aedda5e330a7f02325,review-only-hybrid-loftr-direct-temporal-lattice-diamond-v1,pending,False,reviewed-spike-seed; independent target review required,238,manually-reviewed-hybrid-spike-reference-v1,True,consensus candidate; manual review required,all-feature temporal similarity chain,0.0815,437,0.5366
E6C2-1K,16,310,E6C2-1K zoomed.mp4,678cbc8989d975d610dfa69ff33385a02037ca794807a4aedda5e330a7f02325,review-only-hybrid-loftr-direct-temporal-lattice-diamond-v1,pending,False,reviewed-spike-seed; independent target review required,238,manually-reviewed-hybrid-spike-reference-v1,True,consensus candidate; manual review required,all-feature temporal similarity chain,0.043,437,0.5366
E6C2-1K,17,317,E6C2-1K zoomed.mp4,678cbc8989d975d610dfa69ff33385a02037ca794807a4aedda5e330a7f02325,review-only-hybrid-loftr-direct-temporal-lattice-diamond-v1,pending,False,reviewed-spike-seed; independent target review required,238,manually-reviewed-hybrid-spike-reference-v1,True,consensus candidate; manual review required,all-feature temporal similarity chain,0.0474,437,0.4984
E6C2-1K,18,323,E6C2-1K zoomed.mp4,678cbc8989d975d610dfa69ff33385a02037ca794807a4aedda5e330a7f02325,review-only-hybrid-loftr-direct-temporal-lattice-diamond-v1,pending,False,reviewed-spike-seed; independent target review required,238,manually-reviewed-hybrid-spike-reference-v1,True,consensus candidate; manual review required,all-feature temporal similarity chain,0.0569,437,0.5366
E6C2-1K,19,329,E6C2-1K zoomed.mp4,678cbc8989d975d610dfa69ff33385a02037ca794807a4aedda5e330a7f02325,review-only-hybrid-loftr-direct-temporal-lattice-diamond-v1,pending,False,reviewed-spike-seed; independent target review required,238,manually-reviewed-hybrid-spike-reference-v1,True,consensus candidate; manual review required,all-feature temporal similarity chain,0.0682,437,0.5366
E6C2-1K,20,335,E6C2-1K zoomed.mp4,678cbc8989d975d610dfa69ff33385a02037ca794807a4aedda5e330a7f02325,review-only-hybrid-loftr-direct-temporal-lattice-diamond-v1,pending,False,reviewed-spike-seed; independent target review required,238,manually-reviewed-hybrid-spike-reference-v1,False,rejected: insufficient independent diamond support,,0.0786,437,0.5366
E6C2-1K,21,342,E6C2-1K zoomed.mp4,678cbc8989d975d610dfa69ff33385a02037ca794807a4aedda5e330a7f02325,review-only-hybrid-loftr-direct-temporal-lattice-diamond-v1,pending,False,reviewed-spike-seed; independent target review required,238,manually-reviewed-hybrid-spike-reference-v1,False,rejected: insufficient independent diamond support,,0.0506,437,0.5366
E6C2-1K,22,347,E6C2-1K zoomed.mp4,678cbc8989d975d610dfa69ff33385a02037ca794807a4aedda5e330a7f02325,review-only-hybrid-loftr-direct-temporal-lattice-diamond-v1,pending,False,reviewed-spike-seed; independent target review required,238,manually-reviewed-hybrid-spike-reference-v1,False,rejected: insufficient independent diamond support,,0.0941,437,0.5366
E6C2-1K,23,354,E6C2-1K zoomed.mp4,678cbc8989d975d610dfa69ff33385a02037ca794807a4aedda5e330a7f02325,review-only-hybrid-loftr-direct-temporal-lattice-diamond-v1,pending,False,reviewed-spike-seed; independent target review required,238,manually-reviewed-hybrid-spike-reference-v1,False,rejected: insufficient independent diamond support,,0.0718,437,0.5366
E6C2-1K,24,359,E6C2-1K zoomed.mp4,678cbc8989d975d610dfa69ff33385a02037ca794807a4aedda5e330a7f02325,review-only-hybrid-loftr-direct-temporal-lattice-diamond-v1,pending,False,reviewed-spike-seed; independent target review required,238,manually-reviewed-hybrid-spike-reference-v1,False,rejected: insufficient independent diamond support,,0.0565,437,0.5366
E6C2-1K,25,365,E6C2-1K zoomed.mp4,678cbc8989d975d610dfa69ff33385a02037ca794807a4aedda5e330a7f02325,review-only-hybrid-loftr-direct-temporal-lattice-diamond-v1,pending,False,reviewed-spike-seed; independent target review required,238,manually-reviewed-hybrid-spike-reference-v1,False,rejected: insufficient independent diamond support,,0.0513,437,0.5366
E6C2-1K,26,372,E6C2-1K zoomed.mp4,678cbc8989d975d610dfa69ff33385a02037ca794807a4aedda5e330a7f02325,review-only-hybrid-loftr-direct-temporal-lattice-diamond-v1,pending,False,reviewed-spike-seed; independent target review required,238,manually-reviewed-hybrid-spike-reference-v1,False,rejected: insufficient independent diamond support,,0.0781,437,0.5366
E6C2-1K,27,376,E6C2-1K zoomed.mp4,678cbc8989d975d610dfa69ff33385a02037ca794807a4aedda5e330a7f02325,review-only-hybrid-loftr-direct-temporal-lattice-diamond-v1,pending,False,reviewed-spike-seed; independent target review required,238,manually-reviewed-hybrid-spike-reference-v1,False,rejected: insufficient independent diamond support,,0.0734,437,0.5366
E6C2-1K,28,382,E6C2-1K zoomed.mp4,678cbc8989d975d610dfa69ff33385a02037ca794807a4aedda5e330a7f02325,review-only-hybrid-loftr-direct-temporal-lattice-diamond-v1,pending,False,reviewed-spike-seed; independent target review required,238,manually-reviewed-hybrid-spike-reference-v1,False,rejected: insufficient independent diamond support,,0.082,437,0.5366
E6C2-1K,29,389,E6C2-1K zoomed.mp4,678cbc8989d975d610dfa69ff33385a02037ca794807a4aedda5e330a7f02325,review-only-hybrid-loftr-direct-temporal-lattice-diamond-v1,pending,False,reviewed-spike-seed; independent target review required,238,manually-reviewed-hybrid-spike-reference-v1,False,rejected: carrier temporal chain unavailable,,0.0627,437,0.5366
E6C2-1K,30,396,E6C2-1K zoomed.mp4,678cbc8989d975d610dfa69ff33385a02037ca794807a4aedda5e330a7f02325,review-only-hybrid-loftr-direct-temporal-lattice-diamond-v1,pending,False,reviewed-spike-seed; independent target review required,238,manually-reviewed-hybrid-spike-reference-v1,False,rejected: carrier temporal chain unavailable,,0.0231,437,0.5366
E6C2-1N,1,701,E6C2-1N.mp4,1c949646ee39f4dca46d10651d9465ef48643580591b99f0579ab377d6c6dbef,review-only-hybrid-loftr-direct-temporal-lattice-diamond-v1,pending,False,awaiting-reviewed-reference,,,False,awaiting reviewed reference geometry,,,,
E6C2-1N,2,708,E6C2-1N.mp4,1c949646ee39f4dca46d10651d9465ef48643580591b99f0579ab377d6c6dbef,review-only-hybrid-loftr-direct-temporal-lattice-diamond-v1,pending,False,awaiting-reviewed-reference,,,False,awaiting reviewed reference geometry,,,,
E6C2-1N,3,713,E6C2-1N.mp4,1c949646ee39f4dca46d10651d9465ef48643580591b99f0579ab377d6c6dbef,review-only-hybrid-loftr-direct-temporal-lattice-diamond-v1,pending,False,awaiting-reviewed-reference,,,False,awaiting reviewed reference geometry,,,,
E6C2-1N,4,719,E6C2-1N.mp4,1c949646ee39f4dca46d10651d9465ef48643580591b99f0579ab377d6c6dbef,review-only-hybrid-loftr-direct-temporal-lattice-diamond-v1,pending,False,awaiting-reviewed-reference,,,False,awaiting reviewed reference geometry,,,,
E6C2-1N,5,725,E6C2-1N.mp4,1c949646ee39f4dca46d10651d9465ef48643580591b99f0579ab377d6c6dbef,review-only-hybrid-loftr-direct-temporal-lattice-diamond-v1,pending,False,awaiting-reviewed-reference,,,False,awaiting reviewed reference geometry,,,,
E6C2-1N,6,731,E6C2-1N.mp4,1c949646ee39f4dca46d10651d9465ef48643580591b99f0579ab377d6c6dbef,review-only-hybrid-loftr-direct-temporal-lattice-diamond-v1,pending,False,awaiting-reviewed-reference,,,False,awaiting reviewed reference geometry,,,,
E6C2-1N,7,737,E6C2-1N.mp4,1c949646ee39f4dca46d10651d9465ef48643580591b99f0579ab377d6c6dbef,review-only-hybrid-loftr-direct-temporal-lattice-diamond-v1,pending,False,awaiting-reviewed-reference,,,False,awaiting reviewed reference geometry,,,,
E6C2-1N,8,743,E6C2-1N.mp4,1c949646ee39f4dca46d10651d9465ef48643580591b99f0579ab377d6c6dbef,review-only-hybrid-loftr-direct-temporal-lattice-diamond-v1,pending,False,awaiting-reviewed-reference,,,False,awaiting reviewed reference geometry,,,,
E6C2-1N,9,749,E6C2-1N.mp4,1c949646ee39f4dca46d10651d9465ef48643580591b99f0579ab377d6c6dbef,review-only-hybrid-loftr-direct-temporal-lattice-diamond-v1,pending,False,awaiting-reviewed-reference,,,False,awaiting reviewed reference geometry,,,,
E6C2-1N,10,755,E6C2-1N.mp4,1c949646ee39f4dca46d10651d9465ef48643580591b99f0579ab377d6c6dbef,review-only-hybrid-loftr-direct-temporal-lattice-diamond-v1,pending,False,awaiting-reviewed-reference,,,False,awaiting reviewed reference geometry,,,,
E6C2-1N,11,761,E6C2-1N.mp4,1c949646ee39f4dca46d10651d9465ef48643580591b99f0579ab377d6c6dbef,review-only-hybrid-loftr-direct-temporal-lattice-diamond-v1,pending,False,awaiting-reviewed-reference,,,False,awaiting reviewed reference geometry,,,,
E6C2-1N,12,767,E6C2-1N.mp4,1c949646ee39f4dca46d10651d9465ef48643580591b99f0579ab377d6c6dbef,review-only-hybrid-loftr-direct-temporal-lattice-diamond-v1,pending,False,awaiting-reviewed-reference,,,False,awaiting reviewed reference geometry,,,,
E6C2-1N,13,773,E6C2-1N.mp4,1c949646ee39f4dca46d10651d9465ef48643580591b99f0579ab377d6c6dbef,review-only-hybrid-loftr-direct-temporal-lattice-diamond-v1,pending,False,awaiting-reviewed-reference,,,False,awaiting reviewed reference geometry,,,,
E6C2-1N,14,779,E6C2-1N.mp4,1c949646ee39f4dca46d10651d9465ef48643580591b99f0579ab377d6c6dbef,review-only-hybrid-loftr-direct-temporal-lattice-diamond-v1,pending,False,awaiting-reviewed-reference,,,False,awaiting reviewed reference geometry,,,,
E6C2-1N,15,786,E6C2-1N.mp4,1c949646ee39f4dca46d10651d9465ef48643580591b99f0579ab377d6c6dbef,review-only-hybrid-loftr-direct-temporal-lattice-diamond-v1,pending,False,awaiting-reviewed-reference,,,False,awaiting reviewed reference geometry,,,,
E6C2-1N,16,791,E6C2-1N.mp4,1c949646ee39f4dca46d10651d9465ef48643580591b99f0579ab377d6c6dbef,review-only-hybrid-loftr-direct-temporal-lattice-diamond-v1,pending,False,awaiting-reviewed-reference,,,False,awaiting reviewed reference geometry,,,,
E6C2-1N,17,797,E6C2-1N.mp4,1c949646ee39f4dca46d10651d9465ef48643580591b99f0579ab377d6c6dbef,review-only-hybrid-loftr-direct-temporal-lattice-diamond-v1,pending,False,awaiting-reviewed-reference,,,False,awaiting reviewed reference geometry,,,,
E6C2-1N,18,803,E6C2-1N.mp4,1c949646ee39f4dca46d10651d9465ef48643580591b99f0579ab377d6c6dbef,review-only-hybrid-loftr-direct-temporal-lattice-diamond-v1,pending,False,awaiting-reviewed-reference,,,False,awaiting reviewed reference geometry,,,,
E6C2-1N,19,809,E6C2-1N.mp4,1c949646ee39f4dca46d10651d9465ef48643580591b99f0579ab377d6c6dbef,review-only-hybrid-loftr-direct-temporal-lattice-diamond-v1,pending,False,awaiting-reviewed-reference,,,False,awaiting reviewed reference geometry,,,,
E6C2-1N,20,815,E6C2-1N.mp4,1c949646ee39f4dca46d10651d9465ef48643580591b99f0579ab377d6c6dbef,review-only-hybrid-loftr-direct-temporal-lattice-diamond-v1,pending,False,awaiting-reviewed-reference,,,False,awaiting reviewed reference geometry,,,,
E6C2-1N,21,821,E6C2-1N.mp4,1c949646ee39f4dca46d10651d9465ef48643580591b99f0579ab377d6c6dbef,review-only-hybrid-loftr-direct-temporal-lattice-diamond-v1,pending,False,awaiting-reviewed-reference,,,False,awaiting reviewed reference geometry,,,,
E6C2-1N,22,827,E6C2-1N.mp4,1c949646ee39f4dca46d10651d9465ef48643580591b99f0579ab377d6c6dbef,review-only-hybrid-loftr-direct-temporal-lattice-diamond-v1,pending,False,awaiting-reviewed-reference,,,False,awaiting reviewed reference geometry,,,,
E6C2-1N,23,833,E6C2-1N.mp4,1c949646ee39f4dca46d10651d9465ef48643580591b99f0579ab377d6c6dbef,review-only-hybrid-loftr-direct-temporal-lattice-diamond-v1,pending,False,awaiting-reviewed-reference,,,False,awaiting reviewed reference geometry,,,,
E6C2-1N,24,839,E6C2-1N.mp4,1c949646ee39f4dca46d10651d9465ef48643580591b99f0579ab377d6c6dbef,review-only-hybrid-loftr-direct-temporal-lattice-diamond-v1,pending,False,awaiting-reviewed-reference,,,False,awaiting reviewed reference geometry,,,,
E6C2-1N,25,845,E6C2-1N.mp4,1c949646ee39f4dca46d10651d9465ef48643580591b99f0579ab377d6c6dbef,review-only-hybrid-loftr-direct-temporal-lattice-diamond-v1,pending,False,awaiting-reviewed-reference,,,False,awaiting reviewed reference geometry,,,,
E6C2-1N,26,851,E6C2-1N.mp4,1c949646ee39f4dca46d10651d9465ef48643580591b99f0579ab377d6c6dbef,review-only-hybrid-loftr-direct-temporal-lattice-diamond-v1,pending,False,awaiting-reviewed-reference,,,False,awaiting reviewed reference geometry,,,,
E6C2-1N,27,857,E6C2-1N.mp4,1c949646ee39f4dca46d10651d9465ef48643580591b99f0579ab377d6c6dbef,review-only-hybrid-loftr-direct-temporal-lattice-diamond-v1,pending,False,awaiting-reviewed-reference,,,False,awaiting reviewed reference geometry,,,,
E6C2-1N,28,863,E6C2-1N.mp4,1c949646ee39f4dca46d10651d9465ef48643580591b99f0579ab377d6c6dbef,review-only-hybrid-loftr-direct-temporal-lattice-diamond-v1,pending,False,awaiting-reviewed-reference,,,False,awaiting reviewed reference geometry,,,,
E6C2-1N,29,869,E6C2-1N.mp4,1c949646ee39f4dca46d10651d9465ef48643580591b99f0579ab377d6c6dbef,review-only-hybrid-loftr-direct-temporal-lattice-diamond-v1,pending,False,awaiting-reviewed-reference,,,False,awaiting reviewed reference geometry,,,,
E6C2-N,1,880,E6C2-N.mp4,42e70b82c29615121b1b0029601f585d62b758c2f33947b816ec7c6510675da0,review-only-hybrid-loftr-direct-temporal-lattice-diamond-v1,pending,False,awaiting-reviewed-reference,,,False,awaiting reviewed reference geometry,,,,
E6C2-N,2,886,E6C2-N.mp4,42e70b82c29615121b1b0029601f585d62b758c2f33947b816ec7c6510675da0,review-only-hybrid-loftr-direct-temporal-lattice-diamond-v1,pending,False,awaiting-reviewed-reference,,,False,awaiting reviewed reference geometry,,,,
E6C2-N,3,892,E6C2-N.mp4,42e70b82c29615121b1b0029601f585d62b758c2f33947b816ec7c6510675da0,review-only-hybrid-loftr-direct-temporal-lattice-diamond-v1,pending,False,awaiting-reviewed-reference,,,False,awaiting reviewed reference geometry,,,,
E6C2-N,4,896,E6C2-N.mp4,42e70b82c29615121b1b0029601f585d62b758c2f33947b816ec7c6510675da0,review-only-hybrid-loftr-direct-temporal-lattice-diamond-v1,pending,False,awaiting-reviewed-reference,,,False,awaiting reviewed reference geometry,,,,
E6C2-N,5,899,E6C2-N.mp4,42e70b82c29615121b1b0029601f585d62b758c2f33947b816ec7c6510675da0,review-only-hybrid-loftr-direct-temporal-lattice-diamond-v1,pending,False,awaiting-reviewed-reference,,,False,awaiting reviewed reference geometry,,,,
E6C2-N,6,905,E6C2-N.mp4,42e70b82c29615121b1b0029601f585d62b758c2f33947b816ec7c6510675da0,review-only-hybrid-loftr-direct-temporal-lattice-diamond-v1,pending,False,awaiting-reviewed-reference,,,False,awaiting reviewed reference geometry,,,,
E6C2-N,7,911,E6C2-N.mp4,42e70b82c29615121b1b0029601f585d62b758c2f33947b816ec7c6510675da0,review-only-hybrid-loftr-direct-temporal-lattice-diamond-v1,pending,False,awaiting-reviewed-reference,,,False,awaiting reviewed reference geometry,,,,
E6C2-N,8,917,E6C2-N.mp4,42e70b82c29615121b1b0029601f585d62b758c2f33947b816ec7c6510675da0,review-only-hybrid-loftr-direct-temporal-lattice-diamond-v1,pending,False,awaiting-reviewed-reference,,,False,awaiting reviewed reference geometry,,,,
E6C2-N,9,923,E6C2-N.mp4,42e70b82c29615121b1b0029601f585d62b758c2f33947b816ec7c6510675da0,review-only-hybrid-loftr-direct-temporal-lattice-diamond-v1,pending,False,awaiting-reviewed-reference,,,False,awaiting reviewed reference geometry,,,,
E6C2-N,10,929,E6C2-N.mp4,42e70b82c29615121b1b0029601f585d62b758c2f33947b816ec7c6510675da0,review-only-hybrid-loftr-direct-temporal-lattice-diamond-v1,pending,False,awaiting-reviewed-reference,,,False,awaiting reviewed reference geometry,,,,
E6C2-N,11,935,E6C2-N.mp4,42e70b82c29615121b1b0029601f585d62b758c2f33947b816ec7c6510675da0,review-only-hybrid-loftr-direct-temporal-lattice-diamond-v1,pending,False,awaiting-reviewed-reference,,,False,awaiting reviewed reference geometry,,,,
E6C2-N,12,941,E6C2-N.mp4,42e70b82c29615121b1b0029601f585d62b758c2f33947b816ec7c6510675da0,review-only-hybrid-loftr-direct-temporal-lattice-diamond-v1,pending,False,awaiting-reviewed-reference,,,False,awaiting reviewed reference geometry,,,,
E6C2-N,13,947,E6C2-N.mp4,42e70b82c29615121b1b0029601f585d62b758c2f33947b816ec7c6510675da0,review-only-hybrid-loftr-direct-temporal-lattice-diamond-v1,pending,False,awaiting-reviewed-reference,,,False,awaiting reviewed reference geometry,,,,
E6C2-N,14,953,E6C2-N.mp4,42e70b82c29615121b1b0029601f585d62b758c2f33947b816ec7c6510675da0,review-only-hybrid-loftr-direct-temporal-lattice-diamond-v1,pending,False,awaiting-reviewed-reference,,,False,awaiting reviewed reference geometry,,,,
E6C2-N,15,959,E6C2-N.mp4,42e70b82c29615121b1b0029601f585d62b758c2f33947b816ec7c6510675da0,review-only-hybrid-loftr-direct-temporal-lattice-diamond-v1,pending,False,awaiting-reviewed-reference,,,False,awaiting reviewed reference geometry,,,,
E6C2-N,16,965,E6C2-N.mp4,42e70b82c29615121b1b0029601f585d62b758c2f33947b816ec7c6510675da0,review-only-hybrid-loftr-direct-temporal-lattice-diamond-v1,pending,False,awaiting-reviewed-reference,,,False,awaiting reviewed reference geometry,,,,
E6C2-N,17,971,E6C2-N.mp4,42e70b82c29615121b1b0029601f585d62b758c2f33947b816ec7c6510675da0,review-only-hybrid-loftr-direct-temporal-lattice-diamond-v1,pending,False,awaiting-reviewed-reference,,,False,awaiting reviewed reference geometry,,,,
E6C2-N,18,977,E6C2-N.mp4,42e70b82c29615121b1b0029601f585d62b758c2f33947b816ec7c6510675da0,review-only-hybrid-loftr-direct-temporal-lattice-diamond-v1,pending,False,awaiting-reviewed-reference,,,False,awaiting reviewed reference geometry,,,,
E6C2-N,19,986,E6C2-N.mp4,42e70b82c29615121b1b0029601f585d62b758c2f33947b816ec7c6510675da0,review-only-hybrid-loftr-direct-temporal-lattice-diamond-v1,pending,False,awaiting-reviewed-reference,,,False,awaiting reviewed reference geometry,,,,
E6C2-N,20,989,E6C2-N.mp4,42e70b82c29615121b1b0029601f585d62b758c2f33947b816ec7c6510675da0,review-only-hybrid-loftr-direct-temporal-lattice-diamond-v1,pending,False,awaiting-reviewed-reference,,,False,awaiting reviewed reference geometry,,,,
E6C2-N,21,995,E6C2-N.mp4,42e70b82c29615121b1b0029601f585d62b758c2f33947b816ec7c6510675da0,review-only-hybrid-loftr-direct-temporal-lattice-diamond-v1,pending,False,awaiting-reviewed-reference,,,False,awaiting reviewed reference geometry,,,,
E6C2-N,22,1001,E6C2-N.mp4,42e70b82c29615121b1b0029601f585d62b758c2f33947b816ec7c6510675da0,review-only-hybrid-loftr-direct-temporal-lattice-diamond-v1,pending,False,awaiting-reviewed-reference,,,False,awaiting reviewed reference geometry,,,,
E6C2-N,23,1007,E6C2-N.mp4,42e70b82c29615121b1b0029601f585d62b758c2f33947b816ec7c6510675da0,review-only-hybrid-loftr-direct-temporal-lattice-diamond-v1,pending,False,awaiting-reviewed-reference,,,False,awaiting reviewed reference geometry,,,,
E6C2-N,24,1013,E6C2-N.mp4,42e70b82c29615121b1b0029601f585d62b758c2f33947b816ec7c6510675da0,review-only-hybrid-loftr-direct-temporal-lattice-diamond-v1,pending,False,awaiting-reviewed-reference,,,False,awaiting reviewed reference geometry,,,,
E6C2-N,25,1019,E6C2-N.mp4,42e70b82c29615121b1b0029601f585d62b758c2f33947b816ec7c6510675da0,review-only-hybrid-loftr-direct-temporal-lattice-diamond-v1,pending,False,awaiting-reviewed-reference,,,False,awaiting reviewed reference geometry,,,,
E6C2-N,26,1026,E6C2-N.mp4,42e70b82c29615121b1b0029601f585d62b758c2f33947b816ec7c6510675da0,review-only-hybrid-loftr-direct-temporal-lattice-diamond-v1,pending,False,awaiting-reviewed-reference,,,False,awaiting reviewed reference geometry,,,,
E6C2-N,27,1031,E6C2-N.mp4,42e70b82c29615121b1b0029601f585d62b758c2f33947b816ec7c6510675da0,review-only-hybrid-loftr-direct-temporal-lattice-diamond-v1,pending,False,awaiting-reviewed-reference,,,False,awaiting reviewed reference geometry,,,,
E6C2-N,28,1037,E6C2-N.mp4,42e70b82c29615121b1b0029601f585d62b758c2f33947b816ec7c6510675da0,review-only-hybrid-loftr-direct-temporal-lattice-diamond-v1,pending,False,awaiting-reviewed-reference,,,False,awaiting reviewed reference geometry,,,,
E6C2-N,29,1043,E6C2-N.mp4,42e70b82c29615121b1b0029601f585d62b758c2f33947b816ec7c6510675da0,review-only-hybrid-loftr-direct-temporal-lattice-diamond-v1,pending,False,awaiting-reviewed-reference,,,False,awaiting reviewed reference geometry,,,,
E6C2-N,30,1049,E6C2-N.mp4,42e70b82c29615121b1b0029601f585d62b758c2f33947b816ec7c6510675da0,review-only-hybrid-loftr-direct-temporal-lattice-diamond-v1,pending,False,awaiting-reviewed-reference,,,False,awaiting reviewed reference geometry,,,,
E6C2-N,31,1055,E6C2-N.mp4,42e70b82c29615121b1b0029601f585d62b758c2f33947b816ec7c6510675da0,review-only-hybrid-loftr-direct-temporal-lattice-diamond-v1,pending,False,awaiting-reviewed-reference,,,False,awaiting reviewed reference geometry,,,,
E6C2-N,32,1061,E6C2-N.mp4,42e70b82c29615121b1b0029601f585d62b758c2f33947b816ec7c6510675da0,review-only-hybrid-loftr-direct-temporal-lattice-diamond-v1,pending,False,awaiting-reviewed-reference,,,False,awaiting reviewed reference geometry,,,,
E6C2-N,33,1067,E6C2-N.mp4,42e70b82c29615121b1b0029601f585d62b758c2f33947b816ec7c6510675da0,review-only-hybrid-loftr-direct-temporal-lattice-diamond-v1,pending,False,awaiting-reviewed-reference,,,False,awaiting reviewed reference geometry,,,,
E6C2-N,34,1073,E6C2-N.mp4,42e70b82c29615121b1b0029601f585d62b758c2f33947b816ec7c6510675da0,review-only-hybrid-loftr-direct-temporal-lattice-diamond-v1,pending,False,awaiting-reviewed-reference,,,False,awaiting reviewed reference geometry,,,,
E6C2-N,35,1079,E6C2-N.mp4,42e70b82c29615121b1b0029601f585d62b758c2f33947b816ec7c6510675da0,review-only-hybrid-loftr-direct-temporal-lattice-diamond-v1,pending,False,awaiting-reviewed-reference,,,False,awaiting reviewed reference geometry,,,,
E6C2-N,36,1085,E6C2-N.mp4,42e70b82c29615121b1b0029601f585d62b758c2f33947b816ec7c6510675da0,review-only-hybrid-loftr-direct-temporal-lattice-diamond-v1,pending,False,awaiting-reviewed-reference,,,False,awaiting reviewed reference geometry,,,,
E6C3-18,1,642,E6C3-18.mp4,386a94a292cc1ccd7c0955215b3ea035ec919668c05dea3ecde0e6b23bb0a69b,review-only-hybrid-loftr-direct-temporal-lattice-diamond-v1,pending,False,awaiting-reviewed-reference,,,False,awaiting reviewed reference geometry,,,,
E6C3-18,2,648,E6C3-18.mp4,386a94a292cc1ccd7c0955215b3ea035ec919668c05dea3ecde0e6b23bb0a69b,review-only-hybrid-loftr-direct-temporal-lattice-diamond-v1,pending,False,awaiting-reviewed-reference,,,False,awaiting reviewed reference geometry,,,,
E6C3-18,3,654,E6C3-18.mp4,386a94a292cc1ccd7c0955215b3ea035ec919668c05dea3ecde0e6b23bb0a69b,review-only-hybrid-loftr-direct-temporal-lattice-diamond-v1,pending,False,awaiting-reviewed-reference,,,False,awaiting reviewed reference geometry,,,,
E6C3-18,4,660,E6C3-18.mp4,386a94a292cc1ccd7c0955215b3ea035ec919668c05dea3ecde0e6b23bb0a69b,review-only-hybrid-loftr-direct-temporal-lattice-diamond-v1,pending,False,awaiting-reviewed-reference,,,False,awaiting reviewed reference geometry,,,,
E6C3-18,5,661,E6C3-18.mp4,386a94a292cc1ccd7c0955215b3ea035ec919668c05dea3ecde0e6b23bb0a69b,review-only-hybrid-loftr-direct-temporal-lattice-diamond-v1,pending,False,awaiting-reviewed-reference,,,False,awaiting reviewed reference geometry,,,,
E6C3-18,6,672,E6C3-18.mp4,386a94a292cc1ccd7c0955215b3ea035ec919668c05dea3ecde0e6b23bb0a69b,review-only-hybrid-loftr-direct-temporal-lattice-diamond-v1,pending,False,awaiting-reviewed-reference,,,False,awaiting reviewed reference geometry,,,,
E6C3-18,7,673,E6C3-18.mp4,386a94a292cc1ccd7c0955215b3ea035ec919668c05dea3ecde0e6b23bb0a69b,review-only-hybrid-loftr-direct-temporal-lattice-diamond-v1,pending,False,awaiting-reviewed-reference,,,False,awaiting reviewed reference geometry,,,,
E6C3-18,8,684,E6C3-18.mp4,386a94a292cc1ccd7c0955215b3ea035ec919668c05dea3ecde0e6b23bb0a69b,review-only-hybrid-loftr-direct-temporal-lattice-diamond-v1,pending,False,awaiting-reviewed-reference,,,False,awaiting reviewed reference geometry,,,,
E6C3-18,9,690,E6C3-18.mp4,386a94a292cc1ccd7c0955215b3ea035ec919668c05dea3ecde0e6b23bb0a69b,review-only-hybrid-loftr-direct-temporal-lattice-diamond-v1,pending,False,awaiting-reviewed-reference,,,False,awaiting reviewed reference geometry,,,,
E6C3-18,10,691,E6C3-18.mp4,386a94a292cc1ccd7c0955215b3ea035ec919668c05dea3ecde0e6b23bb0a69b,review-only-hybrid-loftr-direct-temporal-lattice-diamond-v1,pending,False,awaiting-reviewed-reference,,,False,awaiting reviewed reference geometry,,,,
E6C3-18,11,697,E6C3-18.mp4,386a94a292cc1ccd7c0955215b3ea035ec919668c05dea3ecde0e6b23bb0a69b,review-only-hybrid-loftr-direct-temporal-lattice-diamond-v1,pending,False,awaiting-reviewed-reference,,,False,awaiting reviewed reference geometry,,,,
E6C3-18,12,708,E6C3-18.mp4,386a94a292cc1ccd7c0955215b3ea035ec919668c05dea3ecde0e6b23bb0a69b,review-only-hybrid-loftr-direct-temporal-lattice-diamond-v1,pending,False,awaiting-reviewed-reference,,,False,awaiting reviewed reference geometry,,,,
E6C3-18,13,709,E6C3-18.mp4,386a94a292cc1ccd7c0955215b3ea035ec919668c05dea3ecde0e6b23bb0a69b,review-only-hybrid-loftr-direct-temporal-lattice-diamond-v1,pending,False,awaiting-reviewed-reference,,,False,awaiting reviewed reference geometry,,,,
E6C3-18,14,715,E6C3-18.mp4,386a94a292cc1ccd7c0955215b3ea035ec919668c05dea3ecde0e6b23bb0a69b,review-only-hybrid-loftr-direct-temporal-lattice-diamond-v1,pending,False,awaiting-reviewed-reference,,,False,awaiting reviewed reference geometry,,,,
E6C3-18,15,721,E6C3-18.mp4,386a94a292cc1ccd7c0955215b3ea035ec919668c05dea3ecde0e6b23bb0a69b,review-only-hybrid-loftr-direct-temporal-lattice-diamond-v1,pending,False,awaiting-reviewed-reference,,,False,awaiting reviewed reference geometry,,,,
E6C3-18,16,727,E6C3-18.mp4,386a94a292cc1ccd7c0955215b3ea035ec919668c05dea3ecde0e6b23bb0a69b,review-only-hybrid-loftr-direct-temporal-lattice-diamond-v1,pending,False,awaiting-reviewed-reference,,,False,awaiting reviewed reference geometry,,,,
E6C3-18,17,733,E6C3-18.mp4,386a94a292cc1ccd7c0955215b3ea035ec919668c05dea3ecde0e6b23bb0a69b,review-only-hybrid-loftr-direct-temporal-lattice-diamond-v1,pending,False,awaiting-reviewed-reference,,,False,awaiting reviewed reference geometry,,,,
E6C3-18,18,738,E6C3-18.mp4,386a94a292cc1ccd7c0955215b3ea035ec919668c05dea3ecde0e6b23bb0a69b,review-only-hybrid-loftr-direct-temporal-lattice-diamond-v1,pending,False,awaiting-reviewed-reference,,,False,awaiting reviewed reference geometry,,,,
E6C3-18,19,744,E6C3-18.mp4,386a94a292cc1ccd7c0955215b3ea035ec919668c05dea3ecde0e6b23bb0a69b,review-only-hybrid-loftr-direct-temporal-lattice-diamond-v1,pending,False,awaiting-reviewed-reference,,,False,awaiting reviewed reference geometry,,,,
E6C3-18,20,752,E6C3-18.mp4,386a94a292cc1ccd7c0955215b3ea035ec919668c05dea3ecde0e6b23bb0a69b,review-only-hybrid-loftr-direct-temporal-lattice-diamond-v1,pending,False,awaiting-reviewed-reference,,,False,awaiting reviewed reference geometry,,,,
E6C3-18,21,757,E6C3-18.mp4,386a94a292cc1ccd7c0955215b3ea035ec919668c05dea3ecde0e6b23bb0a69b,review-only-hybrid-loftr-direct-temporal-lattice-diamond-v1,pending,False,awaiting-reviewed-reference,,,False,awaiting reviewed reference geometry,,,,
E6C3-18,22,763,E6C3-18.mp4,386a94a292cc1ccd7c0955215b3ea035ec919668c05dea3ecde0e6b23bb0a69b,review-only-hybrid-loftr-direct-temporal-lattice-diamond-v1,pending,False,awaiting-reviewed-reference,,,False,awaiting reviewed reference geometry,,,,
E6C3-18,23,769,E6C3-18.mp4,386a94a292cc1ccd7c0955215b3ea035ec919668c05dea3ecde0e6b23bb0a69b,review-only-hybrid-loftr-direct-temporal-lattice-diamond-v1,pending,False,awaiting-reviewed-reference,,,False,awaiting reviewed reference geometry,,,,
E6C3-18,24,775,E6C3-18.mp4,386a94a292cc1ccd7c0955215b3ea035ec919668c05dea3ecde0e6b23bb0a69b,review-only-hybrid-loftr-direct-temporal-lattice-diamond-v1,pending,False,awaiting-reviewed-reference,,,False,awaiting reviewed reference geometry,,,,
E6C3-18,25,781,E6C3-18.mp4,386a94a292cc1ccd7c0955215b3ea035ec919668c05dea3ecde0e6b23bb0a69b,review-only-hybrid-loftr-direct-temporal-lattice-diamond-v1,pending,False,awaiting-reviewed-reference,,,False,awaiting reviewed reference geometry,,,,
E6C3-18,26,787,E6C3-18.mp4,386a94a292cc1ccd7c0955215b3ea035ec919668c05dea3ecde0e6b23bb0a69b,review-only-hybrid-loftr-direct-temporal-lattice-diamond-v1,pending,False,awaiting-reviewed-reference,,,False,awaiting reviewed reference geometry,,,,
E6C3-18,27,794,E6C3-18.mp4,386a94a292cc1ccd7c0955215b3ea035ec919668c05dea3ecde0e6b23bb0a69b,review-only-hybrid-loftr-direct-temporal-lattice-diamond-v1,pending,False,awaiting-reviewed-reference,,,False,awaiting reviewed reference geometry,,,,
E6C3-18,28,798,E6C3-18.mp4,386a94a292cc1ccd7c0955215b3ea035ec919668c05dea3ecde0e6b23bb0a69b,review-only-hybrid-loftr-direct-temporal-lattice-diamond-v1,pending,False,awaiting-reviewed-reference,,,False,awaiting reviewed reference geometry,,,,
E6C3-18,29,804,E6C3-18.mp4,386a94a292cc1ccd7c0955215b3ea035ec919668c05dea3ecde0e6b23bb0a69b,review-only-hybrid-loftr-direct-temporal-lattice-diamond-v1,pending,False,awaiting-reviewed-reference,,,False,awaiting reviewed reference geometry,,,,
E6C3-18,30,811,E6C3-18.mp4,386a94a292cc1ccd7c0955215b3ea035ec919668c05dea3ecde0e6b23bb0a69b,review-only-hybrid-loftr-direct-temporal-lattice-diamond-v1,pending,False,awaiting-reviewed-reference,,,False,awaiting reviewed reference geometry,,,,
E6C3-18,31,816,E6C3-18.mp4,386a94a292cc1ccd7c0955215b3ea035ec919668c05dea3ecde0e6b23bb0a69b,review-only-hybrid-loftr-direct-temporal-lattice-diamond-v1,pending,False,awaiting-reviewed-reference,,,False,awaiting reviewed reference geometry,,,,
E6C3-18,32,822,E6C3-18.mp4,386a94a292cc1ccd7c0955215b3ea035ec919668c05dea3ecde0e6b23bb0a69b,review-only-hybrid-loftr-direct-temporal-lattice-diamond-v1,pending,False,awaiting-reviewed-reference,,,False,awaiting reviewed reference geometry,,,,
E6C3-18,33,828,E6C3-18.mp4,386a94a292cc1ccd7c0955215b3ea035ec919668c05dea3ecde0e6b23bb0a69b,review-only-hybrid-loftr-direct-temporal-lattice-diamond-v1,pending,False,awaiting-reviewed-reference,,,False,awaiting reviewed reference geometry,,,,
E6C3-18,34,834,E6C3-18.mp4,386a94a292cc1ccd7c0955215b3ea035ec919668c05dea3ecde0e6b23bb0a69b,review-only-hybrid-loftr-direct-temporal-lattice-diamond-v1,pending,False,awaiting-reviewed-reference,,,False,awaiting reviewed reference geometry,,,,
E6C3-18,35,841,E6C3-18.mp4,386a94a292cc1ccd7c0955215b3ea035ec919668c05dea3ecde0e6b23bb0a69b,review-only-hybrid-loftr-direct-temporal-lattice-diamond-v1,pending,False,awaiting-reviewed-reference,,,False,awaiting reviewed reference geometry,,,,
E6C3-1L,1,740,E6C3-1L.mp4,3303c4db10a231ed51d89edb8e56932c233f1e62a5540639a31161d84db91d17,review-only-hybrid-loftr-direct-temporal-lattice-diamond-v1,pending,False,awaiting-reviewed-reference,,,False,awaiting reviewed reference geometry,,,,
E6C3-1L,2,746,E6C3-1L.mp4,3303c4db10a231ed51d89edb8e56932c233f1e62a5540639a31161d84db91d17,review-only-hybrid-loftr-direct-temporal-lattice-diamond-v1,pending,False,awaiting-reviewed-reference,,,False,awaiting reviewed reference geometry,,,,
E6C3-1L,3,750,E6C3-1L.mp4,3303c4db10a231ed51d89edb8e56932c233f1e62a5540639a31161d84db91d17,review-only-hybrid-loftr-direct-temporal-lattice-diamond-v1,pending,False,awaiting-reviewed-reference,,,False,awaiting reviewed reference geometry,,,,
E6C3-1L,4,758,E6C3-1L.mp4,3303c4db10a231ed51d89edb8e56932c233f1e62a5540639a31161d84db91d17,review-only-hybrid-loftr-direct-temporal-lattice-diamond-v1,pending,False,awaiting-reviewed-reference,,,False,awaiting reviewed reference geometry,,,,
E6C3-1L,5,759,E6C3-1L.mp4,3303c4db10a231ed51d89edb8e56932c233f1e62a5540639a31161d84db91d17,review-only-hybrid-loftr-direct-temporal-lattice-diamond-v1,pending,False,awaiting-reviewed-reference,,,False,awaiting reviewed reference geometry,,,,
E6C3-1L,6,770,E6C3-1L.mp4,3303c4db10a231ed51d89edb8e56932c233f1e62a5540639a31161d84db91d17,review-only-hybrid-loftr-direct-temporal-lattice-diamond-v1,pending,False,awaiting-reviewed-reference,,,False,awaiting reviewed reference geometry,,,,
E6C3-1L,7,770,E6C3-1L.mp4,3303c4db10a231ed51d89edb8e56932c233f1e62a5540639a31161d84db91d17,review-only-hybrid-loftr-direct-temporal-lattice-diamond-v1,pending,False,awaiting-reviewed-reference,,,False,awaiting reviewed reference geometry,,,,
E6C3-1L,8,776,E6C3-1L.mp4,3303c4db10a231ed51d89edb8e56932c233f1e62a5540639a31161d84db91d17,review-only-hybrid-loftr-direct-temporal-lattice-diamond-v1,pending,False,awaiting-reviewed-reference,,,False,awaiting reviewed reference geometry,,,,
E6C3-1L,9,782,E6C3-1L.mp4,3303c4db10a231ed51d89edb8e56932c233f1e62a5540639a31161d84db91d17,review-only-hybrid-loftr-direct-temporal-lattice-diamond-v1,pending,False,awaiting-reviewed-reference,,,False,awaiting reviewed reference geometry,,,,
E6C3-1L,10,789,E6C3-1L.mp4,3303c4db10a231ed51d89edb8e56932c233f1e62a5540639a31161d84db91d17,review-only-hybrid-loftr-direct-temporal-lattice-diamond-v1,pending,False,awaiting-reviewed-reference,,,False,awaiting reviewed reference geometry,,,,
E6C3-1L,11,795,E6C3-1L.mp4,3303c4db10a231ed51d89edb8e56932c233f1e62a5540639a31161d84db91d17,review-only-hybrid-loftr-direct-temporal-lattice-diamond-v1,pending,False,awaiting-reviewed-reference,,,False,awaiting reviewed reference geometry,,,,
E6C3-1L,12,801,E6C3-1L.mp4,3303c4db10a231ed51d89edb8e56932c233f1e62a5540639a31161d84db91d17,review-only-hybrid-loftr-direct-temporal-lattice-diamond-v1,pending,False,awaiting-reviewed-reference,,,False,awaiting reviewed reference geometry,,,,
E6C3-1L,13,806,E6C3-1L.mp4,3303c4db10a231ed51d89edb8e56932c233f1e62a5540639a31161d84db91d17,review-only-hybrid-loftr-direct-temporal-lattice-diamond-v1,pending,False,awaiting-reviewed-reference,,,False,awaiting reviewed reference geometry,,,,
E6C3-1L,14,812,E6C3-1L.mp4,3303c4db10a231ed51d89edb8e56932c233f1e62a5540639a31161d84db91d17,review-only-hybrid-loftr-direct-temporal-lattice-diamond-v1,pending,False,awaiting-reviewed-reference,,,False,awaiting reviewed reference geometry,,,,
E6C3-1L,15,818,E6C3-1L.mp4,3303c4db10a231ed51d89edb8e56932c233f1e62a5540639a31161d84db91d17,review-only-hybrid-loftr-direct-temporal-lattice-diamond-v1,pending,False,awaiting-reviewed-reference,,,False,awaiting reviewed reference geometry,,,,
E6C3-1L,16,819,E6C3-1L.mp4,3303c4db10a231ed51d89edb8e56932c233f1e62a5540639a31161d84db91d17,review-only-hybrid-loftr-direct-temporal-lattice-diamond-v1,pending,False,awaiting-reviewed-reference,,,False,awaiting reviewed reference geometry,,,,
E6C3-1L,17,825,E6C3-1L.mp4,3303c4db10a231ed51d89edb8e56932c233f1e62a5540639a31161d84db91d17,review-only-hybrid-loftr-direct-temporal-lattice-diamond-v1,pending,False,awaiting-reviewed-reference,,,False,awaiting reviewed reference geometry,,,,
E6C3-1L,18,836,E6C3-1L.mp4,3303c4db10a231ed51d89edb8e56932c233f1e62a5540639a31161d84db91d17,review-only-hybrid-loftr-direct-temporal-lattice-diamond-v1,pending,False,awaiting-reviewed-reference,,,False,awaiting reviewed reference geometry,,,,
E6C3-1L,19,842,E6C3-1L.mp4,3303c4db10a231ed51d89edb8e56932c233f1e62a5540639a31161d84db91d17,review-only-hybrid-loftr-direct-temporal-lattice-diamond-v1,pending,False,awaiting-reviewed-reference,,,False,awaiting reviewed reference geometry,,,,
E6C3-1L,20,848,E6C3-1L.mp4,3303c4db10a231ed51d89edb8e56932c233f1e62a5540639a31161d84db91d17,review-only-hybrid-loftr-direct-temporal-lattice-diamond-v1,pending,False,awaiting-reviewed-reference,,,False,awaiting reviewed reference geometry,,,,
E6C3-1L,21,853,E6C3-1L.mp4,3303c4db10a231ed51d89edb8e56932c233f1e62a5540639a31161d84db91d17,review-only-hybrid-loftr-direct-temporal-lattice-diamond-v1,pending,False,awaiting-reviewed-reference,,,False,awaiting reviewed reference geometry,,,,
E6C3-1L,22,860,E6C3-1L.mp4,3303c4db10a231ed51d89edb8e56932c233f1e62a5540639a31161d84db91d17,review-only-hybrid-loftr-direct-temporal-lattice-diamond-v1,pending,False,awaiting-reviewed-reference,,,False,awaiting reviewed reference geometry,,,,
E6C3-1L,23,866,E6C3-1L.mp4,3303c4db10a231ed51d89edb8e56932c233f1e62a5540639a31161d84db91d17,review-only-hybrid-loftr-direct-temporal-lattice-diamond-v1,pending,False,awaiting-reviewed-reference,,,False,awaiting reviewed reference geometry,,,,
E6C3-1L,24,870,E6C3-1L.mp4,3303c4db10a231ed51d89edb8e56932c233f1e62a5540639a31161d84db91d17,review-only-hybrid-loftr-direct-temporal-lattice-diamond-v1,pending,False,awaiting-reviewed-reference,,,False,awaiting reviewed reference geometry,,,,
E6C3-1L,25,878,E6C3-1L.mp4,3303c4db10a231ed51d89edb8e56932c233f1e62a5540639a31161d84db91d17,review-only-hybrid-loftr-direct-temporal-lattice-diamond-v1,pending,False,awaiting-reviewed-reference,,,False,awaiting reviewed reference geometry,,,,
E6C3-1L,26,879,E6C3-1L.mp4,3303c4db10a231ed51d89edb8e56932c233f1e62a5540639a31161d84db91d17,review-only-hybrid-loftr-direct-temporal-lattice-diamond-v1,pending,False,awaiting-reviewed-reference,,,False,awaiting reviewed reference geometry,,,,
E6C3-1L,27,885,E6C3-1L.mp4,3303c4db10a231ed51d89edb8e56932c233f1e62a5540639a31161d84db91d17,review-only-hybrid-loftr-direct-temporal-lattice-diamond-v1,pending,False,awaiting-reviewed-reference,,,False,awaiting reviewed reference geometry,,,,
E6C3-1L,28,891,E6C3-1L.mp4,3303c4db10a231ed51d89edb8e56932c233f1e62a5540639a31161d84db91d17,review-only-hybrid-loftr-direct-temporal-lattice-diamond-v1,pending,False,awaiting-reviewed-reference,,,False,awaiting reviewed reference geometry,,,,
E6C3-1L,29,897,E6C3-1L.mp4,3303c4db10a231ed51d89edb8e56932c233f1e62a5540639a31161d84db91d17,review-only-hybrid-loftr-direct-temporal-lattice-diamond-v1,pending,False,awaiting-reviewed-reference,,,False,awaiting reviewed reference geometry,,,,
E6C3-1L,30,903,E6C3-1L.mp4,3303c4db10a231ed51d89edb8e56932c233f1e62a5540639a31161d84db91d17,review-only-hybrid-loftr-direct-temporal-lattice-diamond-v1,pending,False,awaiting-reviewed-reference,,,False,awaiting reviewed reference geometry,,,,
E6C3-1L,31,909,E6C3-1L.mp4,3303c4db10a231ed51d89edb8e56932c233f1e62a5540639a31161d84db91d17,review-only-hybrid-loftr-direct-temporal-lattice-diamond-v1,pending,False,awaiting-reviewed-reference,,,False,awaiting reviewed reference geometry,,,,
E6C3-2,1,1105,E6C3-2.mp4,5e6b53437f718a3d8e20ddf313d66094816abd25f38568a4b686418ff1203790,review-only-hybrid-loftr-direct-temporal-lattice-diamond-v1,pending,False,awaiting-reviewed-reference,,,False,awaiting reviewed reference geometry,,,,
E6C3-2,2,1110,E6C3-2.mp4,5e6b53437f718a3d8e20ddf313d66094816abd25f38568a4b686418ff1203790,review-only-hybrid-loftr-direct-temporal-lattice-diamond-v1,pending,False,awaiting-reviewed-reference,,,False,awaiting reviewed reference geometry,,,,
E6C3-2,3,1114,E6C3-2.mp4,5e6b53437f718a3d8e20ddf313d66094816abd25f38568a4b686418ff1203790,review-only-hybrid-loftr-direct-temporal-lattice-diamond-v1,pending,False,awaiting-reviewed-reference,,,False,awaiting reviewed reference geometry,,,,
E6C3-2,4,1117,E6C3-2.mp4,5e6b53437f718a3d8e20ddf313d66094816abd25f38568a4b686418ff1203790,review-only-hybrid-loftr-direct-temporal-lattice-diamond-v1,pending,False,awaiting-reviewed-reference,,,False,awaiting reviewed reference geometry,,,,
E6C3-2,5,1123,E6C3-2.mp4,5e6b53437f718a3d8e20ddf313d66094816abd25f38568a4b686418ff1203790,review-only-hybrid-loftr-direct-temporal-lattice-diamond-v1,pending,False,awaiting-reviewed-reference,,,False,awaiting reviewed reference geometry,,,,
E6C3-2,6,1129,E6C3-2.mp4,5e6b53437f718a3d8e20ddf313d66094816abd25f38568a4b686418ff1203790,review-only-hybrid-loftr-direct-temporal-lattice-diamond-v1,pending,False,awaiting-reviewed-reference,,,False,awaiting reviewed reference geometry,,,,
E6C3-2,7,1135,E6C3-2.mp4,5e6b53437f718a3d8e20ddf313d66094816abd25f38568a4b686418ff1203790,review-only-hybrid-loftr-direct-temporal-lattice-diamond-v1,pending,False,awaiting-reviewed-reference,,,False,awaiting reviewed reference geometry,,,,
E6C3-2,8,1141,E6C3-2.mp4,5e6b53437f718a3d8e20ddf313d66094816abd25f38568a4b686418ff1203790,review-only-hybrid-loftr-direct-temporal-lattice-diamond-v1,pending,False,awaiting-reviewed-reference,,,False,awaiting reviewed reference geometry,,,,
E6C3-2,9,1147,E6C3-2.mp4,5e6b53437f718a3d8e20ddf313d66094816abd25f38568a4b686418ff1203790,review-only-hybrid-loftr-direct-temporal-lattice-diamond-v1,pending,False,awaiting-reviewed-reference,,,False,awaiting reviewed reference geometry,,,,
E6C3-2,10,1153,E6C3-2.mp4,5e6b53437f718a3d8e20ddf313d66094816abd25f38568a4b686418ff1203790,review-only-hybrid-loftr-direct-temporal-lattice-diamond-v1,pending,False,awaiting-reviewed-reference,,,False,awaiting reviewed reference geometry,,,,
E6C3-2,11,1159,E6C3-2.mp4,5e6b53437f718a3d8e20ddf313d66094816abd25f38568a4b686418ff1203790,review-only-hybrid-loftr-direct-temporal-lattice-diamond-v1,pending,False,awaiting-reviewed-reference,,,False,awaiting reviewed reference geometry,,,,
E6C3-2,12,1165,E6C3-2.mp4,5e6b53437f718a3d8e20ddf313d66094816abd25f38568a4b686418ff1203790,review-only-hybrid-loftr-direct-temporal-lattice-diamond-v1,pending,False,awaiting-reviewed-reference,,,False,awaiting reviewed reference geometry,,,,
E6C3-2,13,1172,E6C3-2.mp4,5e6b53437f718a3d8e20ddf313d66094816abd25f38568a4b686418ff1203790,review-only-hybrid-loftr-direct-temporal-lattice-diamond-v1,pending,False,awaiting-reviewed-reference,,,False,awaiting reviewed reference geometry,,,,
E6C3-2,14,1177,E6C3-2.mp4,5e6b53437f718a3d8e20ddf313d66094816abd25f38568a4b686418ff1203790,review-only-hybrid-loftr-direct-temporal-lattice-diamond-v1,pending,False,awaiting-reviewed-reference,,,False,awaiting reviewed reference geometry,,,,
E6C3-2,15,1183,E6C3-2.mp4,5e6b53437f718a3d8e20ddf313d66094816abd25f38568a4b686418ff1203790,review-only-hybrid-loftr-direct-temporal-lattice-diamond-v1,pending,False,awaiting-reviewed-reference,,,False,awaiting reviewed reference geometry,,,,
E6C3-2,16,1189,E6C3-2.mp4,5e6b53437f718a3d8e20ddf313d66094816abd25f38568a4b686418ff1203790,review-only-hybrid-loftr-direct-temporal-lattice-diamond-v1,pending,False,awaiting-reviewed-reference,,,False,awaiting reviewed reference geometry,,,,
E6C3-2,17,1195,E6C3-2.mp4,5e6b53437f718a3d8e20ddf313d66094816abd25f38568a4b686418ff1203790,review-only-hybrid-loftr-direct-temporal-lattice-diamond-v1,pending,False,awaiting-reviewed-reference,,,False,awaiting reviewed reference geometry,,,,
E6C3-2,18,1201,E6C3-2.mp4,5e6b53437f718a3d8e20ddf313d66094816abd25f38568a4b686418ff1203790,review-only-hybrid-loftr-direct-temporal-lattice-diamond-v1,pending,False,awaiting-reviewed-reference,,,False,awaiting reviewed reference geometry,,,,
E6C3-2,19,1207,E6C3-2.mp4,5e6b53437f718a3d8e20ddf313d66094816abd25f38568a4b686418ff1203790,review-only-hybrid-loftr-direct-temporal-lattice-diamond-v1,pending,False,awaiting-reviewed-reference,,,False,awaiting reviewed reference geometry,,,,
E6C3-2,20,1213,E6C3-2.mp4,5e6b53437f718a3d8e20ddf313d66094816abd25f38568a4b686418ff1203790,review-only-hybrid-loftr-direct-temporal-lattice-diamond-v1,pending,False,awaiting-reviewed-reference,,,False,awaiting reviewed reference geometry,,,,
E6C3-2,21,1219,E6C3-2.mp4,5e6b53437f718a3d8e20ddf313d66094816abd25f38568a4b686418ff1203790,review-only-hybrid-loftr-direct-temporal-lattice-diamond-v1,pending,False,awaiting-reviewed-reference,,,False,awaiting reviewed reference geometry,,,,
E6C3-2,22,1225,E6C3-2.mp4,5e6b53437f718a3d8e20ddf313d66094816abd25f38568a4b686418ff1203790,review-only-hybrid-loftr-direct-temporal-lattice-diamond-v1,pending,False,awaiting-reviewed-reference,,,False,awaiting reviewed reference geometry,,,,
E6C3-2,23,1231,E6C3-2.mp4,5e6b53437f718a3d8e20ddf313d66094816abd25f38568a4b686418ff1203790,review-only-hybrid-loftr-direct-temporal-lattice-diamond-v1,pending,False,awaiting-reviewed-reference,,,False,awaiting reviewed reference geometry,,,,
E6C3-2,24,1237,E6C3-2.mp4,5e6b53437f718a3d8e20ddf313d66094816abd25f38568a4b686418ff1203790,review-only-hybrid-loftr-direct-temporal-lattice-diamond-v1,pending,False,awaiting-reviewed-reference,,,False,awaiting reviewed reference geometry,,,,
E6C3-2,25,1243,E6C3-2.mp4,5e6b53437f718a3d8e20ddf313d66094816abd25f38568a4b686418ff1203790,review-only-hybrid-loftr-direct-temporal-lattice-diamond-v1,pending,False,awaiting-reviewed-reference,,,False,awaiting reviewed reference geometry,,,,
E6C3-2,26,1249,E6C3-2.mp4,5e6b53437f718a3d8e20ddf313d66094816abd25f38568a4b686418ff1203790,review-only-hybrid-loftr-direct-temporal-lattice-diamond-v1,pending,False,awaiting-reviewed-reference,,,False,awaiting reviewed reference geometry,,,,
E6C3-2,27,1255,E6C3-2.mp4,5e6b53437f718a3d8e20ddf313d66094816abd25f38568a4b686418ff1203790,review-only-hybrid-loftr-direct-temporal-lattice-diamond-v1,pending,False,awaiting-reviewed-reference,,,False,awaiting reviewed reference geometry,,,,
E6C3-2,28,1261,E6C3-2.mp4,5e6b53437f718a3d8e20ddf313d66094816abd25f38568a4b686418ff1203790,review-only-hybrid-loftr-direct-temporal-lattice-diamond-v1,pending,False,awaiting-reviewed-reference,,,False,awaiting reviewed reference geometry,,,,
E6C3-2,29,1267,E6C3-2.mp4,5e6b53437f718a3d8e20ddf313d66094816abd25f38568a4b686418ff1203790,review-only-hybrid-loftr-direct-temporal-lattice-diamond-v1,pending,False,awaiting-reviewed-reference,,,False,awaiting reviewed reference geometry,,,,
E6C3-9,1,1037,E6C3-9.mp4,108ebdce211af141a8154c19fc3377808f899516361d9a9668e5f74899839657,review-only-hybrid-loftr-direct-temporal-lattice-diamond-v1,pending,False,awaiting-reviewed-reference,,,False,awaiting reviewed reference geometry,,,,
E6C3-9,2,1043,E6C3-9.mp4,108ebdce211af141a8154c19fc3377808f899516361d9a9668e5f74899839657,review-only-hybrid-loftr-direct-temporal-lattice-diamond-v1,pending,False,awaiting-reviewed-reference,,,False,awaiting reviewed reference geometry,,,,
E6C3-9,3,1049,E6C3-9.mp4,108ebdce211af141a8154c19fc3377808f899516361d9a9668e5f74899839657,review-only-hybrid-loftr-direct-temporal-lattice-diamond-v1,pending,False,awaiting-reviewed-reference,,,False,awaiting reviewed reference geometry,,,,
E6C3-9,4,1056,E6C3-9.mp4,108ebdce211af141a8154c19fc3377808f899516361d9a9668e5f74899839657,review-only-hybrid-loftr-direct-temporal-lattice-diamond-v1,pending,False,awaiting-reviewed-reference,,,False,awaiting reviewed reference geometry,,,,
E6C3-9,5,1057,E6C3-9.mp4,108ebdce211af141a8154c19fc3377808f899516361d9a9668e5f74899839657,review-only-hybrid-loftr-direct-temporal-lattice-diamond-v1,pending,False,awaiting-reviewed-reference,,,False,awaiting reviewed reference geometry,,,,
E6C3-9,6,1063,E6C3-9.mp4,108ebdce211af141a8154c19fc3377808f899516361d9a9668e5f74899839657,review-only-hybrid-loftr-direct-temporal-lattice-diamond-v1,pending,False,awaiting-reviewed-reference,,,False,awaiting reviewed reference geometry,,,,
E6C3-9,7,1069,E6C3-9.mp4,108ebdce211af141a8154c19fc3377808f899516361d9a9668e5f74899839657,review-only-hybrid-loftr-direct-temporal-lattice-diamond-v1,pending,False,awaiting-reviewed-reference,,,False,awaiting reviewed reference geometry,,,,
E6C3-9,8,1074,E6C3-9.mp4,108ebdce211af141a8154c19fc3377808f899516361d9a9668e5f74899839657,review-only-hybrid-loftr-direct-temporal-lattice-diamond-v1,pending,False,awaiting-reviewed-reference,,,False,awaiting reviewed reference geometry,,,,
E6C3-9,9,1080,E6C3-9.mp4,108ebdce211af141a8154c19fc3377808f899516361d9a9668e5f74899839657,review-only-hybrid-loftr-direct-temporal-lattice-diamond-v1,pending,False,awaiting-reviewed-reference,,,False,awaiting reviewed reference geometry,,,,
E6C3-9,10,1087,E6C3-9.mp4,108ebdce211af141a8154c19fc3377808f899516361d9a9668e5f74899839657,review-only-hybrid-loftr-direct-temporal-lattice-diamond-v1,pending,False,awaiting-reviewed-reference,,,False,awaiting reviewed reference geometry,,,,
E6C3-9,11,1097,E6C3-9.mp4,108ebdce211af141a8154c19fc3377808f899516361d9a9668e5f74899839657,review-only-hybrid-loftr-direct-temporal-lattice-diamond-v1,pending,False,awaiting-reviewed-reference,,,False,awaiting reviewed reference geometry,,,,
E6C3-9,12,1098,E6C3-9.mp4,108ebdce211af141a8154c19fc3377808f899516361d9a9668e5f74899839657,review-only-hybrid-loftr-direct-temporal-lattice-diamond-v1,pending,False,awaiting-reviewed-reference,,,False,awaiting reviewed reference geometry,,,,
E6C3-9,13,1104,E6C3-9.mp4,108ebdce211af141a8154c19fc3377808f899516361d9a9668e5f74899839657,review-only-hybrid-loftr-direct-temporal-lattice-diamond-v1,pending,False,awaiting-reviewed-reference,,,False,awaiting reviewed reference geometry,,,,
E6C3-9,14,1110,E6C3-9.mp4,108ebdce211af141a8154c19fc3377808f899516361d9a9668e5f74899839657,review-only-hybrid-loftr-direct-temporal-lattice-diamond-v1,pending,False,awaiting-reviewed-reference,,,False,awaiting reviewed reference geometry,,,,
E6C3-9,15,1116,E6C3-9.mp4,108ebdce211af141a8154c19fc3377808f899516361d9a9668e5f74899839657,review-only-hybrid-loftr-direct-temporal-lattice-diamond-v1,pending,False,awaiting-reviewed-reference,,,False,awaiting reviewed reference geometry,,,,
E6C3-9,16,1122,E6C3-9.mp4,108ebdce211af141a8154c19fc3377808f899516361d9a9668e5f74899839657,review-only-hybrid-loftr-direct-temporal-lattice-diamond-v1,pending,False,awaiting-reviewed-reference,,,False,awaiting reviewed reference geometry,,,,
E6C3-9,17,1128,E6C3-9.mp4,108ebdce211af141a8154c19fc3377808f899516361d9a9668e5f74899839657,review-only-hybrid-loftr-direct-temporal-lattice-diamond-v1,pending,False,awaiting-reviewed-reference,,,False,awaiting reviewed reference geometry,,,,
E6C3-9,18,1134,E6C3-9.mp4,108ebdce211af141a8154c19fc3377808f899516361d9a9668e5f74899839657,review-only-hybrid-loftr-direct-temporal-lattice-diamond-v1,pending,False,awaiting-reviewed-reference,,,False,awaiting reviewed reference geometry,,,,
E6C3-9,19,1140,E6C3-9.mp4,108ebdce211af141a8154c19fc3377808f899516361d9a9668e5f74899839657,review-only-hybrid-loftr-direct-temporal-lattice-diamond-v1,pending,False,awaiting-reviewed-reference,,,False,awaiting reviewed reference geometry,,,,
E6C3-9,20,1146,E6C3-9.mp4,108ebdce211af141a8154c19fc3377808f899516361d9a9668e5f74899839657,review-only-hybrid-loftr-direct-temporal-lattice-diamond-v1,pending,False,awaiting-reviewed-reference,,,False,awaiting reviewed reference geometry,,,,
E6C3-9,21,1152,E6C3-9.mp4,108ebdce211af141a8154c19fc3377808f899516361d9a9668e5f74899839657,review-only-hybrid-loftr-direct-temporal-lattice-diamond-v1,pending,False,awaiting-reviewed-reference,,,False,awaiting reviewed reference geometry,,,,
E6C3-9,22,1158,E6C3-9.mp4,108ebdce211af141a8154c19fc3377808f899516361d9a9668e5f74899839657,review-only-hybrid-loftr-direct-temporal-lattice-diamond-v1,pending,False,awaiting-reviewed-reference,,,False,awaiting reviewed reference geometry,,,,
E6C3-9,23,1164,E6C3-9.mp4,108ebdce211af141a8154c19fc3377808f899516361d9a9668e5f74899839657,review-only-hybrid-loftr-direct-temporal-lattice-diamond-v1,pending,False,awaiting-reviewed-reference,,,False,awaiting reviewed reference geometry,,,,
E6C3-9,24,1170,E6C3-9.mp4,108ebdce211af141a8154c19fc3377808f899516361d9a9668e5f74899839657,review-only-hybrid-loftr-direct-temporal-lattice-diamond-v1,pending,False,awaiting-reviewed-reference,,,False,awaiting reviewed reference geometry,,,,
E6C3-9,25,1176,E6C3-9.mp4,108ebdce211af141a8154c19fc3377808f899516361d9a9668e5f74899839657,review-only-hybrid-loftr-direct-temporal-lattice-diamond-v1,pending,False,awaiting-reviewed-reference,,,False,awaiting reviewed reference geometry,,,,
E6C3-9,26,1182,E6C3-9.mp4,108ebdce211af141a8154c19fc3377808f899516361d9a9668e5f74899839657,review-only-hybrid-loftr-direct-temporal-lattice-diamond-v1,pending,False,awaiting-reviewed-reference,,,False,awaiting reviewed reference geometry,,,,
E6C3-9,27,1188,E6C3-9.mp4,108ebdce211af141a8154c19fc3377808f899516361d9a9668e5f74899839657,review-only-hybrid-loftr-direct-temporal-lattice-diamond-v1,pending,False,awaiting-reviewed-reference,,,False,awaiting reviewed reference geometry,,,,
E6C3-9,28,1194,E6C3-9.mp4,108ebdce211af141a8154c19fc3377808f899516361d9a9668e5f74899839657,review-only-hybrid-loftr-direct-temporal-lattice-diamond-v1,pending,False,awaiting-reviewed-reference,,,False,awaiting reviewed reference geometry,,,,
E6C3-9,29,1200,E6C3-9.mp4,108ebdce211af141a8154c19fc3377808f899516361d9a9668e5f74899839657,review-only-hybrid-loftr-direct-temporal-lattice-diamond-v1,pending,False,awaiting-reviewed-reference,,,False,awaiting reviewed reference geometry,,,,
E6C3-9,30,1208,E6C3-9.mp4,108ebdce211af141a8154c19fc3377808f899516361d9a9668e5f74899839657,review-only-hybrid-loftr-direct-temporal-lattice-diamond-v1,pending,False,awaiting-reviewed-reference,,,False,awaiting reviewed reference geometry,,,,
E6C3-9,31,1211,E6C3-9.mp4,108ebdce211af141a8154c19fc3377808f899516361d9a9668e5f74899839657,review-only-hybrid-loftr-direct-temporal-lattice-diamond-v1,pending,False,awaiting-reviewed-reference,,,False,awaiting reviewed reference geometry,,,,
E6C3-9,32,1218,E6C3-9.mp4,108ebdce211af141a8154c19fc3377808f899516361d9a9668e5f74899839657,review-only-hybrid-loftr-direct-temporal-lattice-diamond-v1,pending,False,awaiting-reviewed-reference,,,False,awaiting reviewed reference geometry,,,,
E6C3-9,33,1225,E6C3-9.mp4,108ebdce211af141a8154c19fc3377808f899516361d9a9668e5f74899839657,review-only-hybrid-loftr-direct-temporal-lattice-diamond-v1,pending,False,awaiting-reviewed-reference,,,False,awaiting reviewed reference geometry,,,,
E6C3-9,34,1230,E6C3-9.mp4,108ebdce211af141a8154c19fc3377808f899516361d9a9668e5f74899839657,review-only-hybrid-loftr-direct-temporal-lattice-diamond-v1,pending,False,awaiting-reviewed-reference,,,False,awaiting reviewed reference geometry,,,,
E6C3-9,35,1237,E6C3-9.mp4,108ebdce211af141a8154c19fc3377808f899516361d9a9668e5f74899839657,review-only-hybrid-loftr-direct-temporal-lattice-diamond-v1,pending,False,awaiting-reviewed-reference,,,False,awaiting reviewed reference geometry,,,,
E6C3-9,36,1242,E6C3-9.mp4,108ebdce211af141a8154c19fc3377808f899516361d9a9668e5f74899839657,review-only-hybrid-loftr-direct-temporal-lattice-diamond-v1,pending,False,awaiting-reviewed-reference,,,False,awaiting reviewed reference geometry,,,,
E6C4-13,1,415,E6C4-13.mp4,4362933796f3b31683f7831238a5f72f7b8419779d252bea9a139a52e87b823f,review-only-hybrid-loftr-direct-temporal-lattice-diamond-v1,pending,False,reviewed-spike-seed; independent target review required,415,manually-reviewed-hybrid-spike-reference-v1,False,reviewed reference seed; independent target review still required,reviewed reference seed,,,
E6C4-13,2,420,E6C4-13.mp4,4362933796f3b31683f7831238a5f72f7b8419779d252bea9a139a52e87b823f,review-only-hybrid-loftr-direct-temporal-lattice-diamond-v1,pending,False,reviewed-spike-seed; independent target review required,415,manually-reviewed-hybrid-spike-reference-v1,False,rejected: direct and temporal geometry disagree,,0.8289,498,0.3813
E6C4-13,3,424,E6C4-13.mp4,4362933796f3b31683f7831238a5f72f7b8419779d252bea9a139a52e87b823f,review-only-hybrid-loftr-direct-temporal-lattice-diamond-v1,pending,False,reviewed-spike-seed; independent target review required,415,manually-reviewed-hybrid-spike-reference-v1,False,rejected: direct and temporal geometry disagree,,0.8977,727,0.5318
E6C4-13,4,429,E6C4-13.mp4,4362933796f3b31683f7831238a5f72f7b8419779d252bea9a139a52e87b823f,review-only-hybrid-loftr-direct-temporal-lattice-diamond-v1,pending,False,reviewed-spike-seed; independent target review required,415,manually-reviewed-hybrid-spike-reference-v1,True,consensus candidate; manual review required,all-feature temporal similarity chain,0.0434,748,0.5862
E6C4-13,5,430,E6C4-13.mp4,4362933796f3b31683f7831238a5f72f7b8419779d252bea9a139a52e87b823f,review-only-hybrid-loftr-direct-temporal-lattice-diamond-v1,pending,False,reviewed-spike-seed; independent target review required,415,manually-reviewed-hybrid-spike-reference-v1,True,consensus candidate; manual review required,all-feature temporal similarity chain,0.0388,708,0.6051
E6C4-13,6,439,E6C4-13.mp4,4362933796f3b31683f7831238a5f72f7b8419779d252bea9a139a52e87b823f,review-only-hybrid-loftr-direct-temporal-lattice-diamond-v1,pending,False,reviewed-spike-seed; independent target review required,415,manually-reviewed-hybrid-spike-reference-v1,True,consensus candidate; manual review required,all-feature temporal similarity chain,0.0478,675,0.6043
E6C4-13,7,444,E6C4-13.mp4,4362933796f3b31683f7831238a5f72f7b8419779d252bea9a139a52e87b823f,review-only-hybrid-loftr-direct-temporal-lattice-diamond-v1,pending,False,reviewed-spike-seed; independent target review required,415,manually-reviewed-hybrid-spike-reference-v1,True,consensus candidate; manual review required,all-feature temporal similarity chain,0.0893,675,0.6043
E6C4-13,8,445,E6C4-13.mp4,4362933796f3b31683f7831238a5f72f7b8419779d252bea9a139a52e87b823f,review-only-hybrid-loftr-direct-temporal-lattice-diamond-v1,pending,False,reviewed-spike-seed; independent target review required,415,manually-reviewed-hybrid-spike-reference-v1,True,consensus candidate; manual review required,all-feature temporal similarity chain,0.0911,675,0.6043
E6C4-13,9,450,E6C4-13.mp4,4362933796f3b31683f7831238a5f72f7b8419779d252bea9a139a52e87b823f,review-only-hybrid-loftr-direct-temporal-lattice-diamond-v1,pending,False,reviewed-spike-seed; independent target review required,415,manually-reviewed-hybrid-spike-reference-v1,True,consensus candidate; manual review required,all-feature temporal similarity chain,0.1114,675,0.6043
E6C4-13,10,455,E6C4-13.mp4,4362933796f3b31683f7831238a5f72f7b8419779d252bea9a139a52e87b823f,review-only-hybrid-loftr-direct-temporal-lattice-diamond-v1,pending,False,reviewed-spike-seed; independent target review required,415,manually-reviewed-hybrid-spike-reference-v1,True,consensus candidate; manual review required,all-feature temporal similarity chain,0.0337,675,0.6043
E6C4-13,11,460,E6C4-13.mp4,4362933796f3b31683f7831238a5f72f7b8419779d252bea9a139a52e87b823f,review-only-hybrid-loftr-direct-temporal-lattice-diamond-v1,pending,False,reviewed-spike-seed; independent target review required,415,manually-reviewed-hybrid-spike-reference-v1,True,consensus candidate; manual review required,all-feature temporal similarity chain,0.0528,675,0.6043
E6C4-13,12,465,E6C4-13.mp4,4362933796f3b31683f7831238a5f72f7b8419779d252bea9a139a52e87b823f,review-only-hybrid-loftr-direct-temporal-lattice-diamond-v1,pending,False,reviewed-spike-seed; independent target review required,415,manually-reviewed-hybrid-spike-reference-v1,True,consensus candidate; manual review required,all-feature temporal similarity chain,0.0651,675,0.6043
E6C4-13,13,479,E6C4-13.mp4,4362933796f3b31683f7831238a5f72f7b8419779d252bea9a139a52e87b823f,review-only-hybrid-loftr-direct-temporal-lattice-diamond-v1,pending,False,reviewed-spike-seed; independent target review required,415,manually-reviewed-hybrid-spike-reference-v1,True,consensus candidate; manual review required,all-feature temporal similarity chain,0.0345,675,0.6043
E6C4-13,14,484,E6C4-13.mp4,4362933796f3b31683f7831238a5f72f7b8419779d252bea9a139a52e87b823f,review-only-hybrid-loftr-direct-temporal-lattice-diamond-v1,pending,False,reviewed-spike-seed; independent target review required,415,manually-reviewed-hybrid-spike-reference-v1,True,consensus candidate; manual review required,all-feature temporal similarity chain,0.0497,675,0.6043
E6C4-13,15,489,E6C4-13.mp4,4362933796f3b31683f7831238a5f72f7b8419779d252bea9a139a52e87b823f,review-only-hybrid-loftr-direct-temporal-lattice-diamond-v1,pending,False,reviewed-spike-seed; independent target review required,415,manually-reviewed-hybrid-spike-reference-v1,True,consensus candidate; manual review required,all-feature temporal similarity chain,0.0669,675,0.6043
E6C4-13,16,494,E6C4-13.mp4,4362933796f3b31683f7831238a5f72f7b8419779d252bea9a139a52e87b823f,review-only-hybrid-loftr-direct-temporal-lattice-diamond-v1,pending,False,reviewed-spike-seed; independent target review required,415,manually-reviewed-hybrid-spike-reference-v1,True,consensus candidate; manual review required,all-feature temporal similarity chain,0.1077,675,0.6043
E6C4-13,17,499,E6C4-13.mp4,4362933796f3b31683f7831238a5f72f7b8419779d252bea9a139a52e87b823f,review-only-hybrid-loftr-direct-temporal-lattice-diamond-v1,pending,False,reviewed-spike-seed; independent target review required,415,manually-reviewed-hybrid-spike-reference-v1,True,consensus candidate; manual review required,all-feature temporal similarity chain,0.0606,675,0.6043
E6C4-13,18,504,E6C4-13.mp4,4362933796f3b31683f7831238a5f72f7b8419779d252bea9a139a52e87b823f,review-only-hybrid-loftr-direct-temporal-lattice-diamond-v1,pending,False,reviewed-spike-seed; independent target review required,415,manually-reviewed-hybrid-spike-reference-v1,True,consensus candidate; manual review required,all-feature temporal similarity chain,0.0395,675,0.6043
E6C4-13,19,509,E6C4-13.mp4,4362933796f3b31683f7831238a5f72f7b8419779d252bea9a139a52e87b823f,review-only-hybrid-loftr-direct-temporal-lattice-diamond-v1,pending,False,reviewed-spike-seed; independent target review required,415,manually-reviewed-hybrid-spike-reference-v1,True,consensus candidate; manual review required,all-feature temporal similarity chain,0.06,675,0.6043
E6C4-13,20,514,E6C4-13.mp4,4362933796f3b31683f7831238a5f72f7b8419779d252bea9a139a52e87b823f,review-only-hybrid-loftr-direct-temporal-lattice-diamond-v1,pending,False,reviewed-spike-seed; independent target review required,415,manually-reviewed-hybrid-spike-reference-v1,True,consensus candidate; manual review required,all-feature temporal similarity chain,0.0813,675,0.6043
E6C4-13,21,519,E6C4-13.mp4,4362933796f3b31683f7831238a5f72f7b8419779d252bea9a139a52e87b823f,review-only-hybrid-loftr-direct-temporal-lattice-diamond-v1,pending,False,reviewed-spike-seed; independent target review required,415,manually-reviewed-hybrid-spike-reference-v1,True,consensus candidate; manual review required,all-feature temporal similarity chain,0.1043,675,0.6043
E6C4-13,22,526,E6C4-13.mp4,4362933796f3b31683f7831238a5f72f7b8419779d252bea9a139a52e87b823f,review-only-hybrid-loftr-direct-temporal-lattice-diamond-v1,pending,False,reviewed-spike-seed; independent target review required,415,manually-reviewed-hybrid-spike-reference-v1,True,consensus candidate; manual review required,all-feature temporal similarity chain,0.051,675,0.5772
E6C4-13,23,527,E6C4-13.mp4,4362933796f3b31683f7831238a5f72f7b8419779d252bea9a139a52e87b823f,review-only-hybrid-loftr-direct-temporal-lattice-diamond-v1,pending,False,reviewed-spike-seed; independent target review required,415,manually-reviewed-hybrid-spike-reference-v1,True,consensus candidate; manual review required,all-feature temporal similarity chain,0.0497,675,0.5611
E6C4-13,24,532,E6C4-13.mp4,4362933796f3b31683f7831238a5f72f7b8419779d252bea9a139a52e87b823f,review-only-hybrid-loftr-direct-temporal-lattice-diamond-v1,pending,False,reviewed-spike-seed; independent target review required,415,manually-reviewed-hybrid-spike-reference-v1,True,consensus candidate; manual review required,all-feature temporal similarity chain,0.0635,675,0.6043
E6C4-13,25,537,E6C4-13.mp4,4362933796f3b31683f7831238a5f72f7b8419779d252bea9a139a52e87b823f,review-only-hybrid-loftr-direct-temporal-lattice-diamond-v1,pending,False,reviewed-spike-seed; independent target review required,415,manually-reviewed-hybrid-spike-reference-v1,True,consensus candidate; manual review required,all-feature temporal similarity chain,0.0946,675,0.6043
E6C4-16,1,491,E6C4-16.mp4,89cbadc01206d71a83e5cb15854f5206d179c323afb374980e7293a9a027c33b,review-only-hybrid-loftr-direct-temporal-lattice-diamond-v1,pending,False,reviewed-spike-seed; independent target review required,491,manually-reviewed-hybrid-spike-reference-v1,False,reviewed reference seed; independent target review still required,reviewed reference seed,,,
E6C4-16,2,496,E6C4-16.mp4,89cbadc01206d71a83e5cb15854f5206d179c323afb374980e7293a9a027c33b,review-only-hybrid-loftr-direct-temporal-lattice-diamond-v1,pending,False,reviewed-spike-seed; independent target review required,491,manually-reviewed-hybrid-spike-reference-v1,True,consensus candidate; manual review required,all-feature temporal similarity chain,0.0209,2421,0.8573
E6C4-16,3,502,E6C4-16.mp4,89cbadc01206d71a83e5cb15854f5206d179c323afb374980e7293a9a027c33b,review-only-hybrid-loftr-direct-temporal-lattice-diamond-v1,pending,False,reviewed-spike-seed; independent target review required,491,manually-reviewed-hybrid-spike-reference-v1,True,consensus candidate; manual review required,all-feature temporal similarity chain,0.042,1378,0.6451
E6C4-16,4,508,E6C4-16.mp4,89cbadc01206d71a83e5cb15854f5206d179c323afb374980e7293a9a027c33b,review-only-hybrid-loftr-direct-temporal-lattice-diamond-v1,pending,False,reviewed-spike-seed; independent target review required,491,manually-reviewed-hybrid-spike-reference-v1,True,consensus candidate; manual review required,all-feature temporal similarity chain,0.0209,1398,0.714
E6C4-16,5,514,E6C4-16.mp4,89cbadc01206d71a83e5cb15854f5206d179c323afb374980e7293a9a027c33b,review-only-hybrid-loftr-direct-temporal-lattice-diamond-v1,pending,False,reviewed-spike-seed; independent target review required,491,manually-reviewed-hybrid-spike-reference-v1,True,consensus candidate; manual review required,all-feature temporal similarity chain,0.0265,1005,0.6258
E6C4-16,6,514,E6C4-16.mp4,89cbadc01206d71a83e5cb15854f5206d179c323afb374980e7293a9a027c33b,review-only-hybrid-loftr-direct-temporal-lattice-diamond-v1,pending,False,reviewed-spike-seed; independent target review required,491,manually-reviewed-hybrid-spike-reference-v1,True,consensus candidate; manual review required,all-feature temporal similarity chain,0.0265,1005,0.6258
E6C4-16,7,520,E6C4-16.mp4,89cbadc01206d71a83e5cb15854f5206d179c323afb374980e7293a9a027c33b,review-only-hybrid-loftr-direct-temporal-lattice-diamond-v1,pending,False,reviewed-spike-seed; independent target review required,491,manually-reviewed-hybrid-spike-reference-v1,True,consensus candidate; manual review required,all-feature temporal similarity chain,0.0332,918,0.5243
E6C4-16,8,526,E6C4-16.mp4,89cbadc01206d71a83e5cb15854f5206d179c323afb374980e7293a9a027c33b,review-only-hybrid-loftr-direct-temporal-lattice-diamond-v1,pending,False,reviewed-spike-seed; independent target review required,491,manually-reviewed-hybrid-spike-reference-v1,True,consensus candidate; manual review required,all-feature temporal similarity chain,0.0129,918,0.5243
E6C4-16,9,532,E6C4-16.mp4,89cbadc01206d71a83e5cb15854f5206d179c323afb374980e7293a9a027c33b,review-only-hybrid-loftr-direct-temporal-lattice-diamond-v1,pending,False,reviewed-spike-seed; independent target review required,491,manually-reviewed-hybrid-spike-reference-v1,True,consensus candidate; manual review required,all-feature temporal similarity chain,0.0147,918,0.5243
E6C4-16,10,538,E6C4-16.mp4,89cbadc01206d71a83e5cb15854f5206d179c323afb374980e7293a9a027c33b,review-only-hybrid-loftr-direct-temporal-lattice-diamond-v1,pending,False,reviewed-spike-seed; independent target review required,491,manually-reviewed-hybrid-spike-reference-v1,True,consensus candidate; manual review required,all-feature temporal similarity chain,0.0135,918,0.5243
E6C4-16,11,544,E6C4-16.mp4,89cbadc01206d71a83e5cb15854f5206d179c323afb374980e7293a9a027c33b,review-only-hybrid-loftr-direct-temporal-lattice-diamond-v1,pending,False,reviewed-spike-seed; independent target review required,491,manually-reviewed-hybrid-spike-reference-v1,True,consensus candidate; manual review required,all-feature temporal similarity chain,0.027,918,0.5243
E6C4-16,12,545,E6C4-16.mp4,89cbadc01206d71a83e5cb15854f5206d179c323afb374980e7293a9a027c33b,review-only-hybrid-loftr-direct-temporal-lattice-diamond-v1,pending,False,reviewed-spike-seed; independent target review required,491,manually-reviewed-hybrid-spike-reference-v1,True,consensus candidate; manual review required,all-feature temporal similarity chain,0.0313,918,0.5243
E6C4-16,13,556,E6C4-16.mp4,89cbadc01206d71a83e5cb15854f5206d179c323afb374980e7293a9a027c33b,review-only-hybrid-loftr-direct-temporal-lattice-diamond-v1,pending,False,reviewed-spike-seed; independent target review required,491,manually-reviewed-hybrid-spike-reference-v1,True,consensus candidate; manual review required,all-feature temporal similarity chain,0.024,918,0.5243
E6C4-16,14,562,E6C4-16.mp4,89cbadc01206d71a83e5cb15854f5206d179c323afb374980e7293a9a027c33b,review-only-hybrid-loftr-direct-temporal-lattice-diamond-v1,pending,False,reviewed-spike-seed; independent target review required,491,manually-reviewed-hybrid-spike-reference-v1,True,consensus candidate; manual review required,all-feature temporal similarity chain,0.0222,918,0.5243
E6C4-16,15,568,E6C4-16.mp4,89cbadc01206d71a83e5cb15854f5206d179c323afb374980e7293a9a027c33b,review-only-hybrid-loftr-direct-temporal-lattice-diamond-v1,pending,False,reviewed-spike-seed; independent target review required,491,manually-reviewed-hybrid-spike-reference-v1,True,consensus candidate; manual review required,all-feature temporal similarity chain,0.0262,918,0.5243
E6C4-16,16,574,E6C4-16.mp4,89cbadc01206d71a83e5cb15854f5206d179c323afb374980e7293a9a027c33b,review-only-hybrid-loftr-direct-temporal-lattice-diamond-v1,pending,False,reviewed-spike-seed; independent target review required,491,manually-reviewed-hybrid-spike-reference-v1,True,consensus candidate; manual review required,all-feature temporal similarity chain,0.0188,918,0.5243
E6C4-16,17,575,E6C4-16.mp4,89cbadc01206d71a83e5cb15854f5206d179c323afb374980e7293a9a027c33b,review-only-hybrid-loftr-direct-temporal-lattice-diamond-v1,pending,False,reviewed-spike-seed; independent target review required,491,manually-reviewed-hybrid-spike-reference-v1,True,consensus candidate; manual review required,all-feature temporal similarity chain,0.0263,918,0.5243
E6C4-16,18,581,E6C4-16.mp4,89cbadc01206d71a83e5cb15854f5206d179c323afb374980e7293a9a027c33b,review-only-hybrid-loftr-direct-temporal-lattice-diamond-v1,pending,False,reviewed-spike-seed; independent target review required,491,manually-reviewed-hybrid-spike-reference-v1,True,consensus candidate; manual review required,all-feature temporal similarity chain,0.0198,918,0.5243
E6C4-16,19,592,E6C4-16.mp4,89cbadc01206d71a83e5cb15854f5206d179c323afb374980e7293a9a027c33b,review-only-hybrid-loftr-direct-temporal-lattice-diamond-v1,pending,False,reviewed-spike-seed; independent target review required,491,manually-reviewed-hybrid-spike-reference-v1,True,consensus candidate; manual review required,all-feature temporal similarity chain,0.0443,918,0.5243
E6C4-16,20,593,E6C4-16.mp4,89cbadc01206d71a83e5cb15854f5206d179c323afb374980e7293a9a027c33b,review-only-hybrid-loftr-direct-temporal-lattice-diamond-v1,pending,False,reviewed-spike-seed; independent target review required,491,manually-reviewed-hybrid-spike-reference-v1,True,consensus candidate; manual review required,all-feature temporal similarity chain,0.0451,918,0.5243
E6C4-16,21,604,E6C4-16.mp4,89cbadc01206d71a83e5cb15854f5206d179c323afb374980e7293a9a027c33b,review-only-hybrid-loftr-direct-temporal-lattice-diamond-v1,pending,False,reviewed-spike-seed; independent target review required,491,manually-reviewed-hybrid-spike-reference-v1,True,consensus candidate; manual review required,all-feature temporal similarity chain,0.0279,918,0.5243
E6C4-16,22,605,E6C4-16.mp4,89cbadc01206d71a83e5cb15854f5206d179c323afb374980e7293a9a027c33b,review-only-hybrid-loftr-direct-temporal-lattice-diamond-v1,pending,False,reviewed-spike-seed; independent target review required,491,manually-reviewed-hybrid-spike-reference-v1,True,consensus candidate; manual review required,all-feature temporal similarity chain,0.0373,918,0.5243
E6C4-16,23,611,E6C4-16.mp4,89cbadc01206d71a83e5cb15854f5206d179c323afb374980e7293a9a027c33b,review-only-hybrid-loftr-direct-temporal-lattice-diamond-v1,pending,False,reviewed-spike-seed; independent target review required,491,manually-reviewed-hybrid-spike-reference-v1,True,consensus candidate; manual review required,all-feature temporal similarity chain,0.0327,918,0.5243
E6C4-16,24,617,E6C4-16.mp4,89cbadc01206d71a83e5cb15854f5206d179c323afb374980e7293a9a027c33b,review-only-hybrid-loftr-direct-temporal-lattice-diamond-v1,pending,False,reviewed-spike-seed; independent target review required,491,manually-reviewed-hybrid-spike-reference-v1,True,consensus candidate; manual review required,all-feature temporal similarity chain,0.0396,918,0.5243
E6C4-16,25,623,E6C4-16.mp4,89cbadc01206d71a83e5cb15854f5206d179c323afb374980e7293a9a027c33b,review-only-hybrid-loftr-direct-temporal-lattice-diamond-v1,pending,False,reviewed-spike-seed; independent target review required,491,manually-reviewed-hybrid-spike-reference-v1,False,rejected: insufficient independent lattice support,,0.0886,918,0.5243
E6C4-16,26,629,E6C4-16.mp4,89cbadc01206d71a83e5cb15854f5206d179c323afb374980e7293a9a027c33b,review-only-hybrid-loftr-direct-temporal-lattice-diamond-v1,pending,False,reviewed-spike-seed; independent target review required,491,manually-reviewed-hybrid-spike-reference-v1,True,consensus candidate; manual review required,all-feature temporal similarity chain,0.0554,918,0.5243
E6C4-16,27,636,E6C4-16.mp4,89cbadc01206d71a83e5cb15854f5206d179c323afb374980e7293a9a027c33b,review-only-hybrid-loftr-direct-temporal-lattice-diamond-v1,pending,False,reviewed-spike-seed; independent target review required,491,manually-reviewed-hybrid-spike-reference-v1,True,consensus candidate; manual review required,all-feature temporal similarity chain,0.0429,918,0.5243
E6C4-16,28,641,E6C4-16.mp4,89cbadc01206d71a83e5cb15854f5206d179c323afb374980e7293a9a027c33b,review-only-hybrid-loftr-direct-temporal-lattice-diamond-v1,pending,False,reviewed-spike-seed; independent target review required,491,manually-reviewed-hybrid-spike-reference-v1,False,rejected: insufficient independent lattice support,,0.0713,918,0.5243
E6C4-16,29,647,E6C4-16.mp4,89cbadc01206d71a83e5cb15854f5206d179c323afb374980e7293a9a027c33b,review-only-hybrid-loftr-direct-temporal-lattice-diamond-v1,pending,False,reviewed-spike-seed; independent target review required,491,manually-reviewed-hybrid-spike-reference-v1,False,rejected: insufficient independent lattice support,,0.0626,918,0.5243
E6C4-16,30,653,E6C4-16.mp4,89cbadc01206d71a83e5cb15854f5206d179c323afb374980e7293a9a027c33b,review-only-hybrid-loftr-direct-temporal-lattice-diamond-v1,pending,False,reviewed-spike-seed; independent target review required,491,manually-reviewed-hybrid-spike-reference-v1,False,rejected: insufficient independent lattice support,,0.0384,918,0.5243
E6C4-16,31,708,E6C4-16.mp4,89cbadc01206d71a83e5cb15854f5206d179c323afb374980e7293a9a027c33b,review-only-hybrid-loftr-direct-temporal-lattice-diamond-v1,pending,False,reviewed-spike-seed; independent target review required,491,manually-reviewed-hybrid-spike-reference-v1,False,rejected: insufficient independent lattice support,,0.03,797,0.5243
E6C4-17,1,856,E6C4-17.mp4,9e0ebfe7da54d1c29877fab85d4996c6501bada2c384b0bab20039059e91e26d,review-only-hybrid-loftr-direct-temporal-lattice-diamond-v1,pending,False,awaiting-reviewed-reference,,,False,awaiting reviewed reference geometry,,,,
E6C4-17,2,856,E6C4-17.mp4,9e0ebfe7da54d1c29877fab85d4996c6501bada2c384b0bab20039059e91e26d,review-only-hybrid-loftr-direct-temporal-lattice-diamond-v1,pending,False,awaiting-reviewed-reference,,,False,awaiting reviewed reference geometry,,,,
E6C4-17,3,862,E6C4-17.mp4,9e0ebfe7da54d1c29877fab85d4996c6501bada2c384b0bab20039059e91e26d,review-only-hybrid-loftr-direct-temporal-lattice-diamond-v1,pending,False,awaiting-reviewed-reference,,,False,awaiting reviewed reference geometry,,,,
E6C4-17,4,863,E6C4-17.mp4,9e0ebfe7da54d1c29877fab85d4996c6501bada2c384b0bab20039059e91e26d,review-only-hybrid-loftr-direct-temporal-lattice-diamond-v1,pending,False,awaiting-reviewed-reference,,,False,awaiting reviewed reference geometry,,,,
E6C4-17,5,874,E6C4-17.mp4,9e0ebfe7da54d1c29877fab85d4996c6501bada2c384b0bab20039059e91e26d,review-only-hybrid-loftr-direct-temporal-lattice-diamond-v1,pending,False,awaiting-reviewed-reference,,,False,awaiting reviewed reference geometry,,,,
E6C4-17,6,881,E6C4-17.mp4,9e0ebfe7da54d1c29877fab85d4996c6501bada2c384b0bab20039059e91e26d,review-only-hybrid-loftr-direct-temporal-lattice-diamond-v1,pending,False,awaiting-reviewed-reference,,,False,awaiting reviewed reference geometry,,,,
E6C4-17,7,887,E6C4-17.mp4,9e0ebfe7da54d1c29877fab85d4996c6501bada2c384b0bab20039059e91e26d,review-only-hybrid-loftr-direct-temporal-lattice-diamond-v1,pending,False,awaiting-reviewed-reference,,,False,awaiting reviewed reference geometry,,,,
E6C4-17,8,893,E6C4-17.mp4,9e0ebfe7da54d1c29877fab85d4996c6501bada2c384b0bab20039059e91e26d,review-only-hybrid-loftr-direct-temporal-lattice-diamond-v1,pending,False,awaiting-reviewed-reference,,,False,awaiting reviewed reference geometry,,,,
E6C4-17,9,899,E6C4-17.mp4,9e0ebfe7da54d1c29877fab85d4996c6501bada2c384b0bab20039059e91e26d,review-only-hybrid-loftr-direct-temporal-lattice-diamond-v1,pending,False,awaiting-reviewed-reference,,,False,awaiting reviewed reference geometry,,,,
E6C4-17,10,905,E6C4-17.mp4,9e0ebfe7da54d1c29877fab85d4996c6501bada2c384b0bab20039059e91e26d,review-only-hybrid-loftr-direct-temporal-lattice-diamond-v1,pending,False,awaiting-reviewed-reference,,,False,awaiting reviewed reference geometry,,,,
E6C4-17,11,911,E6C4-17.mp4,9e0ebfe7da54d1c29877fab85d4996c6501bada2c384b0bab20039059e91e26d,review-only-hybrid-loftr-direct-temporal-lattice-diamond-v1,pending,False,awaiting-reviewed-reference,,,False,awaiting reviewed reference geometry,,,,
E6C4-17,12,917,E6C4-17.mp4,9e0ebfe7da54d1c29877fab85d4996c6501bada2c384b0bab20039059e91e26d,review-only-hybrid-loftr-direct-temporal-lattice-diamond-v1,pending,False,awaiting-reviewed-reference,,,False,awaiting reviewed reference geometry,,,,
E6C4-17,13,918,E6C4-17.mp4,9e0ebfe7da54d1c29877fab85d4996c6501bada2c384b0bab20039059e91e26d,review-only-hybrid-loftr-direct-temporal-lattice-diamond-v1,pending,False,awaiting-reviewed-reference,,,False,awaiting reviewed reference geometry,,,,
E6C4-17,14,924,E6C4-17.mp4,9e0ebfe7da54d1c29877fab85d4996c6501bada2c384b0bab20039059e91e26d,review-only-hybrid-loftr-direct-temporal-lattice-diamond-v1,pending,False,awaiting-reviewed-reference,,,False,awaiting reviewed reference geometry,,,,
E6C4-17,15,930,E6C4-17.mp4,9e0ebfe7da54d1c29877fab85d4996c6501bada2c384b0bab20039059e91e26d,review-only-hybrid-loftr-direct-temporal-lattice-diamond-v1,pending,False,awaiting-reviewed-reference,,,False,awaiting reviewed reference geometry,,,,
E6C4-17,16,936,E6C4-17.mp4,9e0ebfe7da54d1c29877fab85d4996c6501bada2c384b0bab20039059e91e26d,review-only-hybrid-loftr-direct-temporal-lattice-diamond-v1,pending,False,awaiting-reviewed-reference,,,False,awaiting reviewed reference geometry,,,,
E6C4-17,17,942,E6C4-17.mp4,9e0ebfe7da54d1c29877fab85d4996c6501bada2c384b0bab20039059e91e26d,review-only-hybrid-loftr-direct-temporal-lattice-diamond-v1,pending,False,awaiting-reviewed-reference,,,False,awaiting reviewed reference geometry,,,,
E6C4-17,18,948,E6C4-17.mp4,9e0ebfe7da54d1c29877fab85d4996c6501bada2c384b0bab20039059e91e26d,review-only-hybrid-loftr-direct-temporal-lattice-diamond-v1,pending,False,awaiting-reviewed-reference,,,False,awaiting reviewed reference geometry,,,,
E6C4-17,19,954,E6C4-17.mp4,9e0ebfe7da54d1c29877fab85d4996c6501bada2c384b0bab20039059e91e26d,review-only-hybrid-loftr-direct-temporal-lattice-diamond-v1,pending,False,awaiting-reviewed-reference,,,False,awaiting reviewed reference geometry,,,,
E6C4-18,1,744,E6C4-18.mp4,dd8b5ba831a3a51b4852eb2f5fc35111c356aba4b6b31dbe62b384a4cdf64bc8,review-only-hybrid-loftr-direct-temporal-lattice-diamond-v1,pending,False,awaiting-reviewed-reference,,,False,awaiting reviewed reference geometry,,,,
E6C4-18,2,745,E6C4-18.mp4,dd8b5ba831a3a51b4852eb2f5fc35111c356aba4b6b31dbe62b384a4cdf64bc8,review-only-hybrid-loftr-direct-temporal-lattice-diamond-v1,pending,False,awaiting-reviewed-reference,,,False,awaiting reviewed reference geometry,,,,
E6C4-18,3,751,E6C4-18.mp4,dd8b5ba831a3a51b4852eb2f5fc35111c356aba4b6b31dbe62b384a4cdf64bc8,review-only-hybrid-loftr-direct-temporal-lattice-diamond-v1,pending,False,awaiting-reviewed-reference,,,False,awaiting reviewed reference geometry,,,,
E6C4-18,4,757,E6C4-18.mp4,dd8b5ba831a3a51b4852eb2f5fc35111c356aba4b6b31dbe62b384a4cdf64bc8,review-only-hybrid-loftr-direct-temporal-lattice-diamond-v1,pending,False,awaiting-reviewed-reference,,,False,awaiting reviewed reference geometry,,,,
E6C4-18,5,763,E6C4-18.mp4,dd8b5ba831a3a51b4852eb2f5fc35111c356aba4b6b31dbe62b384a4cdf64bc8,review-only-hybrid-loftr-direct-temporal-lattice-diamond-v1,pending,False,awaiting-reviewed-reference,,,False,awaiting reviewed reference geometry,,,,
E6C4-18,6,768,E6C4-18.mp4,dd8b5ba831a3a51b4852eb2f5fc35111c356aba4b6b31dbe62b384a4cdf64bc8,review-only-hybrid-loftr-direct-temporal-lattice-diamond-v1,pending,False,awaiting-reviewed-reference,,,False,awaiting reviewed reference geometry,,,,
E6C4-18,7,769,E6C4-18.mp4,dd8b5ba831a3a51b4852eb2f5fc35111c356aba4b6b31dbe62b384a4cdf64bc8,review-only-hybrid-loftr-direct-temporal-lattice-diamond-v1,pending,False,awaiting-reviewed-reference,,,False,awaiting reviewed reference geometry,,,,
E6C4-18,8,775,E6C4-18.mp4,dd8b5ba831a3a51b4852eb2f5fc35111c356aba4b6b31dbe62b384a4cdf64bc8,review-only-hybrid-loftr-direct-temporal-lattice-diamond-v1,pending,False,awaiting-reviewed-reference,,,False,awaiting reviewed reference geometry,,,,
E6C4-18,9,781,E6C4-18.mp4,dd8b5ba831a3a51b4852eb2f5fc35111c356aba4b6b31dbe62b384a4cdf64bc8,review-only-hybrid-loftr-direct-temporal-lattice-diamond-v1,pending,False,awaiting-reviewed-reference,,,False,awaiting reviewed reference geometry,,,,
E6C4-18,10,787,E6C4-18.mp4,dd8b5ba831a3a51b4852eb2f5fc35111c356aba4b6b31dbe62b384a4cdf64bc8,review-only-hybrid-loftr-direct-temporal-lattice-diamond-v1,pending,False,awaiting-reviewed-reference,,,False,awaiting reviewed reference geometry,,,,
E6C4-18,11,793,E6C4-18.mp4,dd8b5ba831a3a51b4852eb2f5fc35111c356aba4b6b31dbe62b384a4cdf64bc8,review-only-hybrid-loftr-direct-temporal-lattice-diamond-v1,pending,False,awaiting-reviewed-reference,,,False,awaiting reviewed reference geometry,,,,
E6C4-18,12,799,E6C4-18.mp4,dd8b5ba831a3a51b4852eb2f5fc35111c356aba4b6b31dbe62b384a4cdf64bc8,review-only-hybrid-loftr-direct-temporal-lattice-diamond-v1,pending,False,awaiting-reviewed-reference,,,False,awaiting reviewed reference geometry,,,,
E6C4-18,13,805,E6C4-18.mp4,dd8b5ba831a3a51b4852eb2f5fc35111c356aba4b6b31dbe62b384a4cdf64bc8,review-only-hybrid-loftr-direct-temporal-lattice-diamond-v1,pending,False,awaiting-reviewed-reference,,,False,awaiting reviewed reference geometry,,,,
E6C4-18,14,811,E6C4-18.mp4,dd8b5ba831a3a51b4852eb2f5fc35111c356aba4b6b31dbe62b384a4cdf64bc8,review-only-hybrid-loftr-direct-temporal-lattice-diamond-v1,pending,False,awaiting-reviewed-reference,,,False,awaiting reviewed reference geometry,,,,
E6C4-18,15,817,E6C4-18.mp4,dd8b5ba831a3a51b4852eb2f5fc35111c356aba4b6b31dbe62b384a4cdf64bc8,review-only-hybrid-loftr-direct-temporal-lattice-diamond-v1,pending,False,awaiting-reviewed-reference,,,False,awaiting reviewed reference geometry,,,,
E6C4-18,16,823,E6C4-18.mp4,dd8b5ba831a3a51b4852eb2f5fc35111c356aba4b6b31dbe62b384a4cdf64bc8,review-only-hybrid-loftr-direct-temporal-lattice-diamond-v1,pending,False,awaiting-reviewed-reference,,,False,awaiting reviewed reference geometry,,,,
E6C4-18,17,829,E6C4-18.mp4,dd8b5ba831a3a51b4852eb2f5fc35111c356aba4b6b31dbe62b384a4cdf64bc8,review-only-hybrid-loftr-direct-temporal-lattice-diamond-v1,pending,False,awaiting-reviewed-reference,,,False,awaiting reviewed reference geometry,,,,
E6C4-18,18,835,E6C4-18.mp4,dd8b5ba831a3a51b4852eb2f5fc35111c356aba4b6b31dbe62b384a4cdf64bc8,review-only-hybrid-loftr-direct-temporal-lattice-diamond-v1,pending,False,awaiting-reviewed-reference,,,False,awaiting reviewed reference geometry,,,,
E6C4-18,19,842,E6C4-18.mp4,dd8b5ba831a3a51b4852eb2f5fc35111c356aba4b6b31dbe62b384a4cdf64bc8,review-only-hybrid-loftr-direct-temporal-lattice-diamond-v1,pending,False,awaiting-reviewed-reference,,,False,awaiting reviewed reference geometry,,,,
E6C4-18,20,847,E6C4-18.mp4,dd8b5ba831a3a51b4852eb2f5fc35111c356aba4b6b31dbe62b384a4cdf64bc8,review-only-hybrid-loftr-direct-temporal-lattice-diamond-v1,pending,False,awaiting-reviewed-reference,,,False,awaiting reviewed reference geometry,,,,
E6C4-18,21,853,E6C4-18.mp4,dd8b5ba831a3a51b4852eb2f5fc35111c356aba4b6b31dbe62b384a4cdf64bc8,review-only-hybrid-loftr-direct-temporal-lattice-diamond-v1,pending,False,awaiting-reviewed-reference,,,False,awaiting reviewed reference geometry,,,,
E6C4-18,22,859,E6C4-18.mp4,dd8b5ba831a3a51b4852eb2f5fc35111c356aba4b6b31dbe62b384a4cdf64bc8,review-only-hybrid-loftr-direct-temporal-lattice-diamond-v1,pending,False,awaiting-reviewed-reference,,,False,awaiting reviewed reference geometry,,,,
E6C4-18,23,865,E6C4-18.mp4,dd8b5ba831a3a51b4852eb2f5fc35111c356aba4b6b31dbe62b384a4cdf64bc8,review-only-hybrid-loftr-direct-temporal-lattice-diamond-v1,pending,False,awaiting-reviewed-reference,,,False,awaiting reviewed reference geometry,,,,
E6C4-19,1,682,E6C4-19.mp4,09d48a000df8d95abf01225cd6c61dbb35df02dcd9879c21f9da468c2f632142,review-only-hybrid-loftr-direct-temporal-lattice-diamond-v1,pending,False,awaiting-reviewed-reference,,,False,awaiting reviewed reference geometry,,,,
E6C4-19,2,687,E6C4-19.mp4,09d48a000df8d95abf01225cd6c61dbb35df02dcd9879c21f9da468c2f632142,review-only-hybrid-loftr-direct-temporal-lattice-diamond-v1,pending,False,awaiting-reviewed-reference,,,False,awaiting reviewed reference geometry,,,,
E6C4-19,3,694,E6C4-19.mp4,09d48a000df8d95abf01225cd6c61dbb35df02dcd9879c21f9da468c2f632142,review-only-hybrid-loftr-direct-temporal-lattice-diamond-v1,pending,False,awaiting-reviewed-reference,,,False,awaiting reviewed reference geometry,,,,
E6C4-19,4,700,E6C4-19.mp4,09d48a000df8d95abf01225cd6c61dbb35df02dcd9879c21f9da468c2f632142,review-only-hybrid-loftr-direct-temporal-lattice-diamond-v1,pending,False,awaiting-reviewed-reference,,,False,awaiting reviewed reference geometry,,,,
E6C4-19,5,706,E6C4-19.mp4,09d48a000df8d95abf01225cd6c61dbb35df02dcd9879c21f9da468c2f632142,review-only-hybrid-loftr-direct-temporal-lattice-diamond-v1,pending,False,awaiting-reviewed-reference,,,False,awaiting reviewed reference geometry,,,,
E6C4-19,6,712,E6C4-19.mp4,09d48a000df8d95abf01225cd6c61dbb35df02dcd9879c21f9da468c2f632142,review-only-hybrid-loftr-direct-temporal-lattice-diamond-v1,pending,False,awaiting-reviewed-reference,,,False,awaiting reviewed reference geometry,,,,
E6C4-19,7,718,E6C4-19.mp4,09d48a000df8d95abf01225cd6c61dbb35df02dcd9879c21f9da468c2f632142,review-only-hybrid-loftr-direct-temporal-lattice-diamond-v1,pending,False,awaiting-reviewed-reference,,,False,awaiting reviewed reference geometry,,,,
E6C4-19,8,724,E6C4-19.mp4,09d48a000df8d95abf01225cd6c61dbb35df02dcd9879c21f9da468c2f632142,review-only-hybrid-loftr-direct-temporal-lattice-diamond-v1,pending,False,awaiting-reviewed-reference,,,False,awaiting reviewed reference geometry,,,,
E6C4-19,9,730,E6C4-19.mp4,09d48a000df8d95abf01225cd6c61dbb35df02dcd9879c21f9da468c2f632142,review-only-hybrid-loftr-direct-temporal-lattice-diamond-v1,pending,False,awaiting-reviewed-reference,,,False,awaiting reviewed reference geometry,,,,
E6C4-19,10,736,E6C4-19.mp4,09d48a000df8d95abf01225cd6c61dbb35df02dcd9879c21f9da468c2f632142,review-only-hybrid-loftr-direct-temporal-lattice-diamond-v1,pending,False,awaiting-reviewed-reference,,,False,awaiting reviewed reference geometry,,,,
E6C4-19,11,742,E6C4-19.mp4,09d48a000df8d95abf01225cd6c61dbb35df02dcd9879c21f9da468c2f632142,review-only-hybrid-loftr-direct-temporal-lattice-diamond-v1,pending,False,awaiting-reviewed-reference,,,False,awaiting reviewed reference geometry,,,,
E6C4-19,12,749,E6C4-19.mp4,09d48a000df8d95abf01225cd6c61dbb35df02dcd9879c21f9da468c2f632142,review-only-hybrid-loftr-direct-temporal-lattice-diamond-v1,pending,False,awaiting-reviewed-reference,,,False,awaiting reviewed reference geometry,,,,
E6C4-19,13,754,E6C4-19.mp4,09d48a000df8d95abf01225cd6c61dbb35df02dcd9879c21f9da468c2f632142,review-only-hybrid-loftr-direct-temporal-lattice-diamond-v1,pending,False,awaiting-reviewed-reference,,,False,awaiting reviewed reference geometry,,,,
E6C4-19,14,760,E6C4-19.mp4,09d48a000df8d95abf01225cd6c61dbb35df02dcd9879c21f9da468c2f632142,review-only-hybrid-loftr-direct-temporal-lattice-diamond-v1,pending,False,awaiting-reviewed-reference,,,False,awaiting reviewed reference geometry,,,,
E6C4-19,15,766,E6C4-19.mp4,09d48a000df8d95abf01225cd6c61dbb35df02dcd9879c21f9da468c2f632142,review-only-hybrid-loftr-direct-temporal-lattice-diamond-v1,pending,False,awaiting-reviewed-reference,,,False,awaiting reviewed reference geometry,,,,
E6C4-19,16,772,E6C4-19.mp4,09d48a000df8d95abf01225cd6c61dbb35df02dcd9879c21f9da468c2f632142,review-only-hybrid-loftr-direct-temporal-lattice-diamond-v1,pending,False,awaiting-reviewed-reference,,,False,awaiting reviewed reference geometry,,,,
E6C4-19,17,778,E6C4-19.mp4,09d48a000df8d95abf01225cd6c61dbb35df02dcd9879c21f9da468c2f632142,review-only-hybrid-loftr-direct-temporal-lattice-diamond-v1,pending,False,awaiting-reviewed-reference,,,False,awaiting reviewed reference geometry,,,,
E6C4-19,18,786,E6C4-19.mp4,09d48a000df8d95abf01225cd6c61dbb35df02dcd9879c21f9da468c2f632142,review-only-hybrid-loftr-direct-temporal-lattice-diamond-v1,pending,False,awaiting-reviewed-reference,,,False,awaiting reviewed reference geometry,,,,
E6C4-19,19,791,E6C4-19.mp4,09d48a000df8d95abf01225cd6c61dbb35df02dcd9879c21f9da468c2f632142,review-only-hybrid-loftr-direct-temporal-lattice-diamond-v1,pending,False,awaiting-reviewed-reference,,,False,awaiting reviewed reference geometry,,,,
E6C4-19,20,796,E6C4-19.mp4,09d48a000df8d95abf01225cd6c61dbb35df02dcd9879c21f9da468c2f632142,review-only-hybrid-loftr-direct-temporal-lattice-diamond-v1,pending,False,awaiting-reviewed-reference,,,False,awaiting reviewed reference geometry,,,,
E6C4-1G,1,774,E6C4-1G.mp4,447017aeea879ee6761affbb85ca6e29a9ab233960c25aff4c437d31ba01ba3b,review-only-hybrid-loftr-direct-temporal-lattice-diamond-v1,pending,False,awaiting-reviewed-reference,,,False,awaiting reviewed reference geometry,,,,
E6C4-1G,2,775,E6C4-1G.mp4,447017aeea879ee6761affbb85ca6e29a9ab233960c25aff4c437d31ba01ba3b,review-only-hybrid-loftr-direct-temporal-lattice-diamond-v1,pending,False,awaiting-reviewed-reference,,,False,awaiting reviewed reference geometry,,,,
E6C4-1G,3,781,E6C4-1G.mp4,447017aeea879ee6761affbb85ca6e29a9ab233960c25aff4c437d31ba01ba3b,review-only-hybrid-loftr-direct-temporal-lattice-diamond-v1,pending,False,awaiting-reviewed-reference,,,False,awaiting reviewed reference geometry,,,,
E6C4-1G,4,787,E6C4-1G.mp4,447017aeea879ee6761affbb85ca6e29a9ab233960c25aff4c437d31ba01ba3b,review-only-hybrid-loftr-direct-temporal-lattice-diamond-v1,pending,False,awaiting-reviewed-reference,,,False,awaiting reviewed reference geometry,,,,
E6C4-1G,5,793,E6C4-1G.mp4,447017aeea879ee6761affbb85ca6e29a9ab233960c25aff4c437d31ba01ba3b,review-only-hybrid-loftr-direct-temporal-lattice-diamond-v1,pending,False,awaiting-reviewed-reference,,,False,awaiting reviewed reference geometry,,,,
E6C4-1G,6,799,E6C4-1G.mp4,447017aeea879ee6761affbb85ca6e29a9ab233960c25aff4c437d31ba01ba3b,review-only-hybrid-loftr-direct-temporal-lattice-diamond-v1,pending,False,awaiting-reviewed-reference,,,False,awaiting reviewed reference geometry,,,,
E6C4-1G,7,805,E6C4-1G.mp4,447017aeea879ee6761affbb85ca6e29a9ab233960c25aff4c437d31ba01ba3b,review-only-hybrid-loftr-direct-temporal-lattice-diamond-v1,pending,False,awaiting-reviewed-reference,,,False,awaiting reviewed reference geometry,,,,
E6C4-1G,8,811,E6C4-1G.mp4,447017aeea879ee6761affbb85ca6e29a9ab233960c25aff4c437d31ba01ba3b,review-only-hybrid-loftr-direct-temporal-lattice-diamond-v1,pending,False,awaiting-reviewed-reference,,,False,awaiting reviewed reference geometry,,,,
E6C4-1G,9,817,E6C4-1G.mp4,447017aeea879ee6761affbb85ca6e29a9ab233960c25aff4c437d31ba01ba3b,review-only-hybrid-loftr-direct-temporal-lattice-diamond-v1,pending,False,awaiting-reviewed-reference,,,False,awaiting reviewed reference geometry,,,,
E6C4-1G,10,823,E6C4-1G.mp4,447017aeea879ee6761affbb85ca6e29a9ab233960c25aff4c437d31ba01ba3b,review-only-hybrid-loftr-direct-temporal-lattice-diamond-v1,pending,False,awaiting-reviewed-reference,,,False,awaiting reviewed reference geometry,,,,
E6C4-1G,11,829,E6C4-1G.mp4,447017aeea879ee6761affbb85ca6e29a9ab233960c25aff4c437d31ba01ba3b,review-only-hybrid-loftr-direct-temporal-lattice-diamond-v1,pending,False,awaiting-reviewed-reference,,,False,awaiting reviewed reference geometry,,,,
E6C4-1G,12,835,E6C4-1G.mp4,447017aeea879ee6761affbb85ca6e29a9ab233960c25aff4c437d31ba01ba3b,review-only-hybrid-loftr-direct-temporal-lattice-diamond-v1,pending,False,awaiting-reviewed-reference,,,False,awaiting reviewed reference geometry,,,,
E6C4-1G,13,841,E6C4-1G.mp4,447017aeea879ee6761affbb85ca6e29a9ab233960c25aff4c437d31ba01ba3b,review-only-hybrid-loftr-direct-temporal-lattice-diamond-v1,pending,False,awaiting-reviewed-reference,,,False,awaiting reviewed reference geometry,,,,
E6C4-1G,14,847,E6C4-1G.mp4,447017aeea879ee6761affbb85ca6e29a9ab233960c25aff4c437d31ba01ba3b,review-only-hybrid-loftr-direct-temporal-lattice-diamond-v1,pending,False,awaiting-reviewed-reference,,,False,awaiting reviewed reference geometry,,,,
E6C4-1G,15,853,E6C4-1G.mp4,447017aeea879ee6761affbb85ca6e29a9ab233960c25aff4c437d31ba01ba3b,review-only-hybrid-loftr-direct-temporal-lattice-diamond-v1,pending,False,awaiting-reviewed-reference,,,False,awaiting reviewed reference geometry,,,,
E6C4-1G,16,859,E6C4-1G.mp4,447017aeea879ee6761affbb85ca6e29a9ab233960c25aff4c437d31ba01ba3b,review-only-hybrid-loftr-direct-temporal-lattice-diamond-v1,pending,False,awaiting-reviewed-reference,,,False,awaiting reviewed reference geometry,,,,
E6C4-1G,17,865,E6C4-1G.mp4,447017aeea879ee6761affbb85ca6e29a9ab233960c25aff4c437d31ba01ba3b,review-only-hybrid-loftr-direct-temporal-lattice-diamond-v1,pending,False,awaiting-reviewed-reference,,,False,awaiting reviewed reference geometry,,,,
E6C4-1G,18,870,E6C4-1G.mp4,447017aeea879ee6761affbb85ca6e29a9ab233960c25aff4c437d31ba01ba3b,review-only-hybrid-loftr-direct-temporal-lattice-diamond-v1,pending,False,awaiting-reviewed-reference,,,False,awaiting reviewed reference geometry,,,,
E6C4-1G,19,877,E6C4-1G.mp4,447017aeea879ee6761affbb85ca6e29a9ab233960c25aff4c437d31ba01ba3b,review-only-hybrid-loftr-direct-temporal-lattice-diamond-v1,pending,False,awaiting-reviewed-reference,,,False,awaiting reviewed reference geometry,,,,
E6C4-1G,20,883,E6C4-1G.mp4,447017aeea879ee6761affbb85ca6e29a9ab233960c25aff4c437d31ba01ba3b,review-only-hybrid-loftr-direct-temporal-lattice-diamond-v1,pending,False,awaiting-reviewed-reference,,,False,awaiting reviewed reference geometry,,,,
E6C4-1G,21,889,E6C4-1G.mp4,447017aeea879ee6761affbb85ca6e29a9ab233960c25aff4c437d31ba01ba3b,review-only-hybrid-loftr-direct-temporal-lattice-diamond-v1,pending,False,awaiting-reviewed-reference,,,False,awaiting reviewed reference geometry,,,,
E6C4-1G,22,895,E6C4-1G.mp4,447017aeea879ee6761affbb85ca6e29a9ab233960c25aff4c437d31ba01ba3b,review-only-hybrid-loftr-direct-temporal-lattice-diamond-v1,pending,False,awaiting-reviewed-reference,,,False,awaiting reviewed reference geometry,,,,
E6C4-1G,23,901,E6C4-1G.mp4,447017aeea879ee6761affbb85ca6e29a9ab233960c25aff4c437d31ba01ba3b,review-only-hybrid-loftr-direct-temporal-lattice-diamond-v1,pending,False,awaiting-reviewed-reference,,,False,awaiting reviewed reference geometry,,,,
E6C4-1G,24,907,E6C4-1G.mp4,447017aeea879ee6761affbb85ca6e29a9ab233960c25aff4c437d31ba01ba3b,review-only-hybrid-loftr-direct-temporal-lattice-diamond-v1,pending,False,awaiting-reviewed-reference,,,False,awaiting reviewed reference geometry,,,,
E6C4-1G,25,913,E6C4-1G.mp4,447017aeea879ee6761affbb85ca6e29a9ab233960c25aff4c437d31ba01ba3b,review-only-hybrid-loftr-direct-temporal-lattice-diamond-v1,pending,False,awaiting-reviewed-reference,,,False,awaiting reviewed reference geometry,,,,
E6C4-1G,26,919,E6C4-1G.mp4,447017aeea879ee6761affbb85ca6e29a9ab233960c25aff4c437d31ba01ba3b,review-only-hybrid-loftr-direct-temporal-lattice-diamond-v1,pending,False,awaiting-reviewed-reference,,,False,awaiting reviewed reference geometry,,,,
E6C4-1H,1,844,E6C4-1H.mp4,ab78d00000f824b39310a349f2ff6a6b82ff92450563c355afc500117086a5b2,review-only-hybrid-loftr-direct-temporal-lattice-diamond-v1,pending,False,awaiting-reviewed-reference,,,False,awaiting reviewed reference geometry,,,,
E6C4-1H,2,845,E6C4-1H.mp4,ab78d00000f824b39310a349f2ff6a6b82ff92450563c355afc500117086a5b2,review-only-hybrid-loftr-direct-temporal-lattice-diamond-v1,pending,False,awaiting-reviewed-reference,,,False,awaiting reviewed reference geometry,,,,
E6C4-1H,3,851,E6C4-1H.mp4,ab78d00000f824b39310a349f2ff6a6b82ff92450563c355afc500117086a5b2,review-only-hybrid-loftr-direct-temporal-lattice-diamond-v1,pending,False,awaiting-reviewed-reference,,,False,awaiting reviewed reference geometry,,,,
E6C4-1H,4,857,E6C4-1H.mp4,ab78d00000f824b39310a349f2ff6a6b82ff92450563c355afc500117086a5b2,review-only-hybrid-loftr-direct-temporal-lattice-diamond-v1,pending,False,awaiting-reviewed-reference,,,False,awaiting reviewed reference geometry,,,,
E6C4-1H,5,864,E6C4-1H.mp4,ab78d00000f824b39310a349f2ff6a6b82ff92450563c355afc500117086a5b2,review-only-hybrid-loftr-direct-temporal-lattice-diamond-v1,pending,False,awaiting-reviewed-reference,,,False,awaiting reviewed reference geometry,,,,
E6C4-1H,6,870,E6C4-1H.mp4,ab78d00000f824b39310a349f2ff6a6b82ff92450563c355afc500117086a5b2,review-only-hybrid-loftr-direct-temporal-lattice-diamond-v1,pending,False,awaiting-reviewed-reference,,,False,awaiting reviewed reference geometry,,,,
E6C4-1H,7,875,E6C4-1H.mp4,ab78d00000f824b39310a349f2ff6a6b82ff92450563c355afc500117086a5b2,review-only-hybrid-loftr-direct-temporal-lattice-diamond-v1,pending,False,awaiting-reviewed-reference,,,False,awaiting reviewed reference geometry,,,,
E6C4-1H,8,881,E6C4-1H.mp4,ab78d00000f824b39310a349f2ff6a6b82ff92450563c355afc500117086a5b2,review-only-hybrid-loftr-direct-temporal-lattice-diamond-v1,pending,False,awaiting-reviewed-reference,,,False,awaiting reviewed reference geometry,,,,
E6C4-1H,9,887,E6C4-1H.mp4,ab78d00000f824b39310a349f2ff6a6b82ff92450563c355afc500117086a5b2,review-only-hybrid-loftr-direct-temporal-lattice-diamond-v1,pending,False,awaiting-reviewed-reference,,,False,awaiting reviewed reference geometry,,,,
E6C4-1H,10,893,E6C4-1H.mp4,ab78d00000f824b39310a349f2ff6a6b82ff92450563c355afc500117086a5b2,review-only-hybrid-loftr-direct-temporal-lattice-diamond-v1,pending,False,awaiting-reviewed-reference,,,False,awaiting reviewed reference geometry,,,,
E6C4-1H,11,899,E6C4-1H.mp4,ab78d00000f824b39310a349f2ff6a6b82ff92450563c355afc500117086a5b2,review-only-hybrid-loftr-direct-temporal-lattice-diamond-v1,pending,False,awaiting-reviewed-reference,,,False,awaiting reviewed reference geometry,,,,
E6C4-1H,12,906,E6C4-1H.mp4,ab78d00000f824b39310a349f2ff6a6b82ff92450563c355afc500117086a5b2,review-only-hybrid-loftr-direct-temporal-lattice-diamond-v1,pending,False,awaiting-reviewed-reference,,,False,awaiting reviewed reference geometry,,,,
E6C4-1H,13,912,E6C4-1H.mp4,ab78d00000f824b39310a349f2ff6a6b82ff92450563c355afc500117086a5b2,review-only-hybrid-loftr-direct-temporal-lattice-diamond-v1,pending,False,awaiting-reviewed-reference,,,False,awaiting reviewed reference geometry,,,,
E6C4-1H,14,918,E6C4-1H.mp4,ab78d00000f824b39310a349f2ff6a6b82ff92450563c355afc500117086a5b2,review-only-hybrid-loftr-direct-temporal-lattice-diamond-v1,pending,False,awaiting-reviewed-reference,,,False,awaiting reviewed reference geometry,,,,
E6C4-1H,15,924,E6C4-1H.mp4,ab78d00000f824b39310a349f2ff6a6b82ff92450563c355afc500117086a5b2,review-only-hybrid-loftr-direct-temporal-lattice-diamond-v1,pending,False,awaiting-reviewed-reference,,,False,awaiting reviewed reference geometry,,,,
E6C4-1H,16,930,E6C4-1H.mp4,ab78d00000f824b39310a349f2ff6a6b82ff92450563c355afc500117086a5b2,review-only-hybrid-loftr-direct-temporal-lattice-diamond-v1,pending,False,awaiting-reviewed-reference,,,False,awaiting reviewed reference geometry,,,,
E6C4-1H,17,936,E6C4-1H.mp4,ab78d00000f824b39310a349f2ff6a6b82ff92450563c355afc500117086a5b2,review-only-hybrid-loftr-direct-temporal-lattice-diamond-v1,pending,False,awaiting-reviewed-reference,,,False,awaiting reviewed reference geometry,,,,
E6C4-1H,18,942,E6C4-1H.mp4,ab78d00000f824b39310a349f2ff6a6b82ff92450563c355afc500117086a5b2,review-only-hybrid-loftr-direct-temporal-lattice-diamond-v1,pending,False,awaiting-reviewed-reference,,,False,awaiting reviewed reference geometry,,,,
E6C4-1H,19,948,E6C4-1H.mp4,ab78d00000f824b39310a349f2ff6a6b82ff92450563c355afc500117086a5b2,review-only-hybrid-loftr-direct-temporal-lattice-diamond-v1,pending,False,awaiting-reviewed-reference,,,False,awaiting reviewed reference geometry,,,,
E6C4-1H,20,954,E6C4-1H.mp4,ab78d00000f824b39310a349f2ff6a6b82ff92450563c355afc500117086a5b2,review-only-hybrid-loftr-direct-temporal-lattice-diamond-v1,pending,False,awaiting-reviewed-reference,,,False,awaiting reviewed reference geometry,,,,
E6C4-1H,21,960,E6C4-1H.mp4,ab78d00000f824b39310a349f2ff6a6b82ff92450563c355afc500117086a5b2,review-only-hybrid-loftr-direct-temporal-lattice-diamond-v1,pending,False,awaiting-reviewed-reference,,,False,awaiting reviewed reference geometry,,,,
E6C4-1H,22,966,E6C4-1H.mp4,ab78d00000f824b39310a349f2ff6a6b82ff92450563c355afc500117086a5b2,review-only-hybrid-loftr-direct-temporal-lattice-diamond-v1,pending,False,awaiting-reviewed-reference,,,False,awaiting reviewed reference geometry,,,,
E6C4-1H,23,972,E6C4-1H.mp4,ab78d00000f824b39310a349f2ff6a6b82ff92450563c355afc500117086a5b2,review-only-hybrid-loftr-direct-temporal-lattice-diamond-v1,pending,False,awaiting-reviewed-reference,,,False,awaiting reviewed reference geometry,,,,
E6C4-1H,24,978,E6C4-1H.mp4,ab78d00000f824b39310a349f2ff6a6b82ff92450563c355afc500117086a5b2,review-only-hybrid-loftr-direct-temporal-lattice-diamond-v1,pending,False,awaiting-reviewed-reference,,,False,awaiting reviewed reference geometry,,,,
E6C4-2T,1,865,E6C4-2T.mp4,70f1db0480e60fa599157e8c0c245c479cf84a7a87eeb1642d0becdffc80c12a,review-only-hybrid-loftr-direct-temporal-lattice-diamond-v1,pending,False,awaiting-reviewed-reference,,,False,awaiting reviewed reference geometry,,,,
E6C4-2T,2,866,E6C4-2T.mp4,70f1db0480e60fa599157e8c0c245c479cf84a7a87eeb1642d0becdffc80c12a,review-only-hybrid-loftr-direct-temporal-lattice-diamond-v1,pending,False,awaiting-reviewed-reference,,,False,awaiting reviewed reference geometry,,,,
E6C4-2T,3,872,E6C4-2T.mp4,70f1db0480e60fa599157e8c0c245c479cf84a7a87eeb1642d0becdffc80c12a,review-only-hybrid-loftr-direct-temporal-lattice-diamond-v1,pending,False,awaiting-reviewed-reference,,,False,awaiting reviewed reference geometry,,,,
E6C4-2T,4,880,E6C4-2T.mp4,70f1db0480e60fa599157e8c0c245c479cf84a7a87eeb1642d0becdffc80c12a,review-only-hybrid-loftr-direct-temporal-lattice-diamond-v1,pending,False,awaiting-reviewed-reference,,,False,awaiting reviewed reference geometry,,,,
E6C4-2T,5,884,E6C4-2T.mp4,70f1db0480e60fa599157e8c0c245c479cf84a7a87eeb1642d0becdffc80c12a,review-only-hybrid-loftr-direct-temporal-lattice-diamond-v1,pending,False,awaiting-reviewed-reference,,,False,awaiting reviewed reference geometry,,,,
E6C4-2T,6,890,E6C4-2T.mp4,70f1db0480e60fa599157e8c0c245c479cf84a7a87eeb1642d0becdffc80c12a,review-only-hybrid-loftr-direct-temporal-lattice-diamond-v1,pending,False,awaiting-reviewed-reference,,,False,awaiting reviewed reference geometry,,,,
E6C4-2T,7,896,E6C4-2T.mp4,70f1db0480e60fa599157e8c0c245c479cf84a7a87eeb1642d0becdffc80c12a,review-only-hybrid-loftr-direct-temporal-lattice-diamond-v1,pending,False,awaiting-reviewed-reference,,,False,awaiting reviewed reference geometry,,,,
E6C4-2T,8,902,E6C4-2T.mp4,70f1db0480e60fa599157e8c0c245c479cf84a7a87eeb1642d0becdffc80c12a,review-only-hybrid-loftr-direct-temporal-lattice-diamond-v1,pending,False,awaiting-reviewed-reference,,,False,awaiting reviewed reference geometry,,,,
E6C4-2T,9,902,E6C4-2T.mp4,70f1db0480e60fa599157e8c0c245c479cf84a7a87eeb1642d0becdffc80c12a,review-only-hybrid-loftr-direct-temporal-lattice-diamond-v1,pending,False,awaiting-reviewed-reference,,,False,awaiting reviewed reference geometry,,,,
E6C4-2T,10,908,E6C4-2T.mp4,70f1db0480e60fa599157e8c0c245c479cf84a7a87eeb1642d0becdffc80c12a,review-only-hybrid-loftr-direct-temporal-lattice-diamond-v1,pending,False,awaiting-reviewed-reference,,,False,awaiting reviewed reference geometry,,,,
E6C4-2T,11,914,E6C4-2T.mp4,70f1db0480e60fa599157e8c0c245c479cf84a7a87eeb1642d0becdffc80c12a,review-only-hybrid-loftr-direct-temporal-lattice-diamond-v1,pending,False,awaiting-reviewed-reference,,,False,awaiting reviewed reference geometry,,,,
E6C4-2T,12,926,E6C4-2T.mp4,70f1db0480e60fa599157e8c0c245c479cf84a7a87eeb1642d0becdffc80c12a,review-only-hybrid-loftr-direct-temporal-lattice-diamond-v1,pending,False,awaiting-reviewed-reference,,,False,awaiting reviewed reference geometry,,,,
E6C4-2T,13,932,E6C4-2T.mp4,70f1db0480e60fa599157e8c0c245c479cf84a7a87eeb1642d0becdffc80c12a,review-only-hybrid-loftr-direct-temporal-lattice-diamond-v1,pending,False,awaiting-reviewed-reference,,,False,awaiting reviewed reference geometry,,,,
E6C4-2T,14,938,E6C4-2T.mp4,70f1db0480e60fa599157e8c0c245c479cf84a7a87eeb1642d0becdffc80c12a,review-only-hybrid-loftr-direct-temporal-lattice-diamond-v1,pending,False,awaiting-reviewed-reference,,,False,awaiting reviewed reference geometry,,,,
E6C4-2T,15,944,E6C4-2T.mp4,70f1db0480e60fa599157e8c0c245c479cf84a7a87eeb1642d0becdffc80c12a,review-only-hybrid-loftr-direct-temporal-lattice-diamond-v1,pending,False,awaiting-reviewed-reference,,,False,awaiting reviewed reference geometry,,,,
E6C4-2T,16,950,E6C4-2T.mp4,70f1db0480e60fa599157e8c0c245c479cf84a7a87eeb1642d0becdffc80c12a,review-only-hybrid-loftr-direct-temporal-lattice-diamond-v1,pending,False,awaiting-reviewed-reference,,,False,awaiting reviewed reference geometry,,,,
E6C4-2T,17,956,E6C4-2T.mp4,70f1db0480e60fa599157e8c0c245c479cf84a7a87eeb1642d0becdffc80c12a,review-only-hybrid-loftr-direct-temporal-lattice-diamond-v1,pending,False,awaiting-reviewed-reference,,,False,awaiting reviewed reference geometry,,,,
E6C4-2T,18,962,E6C4-2T.mp4,70f1db0480e60fa599157e8c0c245c479cf84a7a87eeb1642d0becdffc80c12a,review-only-hybrid-loftr-direct-temporal-lattice-diamond-v1,pending,False,awaiting-reviewed-reference,,,False,awaiting reviewed reference geometry,,,,
E6C4-2T,19,968,E6C4-2T.mp4,70f1db0480e60fa599157e8c0c245c479cf84a7a87eeb1642d0becdffc80c12a,review-only-hybrid-loftr-direct-temporal-lattice-diamond-v1,pending,False,awaiting-reviewed-reference,,,False,awaiting reviewed reference geometry,,,,
E6C4-2T,20,974,E6C4-2T.mp4,70f1db0480e60fa599157e8c0c245c479cf84a7a87eeb1642d0becdffc80c12a,review-only-hybrid-loftr-direct-temporal-lattice-diamond-v1,pending,False,awaiting-reviewed-reference,,,False,awaiting reviewed reference geometry,,,,
E6C4-2T,21,980,E6C4-2T.mp4,70f1db0480e60fa599157e8c0c245c479cf84a7a87eeb1642d0becdffc80c12a,review-only-hybrid-loftr-direct-temporal-lattice-diamond-v1,pending,False,awaiting-reviewed-reference,,,False,awaiting reviewed reference geometry,,,,
E6C4-2T,22,986,E6C4-2T.mp4,70f1db0480e60fa599157e8c0c245c479cf84a7a87eeb1642d0becdffc80c12a,review-only-hybrid-loftr-direct-temporal-lattice-diamond-v1,pending,False,awaiting-reviewed-reference,,,False,awaiting reviewed reference geometry,,,,
E6C4-2T,23,992,E6C4-2T.mp4,70f1db0480e60fa599157e8c0c245c479cf84a7a87eeb1642d0becdffc80c12a,review-only-hybrid-loftr-direct-temporal-lattice-diamond-v1,pending,False,awaiting-reviewed-reference,,,False,awaiting reviewed reference geometry,,,,
E6C4-2T,24,998,E6C4-2T.mp4,70f1db0480e60fa599157e8c0c245c479cf84a7a87eeb1642d0becdffc80c12a,review-only-hybrid-loftr-direct-temporal-lattice-diamond-v1,pending,False,awaiting-reviewed-reference,,,False,awaiting reviewed reference geometry,,,,
E6C4-2T,25,1004,E6C4-2T.mp4,70f1db0480e60fa599157e8c0c245c479cf84a7a87eeb1642d0becdffc80c12a,review-only-hybrid-loftr-direct-temporal-lattice-diamond-v1,pending,False,awaiting-reviewed-reference,,,False,awaiting reviewed reference geometry,,,,
E6C4-2T,26,1010,E6C4-2T.mp4,70f1db0480e60fa599157e8c0c245c479cf84a7a87eeb1642d0becdffc80c12a,review-only-hybrid-loftr-direct-temporal-lattice-diamond-v1,pending,False,awaiting-reviewed-reference,,,False,awaiting reviewed reference geometry,,,,
E6C4-2T,27,1017,E6C4-2T.mp4,70f1db0480e60fa599157e8c0c245c479cf84a7a87eeb1642d0becdffc80c12a,review-only-hybrid-loftr-direct-temporal-lattice-diamond-v1,pending,False,awaiting-reviewed-reference,,,False,awaiting reviewed reference geometry,,,,
E6C4-2T,28,1022,E6C4-2T.mp4,70f1db0480e60fa599157e8c0c245c479cf84a7a87eeb1642d0becdffc80c12a,review-only-hybrid-loftr-direct-temporal-lattice-diamond-v1,pending,False,awaiting-reviewed-reference,,,False,awaiting reviewed reference geometry,,,,
E6C4-30,1,743,E6C4-30.mp4,7bbc721380336f75c5b4343769d3b36e16fcd48d5d194918e65e08efe1640745,review-only-hybrid-loftr-direct-temporal-lattice-diamond-v1,pending,False,awaiting-reviewed-reference,,,False,awaiting reviewed reference geometry,,,,
E6C4-30,2,749,E6C4-30.mp4,7bbc721380336f75c5b4343769d3b36e16fcd48d5d194918e65e08efe1640745,review-only-hybrid-loftr-direct-temporal-lattice-diamond-v1,pending,False,awaiting-reviewed-reference,,,False,awaiting reviewed reference geometry,,,,
E6C4-30,3,750,E6C4-30.mp4,7bbc721380336f75c5b4343769d3b36e16fcd48d5d194918e65e08efe1640745,review-only-hybrid-loftr-direct-temporal-lattice-diamond-v1,pending,False,awaiting-reviewed-reference,,,False,awaiting reviewed reference geometry,,,,
E6C4-30,4,756,E6C4-30.mp4,7bbc721380336f75c5b4343769d3b36e16fcd48d5d194918e65e08efe1640745,review-only-hybrid-loftr-direct-temporal-lattice-diamond-v1,pending,False,awaiting-reviewed-reference,,,False,awaiting reviewed reference geometry,,,,
E6C4-30,5,756,E6C4-30.mp4,7bbc721380336f75c5b4343769d3b36e16fcd48d5d194918e65e08efe1640745,review-only-hybrid-loftr-direct-temporal-lattice-diamond-v1,pending,False,awaiting-reviewed-reference,,,False,awaiting reviewed reference geometry,,,,
E6C4-30,6,767,E6C4-30.mp4,7bbc721380336f75c5b4343769d3b36e16fcd48d5d194918e65e08efe1640745,review-only-hybrid-loftr-direct-temporal-lattice-diamond-v1,pending,False,awaiting-reviewed-reference,,,False,awaiting reviewed reference geometry,,,,
E6C4-30,7,773,E6C4-30.mp4,7bbc721380336f75c5b4343769d3b36e16fcd48d5d194918e65e08efe1640745,review-only-hybrid-loftr-direct-temporal-lattice-diamond-v1,pending,False,awaiting-reviewed-reference,,,False,awaiting reviewed reference geometry,,,,
E6C4-30,8,775,E6C4-30.mp4,7bbc721380336f75c5b4343769d3b36e16fcd48d5d194918e65e08efe1640745,review-only-hybrid-loftr-direct-temporal-lattice-diamond-v1,pending,False,awaiting-reviewed-reference,,,False,awaiting reviewed reference geometry,,,,
E6C4-30,9,780,E6C4-30.mp4,7bbc721380336f75c5b4343769d3b36e16fcd48d5d194918e65e08efe1640745,review-only-hybrid-loftr-direct-temporal-lattice-diamond-v1,pending,False,awaiting-reviewed-reference,,,False,awaiting reviewed reference geometry,,,,
E6C4-30,10,786,E6C4-30.mp4,7bbc721380336f75c5b4343769d3b36e16fcd48d5d194918e65e08efe1640745,review-only-hybrid-loftr-direct-temporal-lattice-diamond-v1,pending,False,awaiting-reviewed-reference,,,False,awaiting reviewed reference geometry,,,,
E6C4-30,11,792,E6C4-30.mp4,7bbc721380336f75c5b4343769d3b36e16fcd48d5d194918e65e08efe1640745,review-only-hybrid-loftr-direct-temporal-lattice-diamond-v1,pending,False,awaiting-reviewed-reference,,,False,awaiting reviewed reference geometry,,,,
E6C4-30,12,798,E6C4-30.mp4,7bbc721380336f75c5b4343769d3b36e16fcd48d5d194918e65e08efe1640745,review-only-hybrid-loftr-direct-temporal-lattice-diamond-v1,pending,False,awaiting-reviewed-reference,,,False,awaiting reviewed reference geometry,,,,
E6C4-30,13,804,E6C4-30.mp4,7bbc721380336f75c5b4343769d3b36e16fcd48d5d194918e65e08efe1640745,review-only-hybrid-loftr-direct-temporal-lattice-diamond-v1,pending,False,awaiting-reviewed-reference,,,False,awaiting reviewed reference geometry,,,,
E6C4-30,14,810,E6C4-30.mp4,7bbc721380336f75c5b4343769d3b36e16fcd48d5d194918e65e08efe1640745,review-only-hybrid-loftr-direct-temporal-lattice-diamond-v1,pending,False,awaiting-reviewed-reference,,,False,awaiting reviewed reference geometry,,,,
E6C4-30,15,816,E6C4-30.mp4,7bbc721380336f75c5b4343769d3b36e16fcd48d5d194918e65e08efe1640745,review-only-hybrid-loftr-direct-temporal-lattice-diamond-v1,pending,False,awaiting-reviewed-reference,,,False,awaiting reviewed reference geometry,,,,
E6C4-30,16,822,E6C4-30.mp4,7bbc721380336f75c5b4343769d3b36e16fcd48d5d194918e65e08efe1640745,review-only-hybrid-loftr-direct-temporal-lattice-diamond-v1,pending,False,awaiting-reviewed-reference,,,False,awaiting reviewed reference geometry,,,,
E6C4-30,17,828,E6C4-30.mp4,7bbc721380336f75c5b4343769d3b36e16fcd48d5d194918e65e08efe1640745,review-only-hybrid-loftr-direct-temporal-lattice-diamond-v1,pending,False,awaiting-reviewed-reference,,,False,awaiting reviewed reference geometry,,,,
E6C4-30,18,834,E6C4-30.mp4,7bbc721380336f75c5b4343769d3b36e16fcd48d5d194918e65e08efe1640745,review-only-hybrid-loftr-direct-temporal-lattice-diamond-v1,pending,False,awaiting-reviewed-reference,,,False,awaiting reviewed reference geometry,,,,
E6C4-30,19,840,E6C4-30.mp4,7bbc721380336f75c5b4343769d3b36e16fcd48d5d194918e65e08efe1640745,review-only-hybrid-loftr-direct-temporal-lattice-diamond-v1,pending,False,awaiting-reviewed-reference,,,False,awaiting reviewed reference geometry,,,,
E6C4-30,20,846,E6C4-30.mp4,7bbc721380336f75c5b4343769d3b36e16fcd48d5d194918e65e08efe1640745,review-only-hybrid-loftr-direct-temporal-lattice-diamond-v1,pending,False,awaiting-reviewed-reference,,,False,awaiting reviewed reference geometry,,,,
E6C4-30,21,852,E6C4-30.mp4,7bbc721380336f75c5b4343769d3b36e16fcd48d5d194918e65e08efe1640745,review-only-hybrid-loftr-direct-temporal-lattice-diamond-v1,pending,False,awaiting-reviewed-reference,,,False,awaiting reviewed reference geometry,,,,
E6C4-30,22,858,E6C4-30.mp4,7bbc721380336f75c5b4343769d3b36e16fcd48d5d194918e65e08efe1640745,review-only-hybrid-loftr-direct-temporal-lattice-diamond-v1,pending,False,awaiting-reviewed-reference,,,False,awaiting reviewed reference geometry,,,,
E6C4-30,23,864,E6C4-30.mp4,7bbc721380336f75c5b4343769d3b36e16fcd48d5d194918e65e08efe1640745,review-only-hybrid-loftr-direct-temporal-lattice-diamond-v1,pending,False,awaiting-reviewed-reference,,,False,awaiting reviewed reference geometry,,,,
E6C4-30,24,869,E6C4-30.mp4,7bbc721380336f75c5b4343769d3b36e16fcd48d5d194918e65e08efe1640745,review-only-hybrid-loftr-direct-temporal-lattice-diamond-v1,pending,False,awaiting-reviewed-reference,,,False,awaiting reviewed reference geometry,,,,
E6C4-30,25,876,E6C4-30.mp4,7bbc721380336f75c5b4343769d3b36e16fcd48d5d194918e65e08efe1640745,review-only-hybrid-loftr-direct-temporal-lattice-diamond-v1,pending,False,awaiting-reviewed-reference,,,False,awaiting reviewed reference geometry,,,,
E6C4-30,26,882,E6C4-30.mp4,7bbc721380336f75c5b4343769d3b36e16fcd48d5d194918e65e08efe1640745,review-only-hybrid-loftr-direct-temporal-lattice-diamond-v1,pending,False,awaiting-reviewed-reference,,,False,awaiting reviewed reference geometry,,,,
E6C4-30,27,888,E6C4-30.mp4,7bbc721380336f75c5b4343769d3b36e16fcd48d5d194918e65e08efe1640745,review-only-hybrid-loftr-direct-temporal-lattice-diamond-v1,pending,False,awaiting-reviewed-reference,,,False,awaiting reviewed reference geometry,,,,
E6C4-30,28,894,E6C4-30.mp4,7bbc721380336f75c5b4343769d3b36e16fcd48d5d194918e65e08efe1640745,review-only-hybrid-loftr-direct-temporal-lattice-diamond-v1,pending,False,awaiting-reviewed-reference,,,False,awaiting reviewed reference geometry,,,,
E6C4-30,29,900,E6C4-30.mp4,7bbc721380336f75c5b4343769d3b36e16fcd48d5d194918e65e08efe1640745,review-only-hybrid-loftr-direct-temporal-lattice-diamond-v1,pending,False,awaiting-reviewed-reference,,,False,awaiting reviewed reference geometry,,,,
E6C4-35,1,57,E6C4-35.mp4,1d94b5df7be3f4b04b91862b00f0ffd93d9860bdcc6c9c54435fa6544fa110b2,review-only-hybrid-loftr-direct-temporal-lattice-diamond-v1,pending,False,reviewed-spike-seed; independent target review required,57,manually-reviewed-hybrid-spike-reference-v1,False,reviewed reference seed; independent target review still required,reviewed reference seed,,,
E6C4-35,2,58,E6C4-35.mp4,1d94b5df7be3f4b04b91862b00f0ffd93d9860bdcc6c9c54435fa6544fa110b2,review-only-hybrid-loftr-direct-temporal-lattice-diamond-v1,pending,False,reviewed-spike-seed; independent target review required,57,manually-reviewed-hybrid-spike-reference-v1,True,consensus candidate; manual review required,all-feature temporal similarity chain,0.0021,2446,0.9971
E6C4-35,3,69,E6C4-35.mp4,1d94b5df7be3f4b04b91862b00f0ffd93d9860bdcc6c9c54435fa6544fa110b2,review-only-hybrid-loftr-direct-temporal-lattice-diamond-v1,pending,False,reviewed-spike-seed; independent target review required,57,manually-reviewed-hybrid-spike-reference-v1,True,consensus candidate; manual review required,all-feature temporal similarity chain,0.0341,708,0.6232
E6C4-35,4,69,E6C4-35.mp4,1d94b5df7be3f4b04b91862b00f0ffd93d9860bdcc6c9c54435fa6544fa110b2,review-only-hybrid-loftr-direct-temporal-lattice-diamond-v1,pending,False,reviewed-spike-seed; independent target review required,57,manually-reviewed-hybrid-spike-reference-v1,True,consensus candidate; manual review required,all-feature temporal similarity chain,0.0341,708,0.6232
E6C4-35,5,75,E6C4-35.mp4,1d94b5df7be3f4b04b91862b00f0ffd93d9860bdcc6c9c54435fa6544fa110b2,review-only-hybrid-loftr-direct-temporal-lattice-diamond-v1,pending,False,reviewed-spike-seed; independent target review required,57,manually-reviewed-hybrid-spike-reference-v1,True,consensus candidate; manual review required,all-feature temporal similarity chain,0.0645,540,0.5289
E6C4-35,6,81,E6C4-35.mp4,1d94b5df7be3f4b04b91862b00f0ffd93d9860bdcc6c9c54435fa6544fa110b2,review-only-hybrid-loftr-direct-temporal-lattice-diamond-v1,pending,False,reviewed-spike-seed; independent target review required,57,manually-reviewed-hybrid-spike-reference-v1,True,consensus candidate; manual review required,all-feature temporal similarity chain,0.0202,550,0.5102
E6C4-35,7,88,E6C4-35.mp4,1d94b5df7be3f4b04b91862b00f0ffd93d9860bdcc6c9c54435fa6544fa110b2,review-only-hybrid-loftr-direct-temporal-lattice-diamond-v1,pending,False,reviewed-spike-seed; independent target review required,57,manually-reviewed-hybrid-spike-reference-v1,True,consensus candidate; manual review required,all-feature temporal similarity chain,0.1067,550,0.5102
E6C4-35,8,94,E6C4-35.mp4,1d94b5df7be3f4b04b91862b00f0ffd93d9860bdcc6c9c54435fa6544fa110b2,review-only-hybrid-loftr-direct-temporal-lattice-diamond-v1,pending,False,reviewed-spike-seed; independent target review required,57,manually-reviewed-hybrid-spike-reference-v1,True,consensus candidate; manual review required,all-feature temporal similarity chain,0.0353,550,0.5102
E6C4-35,9,102,E6C4-35.mp4,1d94b5df7be3f4b04b91862b00f0ffd93d9860bdcc6c9c54435fa6544fa110b2,review-only-hybrid-loftr-direct-temporal-lattice-diamond-v1,pending,False,reviewed-spike-seed; independent target review required,57,manually-reviewed-hybrid-spike-reference-v1,True,consensus candidate; manual review required,all-feature temporal similarity chain,0.0459,550,0.5102
E6C4-35,10,105,E6C4-35.mp4,1d94b5df7be3f4b04b91862b00f0ffd93d9860bdcc6c9c54435fa6544fa110b2,review-only-hybrid-loftr-direct-temporal-lattice-diamond-v1,pending,False,reviewed-spike-seed; independent target review required,57,manually-reviewed-hybrid-spike-reference-v1,True,consensus candidate; manual review required,all-feature temporal similarity chain,0.0491,550,0.5102
E6C4-35,11,112,E6C4-35.mp4,1d94b5df7be3f4b04b91862b00f0ffd93d9860bdcc6c9c54435fa6544fa110b2,review-only-hybrid-loftr-direct-temporal-lattice-diamond-v1,pending,False,reviewed-spike-seed; independent target review required,57,manually-reviewed-hybrid-spike-reference-v1,True,consensus candidate; manual review required,all-feature temporal similarity chain,0.1608,550,0.5102
E6C4-35,12,118,E6C4-35.mp4,1d94b5df7be3f4b04b91862b00f0ffd93d9860bdcc6c9c54435fa6544fa110b2,review-only-hybrid-loftr-direct-temporal-lattice-diamond-v1,pending,False,reviewed-spike-seed; independent target review required,57,manually-reviewed-hybrid-spike-reference-v1,True,consensus candidate; manual review required,all-feature temporal similarity chain,0.0568,550,0.4744
E6C4-35,13,123,E6C4-35.mp4,1d94b5df7be3f4b04b91862b00f0ffd93d9860bdcc6c9c54435fa6544fa110b2,review-only-hybrid-loftr-direct-temporal-lattice-diamond-v1,pending,False,reviewed-spike-seed; independent target review required,57,manually-reviewed-hybrid-spike-reference-v1,True,consensus candidate; manual review required,all-feature temporal similarity chain,0.088,550,0.5102
E6C4-35,14,129,E6C4-35.mp4,1d94b5df7be3f4b04b91862b00f0ffd93d9860bdcc6c9c54435fa6544fa110b2,review-only-hybrid-loftr-direct-temporal-lattice-diamond-v1,pending,False,reviewed-spike-seed; independent target review required,57,manually-reviewed-hybrid-spike-reference-v1,True,consensus candidate; manual review required,all-feature temporal similarity chain,0.0723,550,0.5102
E6C4-35,15,135,E6C4-35.mp4,1d94b5df7be3f4b04b91862b00f0ffd93d9860bdcc6c9c54435fa6544fa110b2,review-only-hybrid-loftr-direct-temporal-lattice-diamond-v1,pending,False,reviewed-spike-seed; independent target review required,57,manually-reviewed-hybrid-spike-reference-v1,True,consensus candidate; manual review required,all-feature temporal similarity chain,0.1384,550,0.5102
E6C4-35,16,141,E6C4-35.mp4,1d94b5df7be3f4b04b91862b00f0ffd93d9860bdcc6c9c54435fa6544fa110b2,review-only-hybrid-loftr-direct-temporal-lattice-diamond-v1,pending,False,reviewed-spike-seed; independent target review required,57,manually-reviewed-hybrid-spike-reference-v1,True,consensus candidate; manual review required,all-feature temporal similarity chain,0.1047,550,0.4471
E6C4-35,17,148,E6C4-35.mp4,1d94b5df7be3f4b04b91862b00f0ffd93d9860bdcc6c9c54435fa6544fa110b2,review-only-hybrid-loftr-direct-temporal-lattice-diamond-v1,pending,False,reviewed-spike-seed; independent target review required,57,manually-reviewed-hybrid-spike-reference-v1,True,consensus candidate; manual review required,all-feature temporal similarity chain,0.0879,550,0.481
E6C4-35,18,154,E6C4-35.mp4,1d94b5df7be3f4b04b91862b00f0ffd93d9860bdcc6c9c54435fa6544fa110b2,review-only-hybrid-loftr-direct-temporal-lattice-diamond-v1,pending,False,reviewed-spike-seed; independent target review required,57,manually-reviewed-hybrid-spike-reference-v1,True,consensus candidate; manual review required,all-feature temporal similarity chain,0.1024,550,0.5102
E6C4-35,19,159,E6C4-35.mp4,1d94b5df7be3f4b04b91862b00f0ffd93d9860bdcc6c9c54435fa6544fa110b2,review-only-hybrid-loftr-direct-temporal-lattice-diamond-v1,pending,False,reviewed-spike-seed; independent target review required,57,manually-reviewed-hybrid-spike-reference-v1,True,consensus candidate; manual review required,all-feature temporal similarity chain,0.1687,550,0.5102
E6C4-35,20,165,E6C4-35.mp4,1d94b5df7be3f4b04b91862b00f0ffd93d9860bdcc6c9c54435fa6544fa110b2,review-only-hybrid-loftr-direct-temporal-lattice-diamond-v1,pending,False,reviewed-spike-seed; independent target review required,57,manually-reviewed-hybrid-spike-reference-v1,True,consensus candidate; manual review required,all-feature temporal similarity chain,0.0712,550,0.429
E6C4-35,21,171,E6C4-35.mp4,1d94b5df7be3f4b04b91862b00f0ffd93d9860bdcc6c9c54435fa6544fa110b2,review-only-hybrid-loftr-direct-temporal-lattice-diamond-v1,pending,False,reviewed-spike-seed; independent target review required,57,manually-reviewed-hybrid-spike-reference-v1,True,consensus candidate; manual review required,all-feature temporal similarity chain,0.0866,550,0.5102
E6C4-35,22,179,E6C4-35.mp4,1d94b5df7be3f4b04b91862b00f0ffd93d9860bdcc6c9c54435fa6544fa110b2,review-only-hybrid-loftr-direct-temporal-lattice-diamond-v1,pending,False,reviewed-spike-seed; independent target review required,57,manually-reviewed-hybrid-spike-reference-v1,True,consensus candidate; manual review required,all-feature temporal similarity chain,0.156,550,0.457
E6C4-35,23,190,E6C4-35.mp4,1d94b5df7be3f4b04b91862b00f0ffd93d9860bdcc6c9c54435fa6544fa110b2,review-only-hybrid-loftr-direct-temporal-lattice-diamond-v1,pending,False,reviewed-spike-seed; independent target review required,57,manually-reviewed-hybrid-spike-reference-v1,True,consensus candidate; manual review required,all-feature temporal similarity chain,0.1085,550,0.4251
E6C4-35,24,196,E6C4-35.mp4,1d94b5df7be3f4b04b91862b00f0ffd93d9860bdcc6c9c54435fa6544fa110b2,review-only-hybrid-loftr-direct-temporal-lattice-diamond-v1,pending,False,reviewed-spike-seed; independent target review required,57,manually-reviewed-hybrid-spike-reference-v1,True,consensus candidate; manual review required,all-feature temporal similarity chain,0.1323,550,0.457
E6C4-35,25,201,E6C4-35.mp4,1d94b5df7be3f4b04b91862b00f0ffd93d9860bdcc6c9c54435fa6544fa110b2,review-only-hybrid-loftr-direct-temporal-lattice-diamond-v1,pending,False,reviewed-spike-seed; independent target review required,57,manually-reviewed-hybrid-spike-reference-v1,True,consensus candidate; manual review required,all-feature temporal similarity chain,0.1671,550,0.457
E6C4-35,26,207,E6C4-35.mp4,1d94b5df7be3f4b04b91862b00f0ffd93d9860bdcc6c9c54435fa6544fa110b2,review-only-hybrid-loftr-direct-temporal-lattice-diamond-v1,pending,False,reviewed-spike-seed; independent target review required,57,manually-reviewed-hybrid-spike-reference-v1,True,consensus candidate; manual review required,all-feature temporal similarity chain,0.2369,550,0.457
E6C4-35,27,214,E6C4-35.mp4,1d94b5df7be3f4b04b91862b00f0ffd93d9860bdcc6c9c54435fa6544fa110b2,review-only-hybrid-loftr-direct-temporal-lattice-diamond-v1,pending,False,reviewed-spike-seed; independent target review required,57,manually-reviewed-hybrid-spike-reference-v1,False,rejected: direct and temporal geometry disagree,,0.38,550,0.4169
E6C4-35,28,219,E6C4-35.mp4,1d94b5df7be3f4b04b91862b00f0ffd93d9860bdcc6c9c54435fa6544fa110b2,review-only-hybrid-loftr-direct-temporal-lattice-diamond-v1,pending,False,reviewed-spike-seed; independent target review required,57,manually-reviewed-hybrid-spike-reference-v1,True,consensus candidate; manual review required,all-feature temporal similarity chain,0.1712,550,0.457
E6C4-35,29,225,E6C4-35.mp4,1d94b5df7be3f4b04b91862b00f0ffd93d9860bdcc6c9c54435fa6544fa110b2,review-only-hybrid-loftr-direct-temporal-lattice-diamond-v1,pending,False,reviewed-spike-seed; independent target review required,57,manually-reviewed-hybrid-spike-reference-v1,True,consensus candidate; manual review required,all-feature temporal similarity chain,0.1961,550,0.457
E6C4-35,30,232,E6C4-35.mp4,1d94b5df7be3f4b04b91862b00f0ffd93d9860bdcc6c9c54435fa6544fa110b2,review-only-hybrid-loftr-direct-temporal-lattice-diamond-v1,pending,False,reviewed-spike-seed; independent target review required,57,manually-reviewed-hybrid-spike-reference-v1,False,rejected: direct and temporal geometry disagree,,0.2739,550,0.457
E6C4-35,31,238,E6C4-35.mp4,1d94b5df7be3f4b04b91862b00f0ffd93d9860bdcc6c9c54435fa6544fa110b2,review-only-hybrid-loftr-direct-temporal-lattice-diamond-v1,pending,False,reviewed-spike-seed; independent target review required,57,manually-reviewed-hybrid-spike-reference-v1,False,rejected: insufficient independent diamond support,,0.2149,550,0.457
E6C4-35,32,243,E6C4-35.mp4,1d94b5df7be3f4b04b91862b00f0ffd93d9860bdcc6c9c54435fa6544fa110b2,review-only-hybrid-loftr-direct-temporal-lattice-diamond-v1,pending,False,reviewed-spike-seed; independent target review required,57,manually-reviewed-hybrid-spike-reference-v1,True,consensus candidate; manual review required,all-feature temporal similarity chain,0.1941,550,0.457
E6C4-35,33,249,E6C4-35.mp4,1d94b5df7be3f4b04b91862b00f0ffd93d9860bdcc6c9c54435fa6544fa110b2,review-only-hybrid-loftr-direct-temporal-lattice-diamond-v1,pending,False,reviewed-spike-seed; independent target review required,57,manually-reviewed-hybrid-spike-reference-v1,False,rejected: insufficient independent diamond support,,0.2311,550,0.457
E6C4-35,34,255,E6C4-35.mp4,1d94b5df7be3f4b04b91862b00f0ffd93d9860bdcc6c9c54435fa6544fa110b2,review-only-hybrid-loftr-direct-temporal-lattice-diamond-v1,pending,False,reviewed-spike-seed; independent target review required,57,manually-reviewed-hybrid-spike-reference-v1,False,rejected: direct and temporal geometry disagree,,0.2877,550,0.457
E6C4-35,35,261,E6C4-35.mp4,1d94b5df7be3f4b04b91862b00f0ffd93d9860bdcc6c9c54435fa6544fa110b2,review-only-hybrid-loftr-direct-temporal-lattice-diamond-v1,pending,False,reviewed-spike-seed; independent target review required,57,manually-reviewed-hybrid-spike-reference-v1,False,rejected: insufficient independent diamond support,,0.2143,550,0.457
E6C4-35,36,268,E6C4-35.mp4,1d94b5df7be3f4b04b91862b00f0ffd93d9860bdcc6c9c54435fa6544fa110b2,review-only-hybrid-loftr-direct-temporal-lattice-diamond-v1,pending,False,reviewed-spike-seed; independent target review required,57,manually-reviewed-hybrid-spike-reference-v1,True,consensus candidate; manual review required,all-feature temporal similarity chain,0.2229,550,0.457
E6C4-35,37,272,E6C4-35.mp4,1d94b5df7be3f4b04b91862b00f0ffd93d9860bdcc6c9c54435fa6544fa110b2,review-only-hybrid-loftr-direct-temporal-lattice-diamond-v1,pending,False,reviewed-spike-seed; independent target review required,57,manually-reviewed-hybrid-spike-reference-v1,False,rejected: direct and temporal geometry disagree,,0.268,550,0.457
E6C4-35,38,280,E6C4-35.mp4,1d94b5df7be3f4b04b91862b00f0ffd93d9860bdcc6c9c54435fa6544fa110b2,review-only-hybrid-loftr-direct-temporal-lattice-diamond-v1,pending,False,reviewed-spike-seed; independent target review required,57,manually-reviewed-hybrid-spike-reference-v1,False,rejected: direct and temporal geometry disagree,,0.2978,550,0.457
E6C4-35,39,286,E6C4-35.mp4,1d94b5df7be3f4b04b91862b00f0ffd93d9860bdcc6c9c54435fa6544fa110b2,review-only-hybrid-loftr-direct-temporal-lattice-diamond-v1,pending,False,reviewed-spike-seed; independent target review required,57,manually-reviewed-hybrid-spike-reference-v1,False,rejected: direct and temporal geometry disagree,,0.3903,550,0.457
E6C4-35,40,292,E6C4-35.mp4,1d94b5df7be3f4b04b91862b00f0ffd93d9860bdcc6c9c54435fa6544fa110b2,review-only-hybrid-loftr-direct-temporal-lattice-diamond-v1,pending,False,reviewed-spike-seed; independent target review required,57,manually-reviewed-hybrid-spike-reference-v1,False,rejected: direct and temporal geometry disagree,,0.2613,550,0.457
E6C4-35,41,298,E6C4-35.mp4,1d94b5df7be3f4b04b91862b00f0ffd93d9860bdcc6c9c54435fa6544fa110b2,review-only-hybrid-loftr-direct-temporal-lattice-diamond-v1,pending,False,reviewed-spike-seed; independent target review required,57,manually-reviewed-hybrid-spike-reference-v1,False,rejected: direct and temporal geometry disagree,,0.2782,550,0.457
E6C4-35,42,303,E6C4-35.mp4,1d94b5df7be3f4b04b91862b00f0ffd93d9860bdcc6c9c54435fa6544fa110b2,review-only-hybrid-loftr-direct-temporal-lattice-diamond-v1,pending,False,reviewed-spike-seed; independent target review required,57,manually-reviewed-hybrid-spike-reference-v1,False,rejected: direct and temporal geometry disagree,,0.3141,550,0.457
E6C4-35,43,310,E6C4-35.mp4,1d94b5df7be3f4b04b91862b00f0ffd93d9860bdcc6c9c54435fa6544fa110b2,review-only-hybrid-loftr-direct-temporal-lattice-diamond-v1,pending,False,reviewed-spike-seed; independent target review required,57,manually-reviewed-hybrid-spike-reference-v1,False,rejected: direct and temporal geometry disagree,,1.035,550,0.457
E6C4-35,44,316,E6C4-35.mp4,1d94b5df7be3f4b04b91862b00f0ffd93d9860bdcc6c9c54435fa6544fa110b2,review-only-hybrid-loftr-direct-temporal-lattice-diamond-v1,pending,False,reviewed-spike-seed; independent target review required,57,manually-reviewed-hybrid-spike-reference-v1,False,rejected: direct and temporal geometry disagree,,3.1149,550,0.457
E6C4-35,45,321,E6C4-35.mp4,1d94b5df7be3f4b04b91862b00f0ffd93d9860bdcc6c9c54435fa6544fa110b2,review-only-hybrid-loftr-direct-temporal-lattice-diamond-v1,pending,False,reviewed-spike-seed; independent target review required,57,manually-reviewed-hybrid-spike-reference-v1,False,rejected: direct and temporal geometry disagree,,0.4161,550,0.457
E6C4-35,46,328,E6C4-35.mp4,1d94b5df7be3f4b04b91862b00f0ffd93d9860bdcc6c9c54435fa6544fa110b2,review-only-hybrid-loftr-direct-temporal-lattice-diamond-v1,pending,False,reviewed-spike-seed; independent target review required,57,manually-reviewed-hybrid-spike-reference-v1,False,rejected: direct and temporal geometry disagree,,0.3788,550,0.457
E6C4-35,47,334,E6C4-35.mp4,1d94b5df7be3f4b04b91862b00f0ffd93d9860bdcc6c9c54435fa6544fa110b2,review-only-hybrid-loftr-direct-temporal-lattice-diamond-v1,pending,False,reviewed-spike-seed; independent target review required,57,manually-reviewed-hybrid-spike-reference-v1,False,rejected: direct and temporal geometry disagree,,0.2929,550,0.457
E6C4-35,48,340,E6C4-35.mp4,1d94b5df7be3f4b04b91862b00f0ffd93d9860bdcc6c9c54435fa6544fa110b2,review-only-hybrid-loftr-direct-temporal-lattice-diamond-v1,pending,False,reviewed-spike-seed; independent target review required,57,manually-reviewed-hybrid-spike-reference-v1,False,rejected: direct and temporal geometry disagree,,0.6504,550,0.457
E6C4-V,1,636,E6C4-V.mp4,79a2f25f40c55811c4856fba5ab6d970dbdc19c4f5b357c43adb6eb0a8dd16d4,review-only-hybrid-loftr-direct-temporal-lattice-diamond-v1,pending,False,awaiting-reviewed-reference,,,False,awaiting reviewed reference geometry,,,,
E6C4-V,2,642,E6C4-V.mp4,79a2f25f40c55811c4856fba5ab6d970dbdc19c4f5b357c43adb6eb0a8dd16d4,review-only-hybrid-loftr-direct-temporal-lattice-diamond-v1,pending,False,awaiting-reviewed-reference,,,False,awaiting reviewed reference geometry,,,,
E6C4-V,3,643,E6C4-V.mp4,79a2f25f40c55811c4856fba5ab6d970dbdc19c4f5b357c43adb6eb0a8dd16d4,review-only-hybrid-loftr-direct-temporal-lattice-diamond-v1,pending,False,awaiting-reviewed-reference,,,False,awaiting reviewed reference geometry,,,,
E6C4-V,4,654,E6C4-V.mp4,79a2f25f40c55811c4856fba5ab6d970dbdc19c4f5b357c43adb6eb0a8dd16d4,review-only-hybrid-loftr-direct-temporal-lattice-diamond-v1,pending,False,awaiting-reviewed-reference,,,False,awaiting reviewed reference geometry,,,,
E6C4-V,5,655,E6C4-V.mp4,79a2f25f40c55811c4856fba5ab6d970dbdc19c4f5b357c43adb6eb0a8dd16d4,review-only-hybrid-loftr-direct-temporal-lattice-diamond-v1,pending,False,awaiting-reviewed-reference,,,False,awaiting reviewed reference geometry,,,,
E6C4-V,6,665,E6C4-V.mp4,79a2f25f40c55811c4856fba5ab6d970dbdc19c4f5b357c43adb6eb0a8dd16d4,review-only-hybrid-loftr-direct-temporal-lattice-diamond-v1,pending,False,awaiting-reviewed-reference,,,False,awaiting reviewed reference geometry,,,,
E6C4-V,7,671,E6C4-V.mp4,79a2f25f40c55811c4856fba5ab6d970dbdc19c4f5b357c43adb6eb0a8dd16d4,review-only-hybrid-loftr-direct-temporal-lattice-diamond-v1,pending,False,awaiting-reviewed-reference,,,False,awaiting reviewed reference geometry,,,,
E6C4-V,8,677,E6C4-V.mp4,79a2f25f40c55811c4856fba5ab6d970dbdc19c4f5b357c43adb6eb0a8dd16d4,review-only-hybrid-loftr-direct-temporal-lattice-diamond-v1,pending,False,awaiting-reviewed-reference,,,False,awaiting reviewed reference geometry,,,,
E6C4-V,9,678,E6C4-V.mp4,79a2f25f40c55811c4856fba5ab6d970dbdc19c4f5b357c43adb6eb0a8dd16d4,review-only-hybrid-loftr-direct-temporal-lattice-diamond-v1,pending,False,awaiting-reviewed-reference,,,False,awaiting reviewed reference geometry,,,,
E6C4-V,10,689,E6C4-V.mp4,79a2f25f40c55811c4856fba5ab6d970dbdc19c4f5b357c43adb6eb0a8dd16d4,review-only-hybrid-loftr-direct-temporal-lattice-diamond-v1,pending,False,awaiting-reviewed-reference,,,False,awaiting reviewed reference geometry,,,,
E6C4-V,11,690,E6C4-V.mp4,79a2f25f40c55811c4856fba5ab6d970dbdc19c4f5b357c43adb6eb0a8dd16d4,review-only-hybrid-loftr-direct-temporal-lattice-diamond-v1,pending,False,awaiting-reviewed-reference,,,False,awaiting reviewed reference geometry,,,,
E6C4-V,12,696,E6C4-V.mp4,79a2f25f40c55811c4856fba5ab6d970dbdc19c4f5b357c43adb6eb0a8dd16d4,review-only-hybrid-loftr-direct-temporal-lattice-diamond-v1,pending,False,awaiting-reviewed-reference,,,False,awaiting reviewed reference geometry,,,,
E6C4-V,13,707,E6C4-V.mp4,79a2f25f40c55811c4856fba5ab6d970dbdc19c4f5b357c43adb6eb0a8dd16d4,review-only-hybrid-loftr-direct-temporal-lattice-diamond-v1,pending,False,awaiting-reviewed-reference,,,False,awaiting reviewed reference geometry,,,,
E6C4-V,14,708,E6C4-V.mp4,79a2f25f40c55811c4856fba5ab6d970dbdc19c4f5b357c43adb6eb0a8dd16d4,review-only-hybrid-loftr-direct-temporal-lattice-diamond-v1,pending,False,awaiting-reviewed-reference,,,False,awaiting reviewed reference geometry,,,,
E6C4-V,15,717,E6C4-V.mp4,79a2f25f40c55811c4856fba5ab6d970dbdc19c4f5b357c43adb6eb0a8dd16d4,review-only-hybrid-loftr-direct-temporal-lattice-diamond-v1,pending,False,awaiting-reviewed-reference,,,False,awaiting reviewed reference geometry,,,,
E6C4-V,16,720,E6C4-V.mp4,79a2f25f40c55811c4856fba5ab6d970dbdc19c4f5b357c43adb6eb0a8dd16d4,review-only-hybrid-loftr-direct-temporal-lattice-diamond-v1,pending,False,awaiting-reviewed-reference,,,False,awaiting reviewed reference geometry,,,,
E6C4-V,17,728,E6C4-V.mp4,79a2f25f40c55811c4856fba5ab6d970dbdc19c4f5b357c43adb6eb0a8dd16d4,review-only-hybrid-loftr-direct-temporal-lattice-diamond-v1,pending,False,awaiting-reviewed-reference,,,False,awaiting reviewed reference geometry,,,,
E6C4-V,18,732,E6C4-V.mp4,79a2f25f40c55811c4856fba5ab6d970dbdc19c4f5b357c43adb6eb0a8dd16d4,review-only-hybrid-loftr-direct-temporal-lattice-diamond-v1,pending,False,awaiting-reviewed-reference,,,False,awaiting reviewed reference geometry,,,,
E6C4-V,19,738,E6C4-V.mp4,79a2f25f40c55811c4856fba5ab6d970dbdc19c4f5b357c43adb6eb0a8dd16d4,review-only-hybrid-loftr-direct-temporal-lattice-diamond-v1,pending,False,awaiting-reviewed-reference,,,False,awaiting reviewed reference geometry,,,,
E6C4-V,20,744,E6C4-V.mp4,79a2f25f40c55811c4856fba5ab6d970dbdc19c4f5b357c43adb6eb0a8dd16d4,review-only-hybrid-loftr-direct-temporal-lattice-diamond-v1,pending,False,awaiting-reviewed-reference,,,False,awaiting reviewed reference geometry,,,,
E6C4-V,21,751,E6C4-V.mp4,79a2f25f40c55811c4856fba5ab6d970dbdc19c4f5b357c43adb6eb0a8dd16d4,review-only-hybrid-loftr-direct-temporal-lattice-diamond-v1,pending,False,awaiting-reviewed-reference,,,False,awaiting reviewed reference geometry,,,,
E6C4-V,22,756,E6C4-V.mp4,79a2f25f40c55811c4856fba5ab6d970dbdc19c4f5b357c43adb6eb0a8dd16d4,review-only-hybrid-loftr-direct-temporal-lattice-diamond-v1,pending,False,awaiting-reviewed-reference,,,False,awaiting reviewed reference geometry,,,,
E6C4-V,23,762,E6C4-V.mp4,79a2f25f40c55811c4856fba5ab6d970dbdc19c4f5b357c43adb6eb0a8dd16d4,review-only-hybrid-loftr-direct-temporal-lattice-diamond-v1,pending,False,awaiting-reviewed-reference,,,False,awaiting reviewed reference geometry,,,,
E6C4-V,24,768,E6C4-V.mp4,79a2f25f40c55811c4856fba5ab6d970dbdc19c4f5b357c43adb6eb0a8dd16d4,review-only-hybrid-loftr-direct-temporal-lattice-diamond-v1,pending,False,awaiting-reviewed-reference,,,False,awaiting reviewed reference geometry,,,,
E6C5-N,1,1105,E6C5-N.mp4,712babc98d4330c16a072ca1929792c33f5f07c7565858411310c8853eb7913a,review-only-hybrid-loftr-direct-temporal-lattice-diamond-v1,pending,False,awaiting-reviewed-reference,,,False,awaiting reviewed reference geometry,,,,
E6C5-N,2,1107,E6C5-N.mp4,712babc98d4330c16a072ca1929792c33f5f07c7565858411310c8853eb7913a,review-only-hybrid-loftr-direct-temporal-lattice-diamond-v1,pending,False,awaiting-reviewed-reference,,,False,awaiting reviewed reference geometry,,,,
E6C5-N,3,1112,E6C5-N.mp4,712babc98d4330c16a072ca1929792c33f5f07c7565858411310c8853eb7913a,review-only-hybrid-loftr-direct-temporal-lattice-diamond-v1,pending,False,awaiting-reviewed-reference,,,False,awaiting reviewed reference geometry,,,,
E6C5-N,4,1118,E6C5-N.mp4,712babc98d4330c16a072ca1929792c33f5f07c7565858411310c8853eb7913a,review-only-hybrid-loftr-direct-temporal-lattice-diamond-v1,pending,False,awaiting-reviewed-reference,,,False,awaiting reviewed reference geometry,,,,
E6C5-N,5,1124,E6C5-N.mp4,712babc98d4330c16a072ca1929792c33f5f07c7565858411310c8853eb7913a,review-only-hybrid-loftr-direct-temporal-lattice-diamond-v1,pending,False,awaiting-reviewed-reference,,,False,awaiting reviewed reference geometry,,,,
E6C5-N,6,1130,E6C5-N.mp4,712babc98d4330c16a072ca1929792c33f5f07c7565858411310c8853eb7913a,review-only-hybrid-loftr-direct-temporal-lattice-diamond-v1,pending,False,awaiting-reviewed-reference,,,False,awaiting reviewed reference geometry,,,,
E6C5-N,7,1136,E6C5-N.mp4,712babc98d4330c16a072ca1929792c33f5f07c7565858411310c8853eb7913a,review-only-hybrid-loftr-direct-temporal-lattice-diamond-v1,pending,False,awaiting-reviewed-reference,,,False,awaiting reviewed reference geometry,,,,
E6C5-N,8,1142,E6C5-N.mp4,712babc98d4330c16a072ca1929792c33f5f07c7565858411310c8853eb7913a,review-only-hybrid-loftr-direct-temporal-lattice-diamond-v1,pending,False,awaiting-reviewed-reference,,,False,awaiting reviewed reference geometry,,,,
E6C5-N,9,1148,E6C5-N.mp4,712babc98d4330c16a072ca1929792c33f5f07c7565858411310c8853eb7913a,review-only-hybrid-loftr-direct-temporal-lattice-diamond-v1,pending,False,awaiting-reviewed-reference,,,False,awaiting reviewed reference geometry,,,,
E6C5-N,10,1154,E6C5-N.mp4,712babc98d4330c16a072ca1929792c33f5f07c7565858411310c8853eb7913a,review-only-hybrid-loftr-direct-temporal-lattice-diamond-v1,pending,False,awaiting-reviewed-reference,,,False,awaiting reviewed reference geometry,,,,
E6C5-N,11,1160,E6C5-N.mp4,712babc98d4330c16a072ca1929792c33f5f07c7565858411310c8853eb7913a,review-only-hybrid-loftr-direct-temporal-lattice-diamond-v1,pending,False,awaiting-reviewed-reference,,,False,awaiting reviewed reference geometry,,,,
E6C5-N,12,1166,E6C5-N.mp4,712babc98d4330c16a072ca1929792c33f5f07c7565858411310c8853eb7913a,review-only-hybrid-loftr-direct-temporal-lattice-diamond-v1,pending,False,awaiting-reviewed-reference,,,False,awaiting reviewed reference geometry,,,,
E6C5-N,13,1173,E6C5-N.mp4,712babc98d4330c16a072ca1929792c33f5f07c7565858411310c8853eb7913a,review-only-hybrid-loftr-direct-temporal-lattice-diamond-v1,pending,False,awaiting-reviewed-reference,,,False,awaiting reviewed reference geometry,,,,
E6C5-N,14,1178,E6C5-N.mp4,712babc98d4330c16a072ca1929792c33f5f07c7565858411310c8853eb7913a,review-only-hybrid-loftr-direct-temporal-lattice-diamond-v1,pending,False,awaiting-reviewed-reference,,,False,awaiting reviewed reference geometry,,,,
E6C5-N,15,1184,E6C5-N.mp4,712babc98d4330c16a072ca1929792c33f5f07c7565858411310c8853eb7913a,review-only-hybrid-loftr-direct-temporal-lattice-diamond-v1,pending,False,awaiting-reviewed-reference,,,False,awaiting reviewed reference geometry,,,,
E6C5-N,16,1190,E6C5-N.mp4,712babc98d4330c16a072ca1929792c33f5f07c7565858411310c8853eb7913a,review-only-hybrid-loftr-direct-temporal-lattice-diamond-v1,pending,False,awaiting-reviewed-reference,,,False,awaiting reviewed reference geometry,,,,
Youtube_1,1,49,Youtube_1.mp4,d43b43e0f4bad09e9fdec79a43d960b23ee0a11ccc4aee34f26387232b9f1ae1,review-only-hybrid-loftr-direct-temporal-lattice-diamond-v1,pending,False,awaiting-reviewed-reference,,,False,awaiting reviewed reference geometry,,,,
Youtube_1,2,53,Youtube_1.mp4,d43b43e0f4bad09e9fdec79a43d960b23ee0a11ccc4aee34f26387232b9f1ae1,review-only-hybrid-loftr-direct-temporal-lattice-diamond-v1,pending,False,awaiting-reviewed-reference,,,False,awaiting reviewed reference geometry,,,,
Youtube_1,3,54,Youtube_1.mp4,d43b43e0f4bad09e9fdec79a43d960b23ee0a11ccc4aee34f26387232b9f1ae1,review-only-hybrid-loftr-direct-temporal-lattice-diamond-v1,pending,False,awaiting-reviewed-reference,,,False,awaiting reviewed reference geometry,,,,
Youtube_1,4,59,Youtube_1.mp4,d43b43e0f4bad09e9fdec79a43d960b23ee0a11ccc4aee34f26387232b9f1ae1,review-only-hybrid-loftr-direct-temporal-lattice-diamond-v1,pending,False,awaiting-reviewed-reference,,,False,awaiting reviewed reference geometry,,,,
Youtube_1,5,64,Youtube_1.mp4,d43b43e0f4bad09e9fdec79a43d960b23ee0a11ccc4aee34f26387232b9f1ae1,review-only-hybrid-loftr-direct-temporal-lattice-diamond-v1,pending,False,awaiting-reviewed-reference,,,False,awaiting reviewed reference geometry,,,,
Youtube_1,6,67,Youtube_1.mp4,d43b43e0f4bad09e9fdec79a43d960b23ee0a11ccc4aee34f26387232b9f1ae1,review-only-hybrid-loftr-direct-temporal-lattice-diamond-v1,pending,False,awaiting-reviewed-reference,,,False,awaiting reviewed reference geometry,,,,
Youtube_1,7,72,Youtube_1.mp4,d43b43e0f4bad09e9fdec79a43d960b23ee0a11ccc4aee34f26387232b9f1ae1,review-only-hybrid-loftr-direct-temporal-lattice-diamond-v1,pending,False,awaiting-reviewed-reference,,,False,awaiting reviewed reference geometry,,,,
Youtube_1,8,78,Youtube_1.mp4,d43b43e0f4bad09e9fdec79a43d960b23ee0a11ccc4aee34f26387232b9f1ae1,review-only-hybrid-loftr-direct-temporal-lattice-diamond-v1,pending,False,awaiting-reviewed-reference,,,False,awaiting reviewed reference geometry,,,,
Youtube_1,9,81,Youtube_1.mp4,d43b43e0f4bad09e9fdec79a43d960b23ee0a11ccc4aee34f26387232b9f1ae1,review-only-hybrid-loftr-direct-temporal-lattice-diamond-v1,pending,False,awaiting-reviewed-reference,,,False,awaiting reviewed reference geometry,,,,
Youtube_1,10,86,Youtube_1.mp4,d43b43e0f4bad09e9fdec79a43d960b23ee0a11ccc4aee34f26387232b9f1ae1,review-only-hybrid-loftr-direct-temporal-lattice-diamond-v1,pending,False,awaiting-reviewed-reference,,,False,awaiting reviewed reference geometry,,,,
Youtube_1,11,92,Youtube_1.mp4,d43b43e0f4bad09e9fdec79a43d960b23ee0a11ccc4aee34f26387232b9f1ae1,review-only-hybrid-loftr-direct-temporal-lattice-diamond-v1,pending,False,awaiting-reviewed-reference,,,False,awaiting reviewed reference geometry,,,,
Youtube_1,12,95,Youtube_1.mp4,d43b43e0f4bad09e9fdec79a43d960b23ee0a11ccc4aee34f26387232b9f1ae1,review-only-hybrid-loftr-direct-temporal-lattice-diamond-v1,pending,False,awaiting-reviewed-reference,,,False,awaiting reviewed reference geometry,,,,
Youtube_1,13,101,Youtube_1.mp4,d43b43e0f4bad09e9fdec79a43d960b23ee0a11ccc4aee34f26387232b9f1ae1,review-only-hybrid-loftr-direct-temporal-lattice-diamond-v1,pending,False,awaiting-reviewed-reference,,,False,awaiting reviewed reference geometry,,,,
Youtube_1,14,105,Youtube_1.mp4,d43b43e0f4bad09e9fdec79a43d960b23ee0a11ccc4aee34f26387232b9f1ae1,review-only-hybrid-loftr-direct-temporal-lattice-diamond-v1,pending,False,awaiting-reviewed-reference,,,False,awaiting reviewed reference geometry,,,,
Youtube_1,15,109,Youtube_1.mp4,d43b43e0f4bad09e9fdec79a43d960b23ee0a11ccc4aee34f26387232b9f1ae1,review-only-hybrid-loftr-direct-temporal-lattice-diamond-v1,pending,False,awaiting-reviewed-reference,,,False,awaiting reviewed reference geometry,,,,
Youtube_1,16,115,Youtube_1.mp4,d43b43e0f4bad09e9fdec79a43d960b23ee0a11ccc4aee34f26387232b9f1ae1,review-only-hybrid-loftr-direct-temporal-lattice-diamond-v1,pending,False,awaiting-reviewed-reference,,,False,awaiting reviewed reference geometry,,,,
